[2025-09-01 23:13:15] local.ERROR: The command "sqlite3 "${:LARAVEL_LOAD_DATABASE}" < "${:LARAVEL_LOAD_PATH}"" failed.

Exit Code: -1073741819(Unknown error)

Working directory: F:\Coding\Web\Laravel\agenda\agenda

Output:
================


Error Output:
================
 {"exception":"[object] (Symfony\\Component\\Process\\Exception\\ProcessFailedException(code: 0): The command \"sqlite3 \"${:LARAVEL_LOAD_DATABASE}\" < \"${:LARAVEL_LOAD_PATH}\"\" failed.

Exit Code: -1073741819(Unknown error)

Working directory: F:\\Coding\\Web\\Laravel\\agenda\\agenda

Output:
================


Error Output:
================
 at F:\\Coding\\Web\\Laravel\\agenda\\agenda\\vendor\\symfony\\process\\Process.php:269)
[stacktrace]
#0 F:\\Coding\\Web\\Laravel\\agenda\\agenda\\vendor\\laravel\\framework\\src\\Illuminate\\Database\\Schema\\SqliteSchemaState.php(76): Symfony\\Component\\Process\\Process->mustRun(NULL, Array)
#1 F:\\Coding\\Web\\Laravel\\agenda\\agenda\\vendor\\laravel\\framework\\src\\Illuminate\\Database\\Console\\Migrations\\MigrateCommand.php(310): Illuminate\\Database\\Schema\\SqliteSchemaState->load('F:\\\\Coding\\\\Web\\\\L...')
#2 F:\\Coding\\Web\\Laravel\\agenda\\agenda\\vendor\\laravel\\framework\\src\\Illuminate\\Console\\View\\Components\\Task.php(41): Illuminate\\Database\\Console\\Migrations\\MigrateCommand->Illuminate\\Database\\Console\\Migrations\\{closure}()
#3 F:\\Coding\\Web\\Laravel\\agenda\\agenda\\vendor\\laravel\\framework\\src\\Illuminate\\Console\\View\\Components\\Factory.php(59): Illuminate\\Console\\View\\Components\\Task->render('F:\\\\Coding\\\\Web\\\\L...', Object(Closure))
#4 F:\\Coding\\Web\\Laravel\\agenda\\agenda\\vendor\\laravel\\framework\\src\\Illuminate\\Database\\Console\\Migrations\\MigrateCommand.php(302): Illuminate\\Console\\View\\Components\\Factory->__call('task', Array)
#5 F:\\Coding\\Web\\Laravel\\agenda\\agenda\\vendor\\laravel\\framework\\src\\Illuminate\\Database\\Console\\Migrations\\MigrateCommand.php(153): Illuminate\\Database\\Console\\Migrations\\MigrateCommand->loadSchemaState()
#6 F:\\Coding\\Web\\Laravel\\agenda\\agenda\\vendor\\laravel\\framework\\src\\Illuminate\\Database\\Console\\Migrations\\MigrateCommand.php(110): Illuminate\\Database\\Console\\Migrations\\MigrateCommand->prepareDatabase()
#7 F:\\Coding\\Web\\Laravel\\agenda\\agenda\\vendor\\laravel\\framework\\src\\Illuminate\\Database\\Migrations\\Migrator.php(665): Illuminate\\Database\\Console\\Migrations\\MigrateCommand->Illuminate\\Database\\Console\\Migrations\\{closure}()
#8 F:\\Coding\\Web\\Laravel\\agenda\\agenda\\vendor\\laravel\\framework\\src\\Illuminate\\Database\\Console\\Migrations\\MigrateCommand.php(109): Illuminate\\Database\\Migrations\\Migrator->usingConnection(NULL, Object(Closure))
#9 F:\\Coding\\Web\\Laravel\\agenda\\agenda\\vendor\\laravel\\framework\\src\\Illuminate\\Database\\Console\\Migrations\\MigrateCommand.php(88): Illuminate\\Database\\Console\\Migrations\\MigrateCommand->runMigrations()
#10 F:\\Coding\\Web\\Laravel\\agenda\\agenda\\vendor\\laravel\\framework\\src\\Illuminate\\Container\\BoundMethod.php(36): Illuminate\\Database\\Console\\Migrations\\MigrateCommand->handle()
#11 F:\\Coding\\Web\\Laravel\\agenda\\agenda\\vendor\\laravel\\framework\\src\\Illuminate\\Container\\Util.php(43): Illuminate\\Container\\BoundMethod::Illuminate\\Container\\{closure}()
#12 F:\\Coding\\Web\\Laravel\\agenda\\agenda\\vendor\\laravel\\framework\\src\\Illuminate\\Container\\BoundMethod.php(96): Illuminate\\Container\\Util::unwrapIfClosure(Object(Closure))
#13 F:\\Coding\\Web\\Laravel\\agenda\\agenda\\vendor\\laravel\\framework\\src\\Illuminate\\Container\\BoundMethod.php(35): Illuminate\\Container\\BoundMethod::callBoundMethod(Object(Illuminate\\Foundation\\Application), Array, Object(Closure))
#14 F:\\Coding\\Web\\Laravel\\agenda\\agenda\\vendor\\laravel\\framework\\src\\Illuminate\\Container\\Container.php(754): Illuminate\\Container\\BoundMethod::call(Object(Illuminate\\Foundation\\Application), Array, Array, NULL)
#15 F:\\Coding\\Web\\Laravel\\agenda\\agenda\\vendor\\laravel\\framework\\src\\Illuminate\\Console\\Command.php(211): Illuminate\\Container\\Container->call(Array)
#16 F:\\Coding\\Web\\Laravel\\agenda\\agenda\\vendor\\symfony\\console\\Command\\Command.php(318): Illuminate\\Console\\Command->execute(Object(Symfony\\Component\\Console\\Input\\ArgvInput), Object(Illuminate\\Console\\OutputStyle))
#17 F:\\Coding\\Web\\Laravel\\agenda\\agenda\\vendor\\laravel\\framework\\src\\Illuminate\\Console\\Command.php(180): Symfony\\Component\\Console\\Command\\Command->run(Object(Symfony\\Component\\Console\\Input\\ArgvInput), Object(Illuminate\\Console\\OutputStyle))
#18 F:\\Coding\\Web\\Laravel\\agenda\\agenda\\vendor\\symfony\\console\\Application.php(1092): Illuminate\\Console\\Command->run(Object(Symfony\\Component\\Console\\Input\\ArgvInput), Object(Symfony\\Component\\Console\\Output\\ConsoleOutput))
#19 F:\\Coding\\Web\\Laravel\\agenda\\agenda\\vendor\\symfony\\console\\Application.php(341): Symfony\\Component\\Console\\Application->doRunCommand(Object(Illuminate\\Database\\Console\\Migrations\\MigrateCommand), Object(Symfony\\Component\\Console\\Input\\ArgvInput), Object(Symfony\\Component\\Console\\Output\\ConsoleOutput))
#20 F:\\Coding\\Web\\Laravel\\agenda\\agenda\\vendor\\symfony\\console\\Application.php(192): Symfony\\Component\\Console\\Application->doRun(Object(Symfony\\Component\\Console\\Input\\ArgvInput), Object(Symfony\\Component\\Console\\Output\\ConsoleOutput))
#21 F:\\Coding\\Web\\Laravel\\agenda\\agenda\\vendor\\laravel\\framework\\src\\Illuminate\\Foundation\\Console\\Kernel.php(197): Symfony\\Component\\Console\\Application->run(Object(Symfony\\Component\\Console\\Input\\ArgvInput), Object(Symfony\\Component\\Console\\Output\\ConsoleOutput))
#22 F:\\Coding\\Web\\Laravel\\agenda\\agenda\\vendor\\laravel\\framework\\src\\Illuminate\\Foundation\\Application.php(1234): Illuminate\\Foundation\\Console\\Kernel->handle(Object(Symfony\\Component\\Console\\Input\\ArgvInput), Object(Symfony\\Component\\Console\\Output\\ConsoleOutput))
#23 F:\\Coding\\Web\\Laravel\\agenda\\agenda\\artisan(16): Illuminate\\Foundation\\Application->handleCommand(Object(Symfony\\Component\\Console\\Input\\ArgvInput))
#24 {main}
"} 
[2025-09-08 23:53:44] local.ERROR: Method App\Livewire\CalendarAdmin::getTimeOptions does not exist. (View: F:\Coding\Web\Laravel\agenda\agenda\resources\views\partials\modal-create.blade.php) (View: F:\Coding\Web\Laravel\agenda\agenda\resources\views\partials\modal-create.blade.php) {"userId":1,"exception":"[object] (Illuminate\\View\\ViewException(code: 0): Method App\\Livewire\\CalendarAdmin::getTimeOptions does not exist. (View: F:\\Coding\\Web\\Laravel\\agenda\\agenda\\resources\\views\\partials\\modal-create.blade.php) (View: F:\\Coding\\Web\\Laravel\\agenda\\agenda\\resources\\views\\partials\\modal-create.blade.php) at F:\\Coding\\Web\\Laravel\\agenda\\agenda\\vendor\\livewire\\livewire\\src\\Component.php:136)
[stacktrace]
#0 F:\\Coding\\Web\\Laravel\\agenda\\agenda\\vendor\\livewire\\livewire\\src\\Mechanisms\\ExtendBlade\\ExtendedCompilerEngine.php(58): Illuminate\\View\\Engines\\CompilerEngine->handleViewException(Object(Illuminate\\View\\ViewException), 1)
#1 F:\\Coding\\Web\\Laravel\\agenda\\agenda\\vendor\\livewire\\livewire\\src\\Mechanisms\\ExtendBlade\\ExtendedCompilerEngine.php(40): Livewire\\Mechanisms\\ExtendBlade\\ExtendedCompilerEngine->handleViewException(Object(Illuminate\\View\\ViewException), 1)
#2 F:\\Coding\\Web\\Laravel\\agenda\\agenda\\vendor\\laravel\\framework\\src\\Illuminate\\View\\Engines\\CompilerEngine.php(76): Livewire\\Mechanisms\\ExtendBlade\\ExtendedCompilerEngine->evaluatePath('F:\\\\Coding\\\\Web\\\\L...', Array)
#3 F:\\Coding\\Web\\Laravel\\agenda\\agenda\\vendor\\livewire\\livewire\\src\\Mechanisms\\ExtendBlade\\ExtendedCompilerEngine.php(16): Illuminate\\View\\Engines\\CompilerEngine->get('F:\\\\Coding\\\\Web\\\\L...', Array)
#4 F:\\Coding\\Web\\Laravel\\agenda\\agenda\\vendor\\laravel\\framework\\src\\Illuminate\\View\\View.php(208): Livewire\\Mechanisms\\ExtendBlade\\ExtendedCompilerEngine->get('F:\\\\Coding\\\\Web\\\\L...', Array)
#5 F:\\Coding\\Web\\Laravel\\agenda\\agenda\\vendor\\laravel\\framework\\src\\Illuminate\\View\\View.php(191): Illuminate\\View\\View->getContents()
#6 F:\\Coding\\Web\\Laravel\\agenda\\agenda\\vendor\\laravel\\framework\\src\\Illuminate\\View\\View.php(160): Illuminate\\View\\View->renderContents()
#7 F:\\Coding\\Web\\Laravel\\agenda\\agenda\\vendor\\livewire\\livewire\\src\\Mechanisms\\HandleComponents\\HandleComponents.php(259): Illuminate\\View\\View->render(Object(Closure))
#8 F:\\Coding\\Web\\Laravel\\agenda\\agenda\\vendor\\livewire\\livewire\\src\\Mechanisms\\HandleComponents\\HandleComponents.php(303): Livewire\\Mechanisms\\HandleComponents\\HandleComponents->Livewire\\Mechanisms\\HandleComponents\\{closure}()
#9 F:\\Coding\\Web\\Laravel\\agenda\\agenda\\vendor\\livewire\\livewire\\src\\Mechanisms\\HandleComponents\\HandleComponents.php(251): Livewire\\Mechanisms\\HandleComponents\\HandleComponents->trackInRenderStack(Object(App\\Livewire\\CalendarAdmin), Object(Closure))
#10 F:\\Coding\\Web\\Laravel\\agenda\\agenda\\vendor\\livewire\\livewire\\src\\Mechanisms\\HandleComponents\\HandleComponents.php(104): Livewire\\Mechanisms\\HandleComponents\\HandleComponents->render(Object(App\\Livewire\\CalendarAdmin))
#11 F:\\Coding\\Web\\Laravel\\agenda\\agenda\\vendor\\livewire\\livewire\\src\\LivewireManager.php(102): Livewire\\Mechanisms\\HandleComponents\\HandleComponents->update(Array, Array, Array)
#12 F:\\Coding\\Web\\Laravel\\agenda\\agenda\\vendor\\livewire\\volt\\src\\LivewireManager.php(35): Livewire\\LivewireManager->update(Array, Array, Array)
#13 F:\\Coding\\Web\\Laravel\\agenda\\agenda\\vendor\\livewire\\livewire\\src\\Mechanisms\\HandleRequests\\HandleRequests.php(94): Livewire\\Volt\\LivewireManager->update(Array, Array, Array)
#14 F:\\Coding\\Web\\Laravel\\agenda\\agenda\\vendor\\laravel\\framework\\src\\Illuminate\\Routing\\ControllerDispatcher.php(46): Livewire\\Mechanisms\\HandleRequests\\HandleRequests->handleUpdate()
#15 F:\\Coding\\Web\\Laravel\\agenda\\agenda\\vendor\\laravel\\framework\\src\\Illuminate\\Routing\\Route.php(265): Illuminate\\Routing\\ControllerDispatcher->dispatch(Object(Illuminate\\Routing\\Route), Object(Livewire\\Mechanisms\\HandleRequests\\HandleRequests), 'handleUpdate')
#16 F:\\Coding\\Web\\Laravel\\agenda\\agenda\\vendor\\laravel\\framework\\src\\Illuminate\\Routing\\Route.php(211): Illuminate\\Routing\\Route->runController()
#17 F:\\Coding\\Web\\Laravel\\agenda\\agenda\\vendor\\laravel\\framework\\src\\Illuminate\\Routing\\Router.php(808): Illuminate\\Routing\\Route->run()
#18 F:\\Coding\\Web\\Laravel\\agenda\\agenda\\vendor\\laravel\\framework\\src\\Illuminate\\Pipeline\\Pipeline.php(169): Illuminate\\Routing\\Router->Illuminate\\Routing\\{closure}(Object(Illuminate\\Http\\Request))
#19 F:\\Coding\\Web\\Laravel\\agenda\\agenda\\vendor\\laravel\\framework\\src\\Illuminate\\Routing\\Middleware\\SubstituteBindings.php(50): Illuminate\\Pipeline\\Pipeline->Illuminate\\Pipeline\\{closure}(Object(Illuminate\\Http\\Request))
#20 F:\\Coding\\Web\\Laravel\\agenda\\agenda\\vendor\\laravel\\framework\\src\\Illuminate\\Pipeline\\Pipeline.php(208): Illuminate\\Routing\\Middleware\\SubstituteBindings->handle(Object(Illuminate\\Http\\Request), Object(Closure))
#21 F:\\Coding\\Web\\Laravel\\agenda\\agenda\\vendor\\laravel\\framework\\src\\Illuminate\\Foundation\\Http\\Middleware\\VerifyCsrfToken.php(87): Illuminate\\Pipeline\\Pipeline->Illuminate\\Pipeline\\{closure}(Object(Illuminate\\Http\\Request))
#22 F:\\Coding\\Web\\Laravel\\agenda\\agenda\\vendor\\laravel\\framework\\src\\Illuminate\\Pipeline\\Pipeline.php(208): Illuminate\\Foundation\\Http\\Middleware\\VerifyCsrfToken->handle(Object(Illuminate\\Http\\Request), Object(Closure))
#23 F:\\Coding\\Web\\Laravel\\agenda\\agenda\\vendor\\laravel\\framework\\src\\Illuminate\\View\\Middleware\\ShareErrorsFromSession.php(48): Illuminate\\Pipeline\\Pipeline->Illuminate\\Pipeline\\{closure}(Object(Illuminate\\Http\\Request))
#24 F:\\Coding\\Web\\Laravel\\agenda\\agenda\\vendor\\laravel\\framework\\src\\Illuminate\\Pipeline\\Pipeline.php(208): Illuminate\\View\\Middleware\\ShareErrorsFromSession->handle(Object(Illuminate\\Http\\Request), Object(Closure))
#25 F:\\Coding\\Web\\Laravel\\agenda\\agenda\\vendor\\laravel\\framework\\src\\Illuminate\\Session\\Middleware\\StartSession.php(120): Illuminate\\Pipeline\\Pipeline->Illuminate\\Pipeline\\{closure}(Object(Illuminate\\Http\\Request))
#26 F:\\Coding\\Web\\Laravel\\agenda\\agenda\\vendor\\laravel\\framework\\src\\Illuminate\\Session\\Middleware\\StartSession.php(63): Illuminate\\Session\\Middleware\\StartSession->handleStatefulRequest(Object(Illuminate\\Http\\Request), Object(Illuminate\\Session\\Store), Object(Closure))
#27 F:\\Coding\\Web\\Laravel\\agenda\\agenda\\vendor\\laravel\\framework\\src\\Illuminate\\Pipeline\\Pipeline.php(208): Illuminate\\Session\\Middleware\\StartSession->handle(Object(Illuminate\\Http\\Request), Object(Closure))
#28 F:\\Coding\\Web\\Laravel\\agenda\\agenda\\vendor\\laravel\\framework\\src\\Illuminate\\Cookie\\Middleware\\AddQueuedCookiesToResponse.php(36): Illuminate\\Pipeline\\Pipeline->Illuminate\\Pipeline\\{closure}(Object(Illuminate\\Http\\Request))
#29 F:\\Coding\\Web\\Laravel\\agenda\\agenda\\vendor\\laravel\\framework\\src\\Illuminate\\Pipeline\\Pipeline.php(208): Illuminate\\Cookie\\Middleware\\AddQueuedCookiesToResponse->handle(Object(Illuminate\\Http\\Request), Object(Closure))
#30 F:\\Coding\\Web\\Laravel\\agenda\\agenda\\vendor\\laravel\\framework\\src\\Illuminate\\Cookie\\Middleware\\EncryptCookies.php(74): Illuminate\\Pipeline\\Pipeline->Illuminate\\Pipeline\\{closure}(Object(Illuminate\\Http\\Request))
#31 F:\\Coding\\Web\\Laravel\\agenda\\agenda\\vendor\\laravel\\framework\\src\\Illuminate\\Pipeline\\Pipeline.php(208): Illuminate\\Cookie\\Middleware\\EncryptCookies->handle(Object(Illuminate\\Http\\Request), Object(Closure))
#32 F:\\Coding\\Web\\Laravel\\agenda\\agenda\\vendor\\laravel\\framework\\src\\Illuminate\\Pipeline\\Pipeline.php(126): Illuminate\\Pipeline\\Pipeline->Illuminate\\Pipeline\\{closure}(Object(Illuminate\\Http\\Request))
#33 F:\\Coding\\Web\\Laravel\\agenda\\agenda\\vendor\\laravel\\framework\\src\\Illuminate\\Routing\\Router.php(807): Illuminate\\Pipeline\\Pipeline->then(Object(Closure))
#34 F:\\Coding\\Web\\Laravel\\agenda\\agenda\\vendor\\laravel\\framework\\src\\Illuminate\\Routing\\Router.php(786): Illuminate\\Routing\\Router->runRouteWithinStack(Object(Illuminate\\Routing\\Route), Object(Illuminate\\Http\\Request))
#35 F:\\Coding\\Web\\Laravel\\agenda\\agenda\\vendor\\laravel\\framework\\src\\Illuminate\\Routing\\Router.php(750): Illuminate\\Routing\\Router->runRoute(Object(Illuminate\\Http\\Request), Object(Illuminate\\Routing\\Route))
#36 F:\\Coding\\Web\\Laravel\\agenda\\agenda\\vendor\\laravel\\framework\\src\\Illuminate\\Routing\\Router.php(739): Illuminate\\Routing\\Router->dispatchToRoute(Object(Illuminate\\Http\\Request))
#37 F:\\Coding\\Web\\Laravel\\agenda\\agenda\\vendor\\laravel\\framework\\src\\Illuminate\\Foundation\\Http\\Kernel.php(200): Illuminate\\Routing\\Router->dispatch(Object(Illuminate\\Http\\Request))
#38 F:\\Coding\\Web\\Laravel\\agenda\\agenda\\vendor\\laravel\\framework\\src\\Illuminate\\Pipeline\\Pipeline.php(169): Illuminate\\Foundation\\Http\\Kernel->Illuminate\\Foundation\\Http\\{closure}(Object(Illuminate\\Http\\Request))
#39 F:\\Coding\\Web\\Laravel\\agenda\\agenda\\vendor\\livewire\\livewire\\src\\Features\\SupportDisablingBackButtonCache\\DisableBackButtonCacheMiddleware.php(19): Illuminate\\Pipeline\\Pipeline->Illuminate\\Pipeline\\{closure}(Object(Illuminate\\Http\\Request))
#40 F:\\Coding\\Web\\Laravel\\agenda\\agenda\\vendor\\laravel\\framework\\src\\Illuminate\\Pipeline\\Pipeline.php(208): Livewire\\Features\\SupportDisablingBackButtonCache\\DisableBackButtonCacheMiddleware->handle(Object(Illuminate\\Http\\Request), Object(Closure))
#41 F:\\Coding\\Web\\Laravel\\agenda\\agenda\\vendor\\laravel\\framework\\src\\Illuminate\\Foundation\\Http\\Middleware\\ConvertEmptyStringsToNull.php(27): Illuminate\\Pipeline\\Pipeline->Illuminate\\Pipeline\\{closure}(Object(Illuminate\\Http\\Request))
#42 F:\\Coding\\Web\\Laravel\\agenda\\agenda\\vendor\\laravel\\framework\\src\\Illuminate\\Pipeline\\Pipeline.php(208): Illuminate\\Foundation\\Http\\Middleware\\ConvertEmptyStringsToNull->handle(Object(Illuminate\\Http\\Request), Object(Closure))
#43 F:\\Coding\\Web\\Laravel\\agenda\\agenda\\vendor\\laravel\\framework\\src\\Illuminate\\Foundation\\Http\\Middleware\\TrimStrings.php(47): Illuminate\\Pipeline\\Pipeline->Illuminate\\Pipeline\\{closure}(Object(Illuminate\\Http\\Request))
#44 F:\\Coding\\Web\\Laravel\\agenda\\agenda\\vendor\\laravel\\framework\\src\\Illuminate\\Pipeline\\Pipeline.php(208): Illuminate\\Foundation\\Http\\Middleware\\TrimStrings->handle(Object(Illuminate\\Http\\Request), Object(Closure))
#45 F:\\Coding\\Web\\Laravel\\agenda\\agenda\\vendor\\laravel\\framework\\src\\Illuminate\\Http\\Middleware\\ValidatePostSize.php(27): Illuminate\\Pipeline\\Pipeline->Illuminate\\Pipeline\\{closure}(Object(Illuminate\\Http\\Request))
#46 F:\\Coding\\Web\\Laravel\\agenda\\agenda\\vendor\\laravel\\framework\\src\\Illuminate\\Pipeline\\Pipeline.php(208): Illuminate\\Http\\Middleware\\ValidatePostSize->handle(Object(Illuminate\\Http\\Request), Object(Closure))
#47 F:\\Coding\\Web\\Laravel\\agenda\\agenda\\vendor\\laravel\\framework\\src\\Illuminate\\Foundation\\Http\\Middleware\\PreventRequestsDuringMaintenance.php(109): Illuminate\\Pipeline\\Pipeline->Illuminate\\Pipeline\\{closure}(Object(Illuminate\\Http\\Request))
#48 F:\\Coding\\Web\\Laravel\\agenda\\agenda\\vendor\\laravel\\framework\\src\\Illuminate\\Pipeline\\Pipeline.php(208): Illuminate\\Foundation\\Http\\Middleware\\PreventRequestsDuringMaintenance->handle(Object(Illuminate\\Http\\Request), Object(Closure))
#49 F:\\Coding\\Web\\Laravel\\agenda\\agenda\\vendor\\laravel\\framework\\src\\Illuminate\\Http\\Middleware\\HandleCors.php(48): Illuminate\\Pipeline\\Pipeline->Illuminate\\Pipeline\\{closure}(Object(Illuminate\\Http\\Request))
#50 F:\\Coding\\Web\\Laravel\\agenda\\agenda\\vendor\\laravel\\framework\\src\\Illuminate\\Pipeline\\Pipeline.php(208): Illuminate\\Http\\Middleware\\HandleCors->handle(Object(Illuminate\\Http\\Request), Object(Closure))
#51 F:\\Coding\\Web\\Laravel\\agenda\\agenda\\vendor\\laravel\\framework\\src\\Illuminate\\Http\\Middleware\\TrustProxies.php(58): Illuminate\\Pipeline\\Pipeline->Illuminate\\Pipeline\\{closure}(Object(Illuminate\\Http\\Request))
#52 F:\\Coding\\Web\\Laravel\\agenda\\agenda\\vendor\\laravel\\framework\\src\\Illuminate\\Pipeline\\Pipeline.php(208): Illuminate\\Http\\Middleware\\TrustProxies->handle(Object(Illuminate\\Http\\Request), Object(Closure))
#53 F:\\Coding\\Web\\Laravel\\agenda\\agenda\\vendor\\laravel\\framework\\src\\Illuminate\\Foundation\\Http\\Middleware\\InvokeDeferredCallbacks.php(22): Illuminate\\Pipeline\\Pipeline->Illuminate\\Pipeline\\{closure}(Object(Illuminate\\Http\\Request))
#54 F:\\Coding\\Web\\Laravel\\agenda\\agenda\\vendor\\laravel\\framework\\src\\Illuminate\\Pipeline\\Pipeline.php(208): Illuminate\\Foundation\\Http\\Middleware\\InvokeDeferredCallbacks->handle(Object(Illuminate\\Http\\Request), Object(Closure))
#55 F:\\Coding\\Web\\Laravel\\agenda\\agenda\\vendor\\laravel\\framework\\src\\Illuminate\\Http\\Middleware\\ValidatePathEncoding.php(26): Illuminate\\Pipeline\\Pipeline->Illuminate\\Pipeline\\{closure}(Object(Illuminate\\Http\\Request))
#56 F:\\Coding\\Web\\Laravel\\agenda\\agenda\\vendor\\laravel\\framework\\src\\Illuminate\\Pipeline\\Pipeline.php(208): Illuminate\\Http\\Middleware\\ValidatePathEncoding->handle(Object(Illuminate\\Http\\Request), Object(Closure))
#57 F:\\Coding\\Web\\Laravel\\agenda\\agenda\\vendor\\laravel\\framework\\src\\Illuminate\\Pipeline\\Pipeline.php(126): Illuminate\\Pipeline\\Pipeline->Illuminate\\Pipeline\\{closure}(Object(Illuminate\\Http\\Request))
#58 F:\\Coding\\Web\\Laravel\\agenda\\agenda\\vendor\\laravel\\framework\\src\\Illuminate\\Foundation\\Http\\Kernel.php(175): Illuminate\\Pipeline\\Pipeline->then(Object(Closure))
#59 F:\\Coding\\Web\\Laravel\\agenda\\agenda\\vendor\\laravel\\framework\\src\\Illuminate\\Foundation\\Http\\Kernel.php(144): Illuminate\\Foundation\\Http\\Kernel->sendRequestThroughRouter(Object(Illuminate\\Http\\Request))
#60 F:\\Coding\\Web\\Laravel\\agenda\\agenda\\vendor\\laravel\\framework\\src\\Illuminate\\Foundation\\Application.php(1219): Illuminate\\Foundation\\Http\\Kernel->handle(Object(Illuminate\\Http\\Request))
#61 F:\\Coding\\Web\\Laravel\\agenda\\agenda\\public\\index.php(20): Illuminate\\Foundation\\Application->handleRequest(Object(Illuminate\\Http\\Request))
#62 F:\\Coding\\Web\\Laravel\\agenda\\agenda\\vendor\\laravel\\framework\\src\\Illuminate\\Foundation\\resources\\server.php(23): require_once('F:\\\\Coding\\\\Web\\\\L...')
#63 {main}

[previous exception] [object] (Illuminate\\View\\ViewException(code: 0): Method App\\Livewire\\CalendarAdmin::getTimeOptions does not exist. (View: F:\\Coding\\Web\\Laravel\\agenda\\agenda\\resources\\views\\partials\\modal-create.blade.php) at F:\\Coding\\Web\\Laravel\\agenda\\agenda\\vendor\\livewire\\livewire\\src\\Component.php:136)
[stacktrace]
#0 F:\\Coding\\Web\\Laravel\\agenda\\agenda\\vendor\\livewire\\livewire\\src\\Mechanisms\\ExtendBlade\\ExtendedCompilerEngine.php(58): Illuminate\\View\\Engines\\CompilerEngine->handleViewException(Object(BadMethodCallException), 2)
#1 F:\\Coding\\Web\\Laravel\\agenda\\agenda\\vendor\\livewire\\livewire\\src\\Mechanisms\\ExtendBlade\\ExtendedCompilerEngine.php(40): Livewire\\Mechanisms\\ExtendBlade\\ExtendedCompilerEngine->handleViewException(Object(BadMethodCallException), 2)
#2 F:\\Coding\\Web\\Laravel\\agenda\\agenda\\vendor\\laravel\\framework\\src\\Illuminate\\View\\Engines\\CompilerEngine.php(76): Livewire\\Mechanisms\\ExtendBlade\\ExtendedCompilerEngine->evaluatePath('F:\\\\Coding\\\\Web\\\\L...', Array)
#3 F:\\Coding\\Web\\Laravel\\agenda\\agenda\\vendor\\livewire\\livewire\\src\\Mechanisms\\ExtendBlade\\ExtendedCompilerEngine.php(16): Illuminate\\View\\Engines\\CompilerEngine->get('F:\\\\Coding\\\\Web\\\\L...', Array)
#4 F:\\Coding\\Web\\Laravel\\agenda\\agenda\\vendor\\laravel\\framework\\src\\Illuminate\\View\\View.php(208): Livewire\\Mechanisms\\ExtendBlade\\ExtendedCompilerEngine->get('F:\\\\Coding\\\\Web\\\\L...', Array)
#5 F:\\Coding\\Web\\Laravel\\agenda\\agenda\\vendor\\laravel\\framework\\src\\Illuminate\\View\\View.php(191): Illuminate\\View\\View->getContents()
#6 F:\\Coding\\Web\\Laravel\\agenda\\agenda\\vendor\\laravel\\framework\\src\\Illuminate\\View\\View.php(160): Illuminate\\View\\View->renderContents()
#7 F:\\Coding\\Web\\Laravel\\agenda\\agenda\\storage\\framework\\views\\2402510ce86b8be5b981a90d88f2e006.php(17): Illuminate\\View\\View->render()
#8 F:\\Coding\\Web\\Laravel\\agenda\\agenda\\vendor\\livewire\\livewire\\src\\Mechanisms\\ExtendBlade\\ExtendedCompilerEngine.php(37): include('F:\\\\Coding\\\\Web\\\\L...')
#9 F:\\Coding\\Web\\Laravel\\agenda\\agenda\\vendor\\livewire\\livewire\\src\\Mechanisms\\ExtendBlade\\ExtendedCompilerEngine.php(38): App\\Livewire\\CalendarAdmin->Livewire\\Mechanisms\\ExtendBlade\\{closure}()
#10 F:\\Coding\\Web\\Laravel\\agenda\\agenda\\vendor\\laravel\\framework\\src\\Illuminate\\View\\Engines\\CompilerEngine.php(76): Livewire\\Mechanisms\\ExtendBlade\\ExtendedCompilerEngine->evaluatePath('F:\\\\Coding\\\\Web\\\\L...', Array)
#11 F:\\Coding\\Web\\Laravel\\agenda\\agenda\\vendor\\livewire\\livewire\\src\\Mechanisms\\ExtendBlade\\ExtendedCompilerEngine.php(16): Illuminate\\View\\Engines\\CompilerEngine->get('F:\\\\Coding\\\\Web\\\\L...', Array)
#12 F:\\Coding\\Web\\Laravel\\agenda\\agenda\\vendor\\laravel\\framework\\src\\Illuminate\\View\\View.php(208): Livewire\\Mechanisms\\ExtendBlade\\ExtendedCompilerEngine->get('F:\\\\Coding\\\\Web\\\\L...', Array)
#13 F:\\Coding\\Web\\Laravel\\agenda\\agenda\\vendor\\laravel\\framework\\src\\Illuminate\\View\\View.php(191): Illuminate\\View\\View->getContents()
#14 F:\\Coding\\Web\\Laravel\\agenda\\agenda\\vendor\\laravel\\framework\\src\\Illuminate\\View\\View.php(160): Illuminate\\View\\View->renderContents()
#15 F:\\Coding\\Web\\Laravel\\agenda\\agenda\\vendor\\livewire\\livewire\\src\\Mechanisms\\HandleComponents\\HandleComponents.php(259): Illuminate\\View\\View->render(Object(Closure))
#16 F:\\Coding\\Web\\Laravel\\agenda\\agenda\\vendor\\livewire\\livewire\\src\\Mechanisms\\HandleComponents\\HandleComponents.php(303): Livewire\\Mechanisms\\HandleComponents\\HandleComponents->Livewire\\Mechanisms\\HandleComponents\\{closure}()
#17 F:\\Coding\\Web\\Laravel\\agenda\\agenda\\vendor\\livewire\\livewire\\src\\Mechanisms\\HandleComponents\\HandleComponents.php(251): Livewire\\Mechanisms\\HandleComponents\\HandleComponents->trackInRenderStack(Object(App\\Livewire\\CalendarAdmin), Object(Closure))
#18 F:\\Coding\\Web\\Laravel\\agenda\\agenda\\vendor\\livewire\\livewire\\src\\Mechanisms\\HandleComponents\\HandleComponents.php(104): Livewire\\Mechanisms\\HandleComponents\\HandleComponents->render(Object(App\\Livewire\\CalendarAdmin))
#19 F:\\Coding\\Web\\Laravel\\agenda\\agenda\\vendor\\livewire\\livewire\\src\\LivewireManager.php(102): Livewire\\Mechanisms\\HandleComponents\\HandleComponents->update(Array, Array, Array)
#20 F:\\Coding\\Web\\Laravel\\agenda\\agenda\\vendor\\livewire\\volt\\src\\LivewireManager.php(35): Livewire\\LivewireManager->update(Array, Array, Array)
#21 F:\\Coding\\Web\\Laravel\\agenda\\agenda\\vendor\\livewire\\livewire\\src\\Mechanisms\\HandleRequests\\HandleRequests.php(94): Livewire\\Volt\\LivewireManager->update(Array, Array, Array)
#22 F:\\Coding\\Web\\Laravel\\agenda\\agenda\\vendor\\laravel\\framework\\src\\Illuminate\\Routing\\ControllerDispatcher.php(46): Livewire\\Mechanisms\\HandleRequests\\HandleRequests->handleUpdate()
#23 F:\\Coding\\Web\\Laravel\\agenda\\agenda\\vendor\\laravel\\framework\\src\\Illuminate\\Routing\\Route.php(265): Illuminate\\Routing\\ControllerDispatcher->dispatch(Object(Illuminate\\Routing\\Route), Object(Livewire\\Mechanisms\\HandleRequests\\HandleRequests), 'handleUpdate')
#24 F:\\Coding\\Web\\Laravel\\agenda\\agenda\\vendor\\laravel\\framework\\src\\Illuminate\\Routing\\Route.php(211): Illuminate\\Routing\\Route->runController()
#25 F:\\Coding\\Web\\Laravel\\agenda\\agenda\\vendor\\laravel\\framework\\src\\Illuminate\\Routing\\Router.php(808): Illuminate\\Routing\\Route->run()
#26 F:\\Coding\\Web\\Laravel\\agenda\\agenda\\vendor\\laravel\\framework\\src\\Illuminate\\Pipeline\\Pipeline.php(169): Illuminate\\Routing\\Router->Illuminate\\Routing\\{closure}(Object(Illuminate\\Http\\Request))
#27 F:\\Coding\\Web\\Laravel\\agenda\\agenda\\vendor\\laravel\\framework\\src\\Illuminate\\Routing\\Middleware\\SubstituteBindings.php(50): Illuminate\\Pipeline\\Pipeline->Illuminate\\Pipeline\\{closure}(Object(Illuminate\\Http\\Request))
#28 F:\\Coding\\Web\\Laravel\\agenda\\agenda\\vendor\\laravel\\framework\\src\\Illuminate\\Pipeline\\Pipeline.php(208): Illuminate\\Routing\\Middleware\\SubstituteBindings->handle(Object(Illuminate\\Http\\Request), Object(Closure))
#29 F:\\Coding\\Web\\Laravel\\agenda\\agenda\\vendor\\laravel\\framework\\src\\Illuminate\\Foundation\\Http\\Middleware\\VerifyCsrfToken.php(87): Illuminate\\Pipeline\\Pipeline->Illuminate\\Pipeline\\{closure}(Object(Illuminate\\Http\\Request))
#30 F:\\Coding\\Web\\Laravel\\agenda\\agenda\\vendor\\laravel\\framework\\src\\Illuminate\\Pipeline\\Pipeline.php(208): Illuminate\\Foundation\\Http\\Middleware\\VerifyCsrfToken->handle(Object(Illuminate\\Http\\Request), Object(Closure))
#31 F:\\Coding\\Web\\Laravel\\agenda\\agenda\\vendor\\laravel\\framework\\src\\Illuminate\\View\\Middleware\\ShareErrorsFromSession.php(48): Illuminate\\Pipeline\\Pipeline->Illuminate\\Pipeline\\{closure}(Object(Illuminate\\Http\\Request))
#32 F:\\Coding\\Web\\Laravel\\agenda\\agenda\\vendor\\laravel\\framework\\src\\Illuminate\\Pipeline\\Pipeline.php(208): Illuminate\\View\\Middleware\\ShareErrorsFromSession->handle(Object(Illuminate\\Http\\Request), Object(Closure))
#33 F:\\Coding\\Web\\Laravel\\agenda\\agenda\\vendor\\laravel\\framework\\src\\Illuminate\\Session\\Middleware\\StartSession.php(120): Illuminate\\Pipeline\\Pipeline->Illuminate\\Pipeline\\{closure}(Object(Illuminate\\Http\\Request))
#34 F:\\Coding\\Web\\Laravel\\agenda\\agenda\\vendor\\laravel\\framework\\src\\Illuminate\\Session\\Middleware\\StartSession.php(63): Illuminate\\Session\\Middleware\\StartSession->handleStatefulRequest(Object(Illuminate\\Http\\Request), Object(Illuminate\\Session\\Store), Object(Closure))
#35 F:\\Coding\\Web\\Laravel\\agenda\\agenda\\vendor\\laravel\\framework\\src\\Illuminate\\Pipeline\\Pipeline.php(208): Illuminate\\Session\\Middleware\\StartSession->handle(Object(Illuminate\\Http\\Request), Object(Closure))
#36 F:\\Coding\\Web\\Laravel\\agenda\\agenda\\vendor\\laravel\\framework\\src\\Illuminate\\Cookie\\Middleware\\AddQueuedCookiesToResponse.php(36): Illuminate\\Pipeline\\Pipeline->Illuminate\\Pipeline\\{closure}(Object(Illuminate\\Http\\Request))
#37 F:\\Coding\\Web\\Laravel\\agenda\\agenda\\vendor\\laravel\\framework\\src\\Illuminate\\Pipeline\\Pipeline.php(208): Illuminate\\Cookie\\Middleware\\AddQueuedCookiesToResponse->handle(Object(Illuminate\\Http\\Request), Object(Closure))
#38 F:\\Coding\\Web\\Laravel\\agenda\\agenda\\vendor\\laravel\\framework\\src\\Illuminate\\Cookie\\Middleware\\EncryptCookies.php(74): Illuminate\\Pipeline\\Pipeline->Illuminate\\Pipeline\\{closure}(Object(Illuminate\\Http\\Request))
#39 F:\\Coding\\Web\\Laravel\\agenda\\agenda\\vendor\\laravel\\framework\\src\\Illuminate\\Pipeline\\Pipeline.php(208): Illuminate\\Cookie\\Middleware\\EncryptCookies->handle(Object(Illuminate\\Http\\Request), Object(Closure))
#40 F:\\Coding\\Web\\Laravel\\agenda\\agenda\\vendor\\laravel\\framework\\src\\Illuminate\\Pipeline\\Pipeline.php(126): Illuminate\\Pipeline\\Pipeline->Illuminate\\Pipeline\\{closure}(Object(Illuminate\\Http\\Request))
#41 F:\\Coding\\Web\\Laravel\\agenda\\agenda\\vendor\\laravel\\framework\\src\\Illuminate\\Routing\\Router.php(807): Illuminate\\Pipeline\\Pipeline->then(Object(Closure))
#42 F:\\Coding\\Web\\Laravel\\agenda\\agenda\\vendor\\laravel\\framework\\src\\Illuminate\\Routing\\Router.php(786): Illuminate\\Routing\\Router->runRouteWithinStack(Object(Illuminate\\Routing\\Route), Object(Illuminate\\Http\\Request))
#43 F:\\Coding\\Web\\Laravel\\agenda\\agenda\\vendor\\laravel\\framework\\src\\Illuminate\\Routing\\Router.php(750): Illuminate\\Routing\\Router->runRoute(Object(Illuminate\\Http\\Request), Object(Illuminate\\Routing\\Route))
#44 F:\\Coding\\Web\\Laravel\\agenda\\agenda\\vendor\\laravel\\framework\\src\\Illuminate\\Routing\\Router.php(739): Illuminate\\Routing\\Router->dispatchToRoute(Object(Illuminate\\Http\\Request))
#45 F:\\Coding\\Web\\Laravel\\agenda\\agenda\\vendor\\laravel\\framework\\src\\Illuminate\\Foundation\\Http\\Kernel.php(200): Illuminate\\Routing\\Router->dispatch(Object(Illuminate\\Http\\Request))
#46 F:\\Coding\\Web\\Laravel\\agenda\\agenda\\vendor\\laravel\\framework\\src\\Illuminate\\Pipeline\\Pipeline.php(169): Illuminate\\Foundation\\Http\\Kernel->Illuminate\\Foundation\\Http\\{closure}(Object(Illuminate\\Http\\Request))
#47 F:\\Coding\\Web\\Laravel\\agenda\\agenda\\vendor\\livewire\\livewire\\src\\Features\\SupportDisablingBackButtonCache\\DisableBackButtonCacheMiddleware.php(19): Illuminate\\Pipeline\\Pipeline->Illuminate\\Pipeline\\{closure}(Object(Illuminate\\Http\\Request))
#48 F:\\Coding\\Web\\Laravel\\agenda\\agenda\\vendor\\laravel\\framework\\src\\Illuminate\\Pipeline\\Pipeline.php(208): Livewire\\Features\\SupportDisablingBackButtonCache\\DisableBackButtonCacheMiddleware->handle(Object(Illuminate\\Http\\Request), Object(Closure))
#49 F:\\Coding\\Web\\Laravel\\agenda\\agenda\\vendor\\laravel\\framework\\src\\Illuminate\\Foundation\\Http\\Middleware\\ConvertEmptyStringsToNull.php(27): Illuminate\\Pipeline\\Pipeline->Illuminate\\Pipeline\\{closure}(Object(Illuminate\\Http\\Request))
#50 F:\\Coding\\Web\\Laravel\\agenda\\agenda\\vendor\\laravel\\framework\\src\\Illuminate\\Pipeline\\Pipeline.php(208): Illuminate\\Foundation\\Http\\Middleware\\ConvertEmptyStringsToNull->handle(Object(Illuminate\\Http\\Request), Object(Closure))
#51 F:\\Coding\\Web\\Laravel\\agenda\\agenda\\vendor\\laravel\\framework\\src\\Illuminate\\Foundation\\Http\\Middleware\\TrimStrings.php(47): Illuminate\\Pipeline\\Pipeline->Illuminate\\Pipeline\\{closure}(Object(Illuminate\\Http\\Request))
#52 F:\\Coding\\Web\\Laravel\\agenda\\agenda\\vendor\\laravel\\framework\\src\\Illuminate\\Pipeline\\Pipeline.php(208): Illuminate\\Foundation\\Http\\Middleware\\TrimStrings->handle(Object(Illuminate\\Http\\Request), Object(Closure))
#53 F:\\Coding\\Web\\Laravel\\agenda\\agenda\\vendor\\laravel\\framework\\src\\Illuminate\\Http\\Middleware\\ValidatePostSize.php(27): Illuminate\\Pipeline\\Pipeline->Illuminate\\Pipeline\\{closure}(Object(Illuminate\\Http\\Request))
#54 F:\\Coding\\Web\\Laravel\\agenda\\agenda\\vendor\\laravel\\framework\\src\\Illuminate\\Pipeline\\Pipeline.php(208): Illuminate\\Http\\Middleware\\ValidatePostSize->handle(Object(Illuminate\\Http\\Request), Object(Closure))
#55 F:\\Coding\\Web\\Laravel\\agenda\\agenda\\vendor\\laravel\\framework\\src\\Illuminate\\Foundation\\Http\\Middleware\\PreventRequestsDuringMaintenance.php(109): Illuminate\\Pipeline\\Pipeline->Illuminate\\Pipeline\\{closure}(Object(Illuminate\\Http\\Request))
#56 F:\\Coding\\Web\\Laravel\\agenda\\agenda\\vendor\\laravel\\framework\\src\\Illuminate\\Pipeline\\Pipeline.php(208): Illuminate\\Foundation\\Http\\Middleware\\PreventRequestsDuringMaintenance->handle(Object(Illuminate\\Http\\Request), Object(Closure))
#57 F:\\Coding\\Web\\Laravel\\agenda\\agenda\\vendor\\laravel\\framework\\src\\Illuminate\\Http\\Middleware\\HandleCors.php(48): Illuminate\\Pipeline\\Pipeline->Illuminate\\Pipeline\\{closure}(Object(Illuminate\\Http\\Request))
#58 F:\\Coding\\Web\\Laravel\\agenda\\agenda\\vendor\\laravel\\framework\\src\\Illuminate\\Pipeline\\Pipeline.php(208): Illuminate\\Http\\Middleware\\HandleCors->handle(Object(Illuminate\\Http\\Request), Object(Closure))
#59 F:\\Coding\\Web\\Laravel\\agenda\\agenda\\vendor\\laravel\\framework\\src\\Illuminate\\Http\\Middleware\\TrustProxies.php(58): Illuminate\\Pipeline\\Pipeline->Illuminate\\Pipeline\\{closure}(Object(Illuminate\\Http\\Request))
#60 F:\\Coding\\Web\\Laravel\\agenda\\agenda\\vendor\\laravel\\framework\\src\\Illuminate\\Pipeline\\Pipeline.php(208): Illuminate\\Http\\Middleware\\TrustProxies->handle(Object(Illuminate\\Http\\Request), Object(Closure))
#61 F:\\Coding\\Web\\Laravel\\agenda\\agenda\\vendor\\laravel\\framework\\src\\Illuminate\\Foundation\\Http\\Middleware\\InvokeDeferredCallbacks.php(22): Illuminate\\Pipeline\\Pipeline->Illuminate\\Pipeline\\{closure}(Object(Illuminate\\Http\\Request))
#62 F:\\Coding\\Web\\Laravel\\agenda\\agenda\\vendor\\laravel\\framework\\src\\Illuminate\\Pipeline\\Pipeline.php(208): Illuminate\\Foundation\\Http\\Middleware\\InvokeDeferredCallbacks->handle(Object(Illuminate\\Http\\Request), Object(Closure))
#63 F:\\Coding\\Web\\Laravel\\agenda\\agenda\\vendor\\laravel\\framework\\src\\Illuminate\\Http\\Middleware\\ValidatePathEncoding.php(26): Illuminate\\Pipeline\\Pipeline->Illuminate\\Pipeline\\{closure}(Object(Illuminate\\Http\\Request))
#64 F:\\Coding\\Web\\Laravel\\agenda\\agenda\\vendor\\laravel\\framework\\src\\Illuminate\\Pipeline\\Pipeline.php(208): Illuminate\\Http\\Middleware\\ValidatePathEncoding->handle(Object(Illuminate\\Http\\Request), Object(Closure))
#65 F:\\Coding\\Web\\Laravel\\agenda\\agenda\\vendor\\laravel\\framework\\src\\Illuminate\\Pipeline\\Pipeline.php(126): Illuminate\\Pipeline\\Pipeline->Illuminate\\Pipeline\\{closure}(Object(Illuminate\\Http\\Request))
#66 F:\\Coding\\Web\\Laravel\\agenda\\agenda\\vendor\\laravel\\framework\\src\\Illuminate\\Foundation\\Http\\Kernel.php(175): Illuminate\\Pipeline\\Pipeline->then(Object(Closure))
#67 F:\\Coding\\Web\\Laravel\\agenda\\agenda\\vendor\\laravel\\framework\\src\\Illuminate\\Foundation\\Http\\Kernel.php(144): Illuminate\\Foundation\\Http\\Kernel->sendRequestThroughRouter(Object(Illuminate\\Http\\Request))
#68 F:\\Coding\\Web\\Laravel\\agenda\\agenda\\vendor\\laravel\\framework\\src\\Illuminate\\Foundation\\Application.php(1219): Illuminate\\Foundation\\Http\\Kernel->handle(Object(Illuminate\\Http\\Request))
#69 F:\\Coding\\Web\\Laravel\\agenda\\agenda\\public\\index.php(20): Illuminate\\Foundation\\Application->handleRequest(Object(Illuminate\\Http\\Request))
#70 F:\\Coding\\Web\\Laravel\\agenda\\agenda\\vendor\\laravel\\framework\\src\\Illuminate\\Foundation\\resources\\server.php(23): require_once('F:\\\\Coding\\\\Web\\\\L...')
#71 {main}

[previous exception] [object] (BadMethodCallException(code: 0): Method App\\Livewire\\CalendarAdmin::getTimeOptions does not exist. at F:\\Coding\\Web\\Laravel\\agenda\\agenda\\vendor\\livewire\\livewire\\src\\Component.php:136)
[stacktrace]
#0 F:\\Coding\\Web\\Laravel\\agenda\\agenda\\storage\\framework\\views\\c552173cff25057dfa4cae194d5a5944.php(83): Livewire\\Component->__call('getTimeOptions', Array)
#1 F:\\Coding\\Web\\Laravel\\agenda\\agenda\\vendor\\livewire\\livewire\\src\\Mechanisms\\ExtendBlade\\ExtendedCompilerEngine.php(37): include('F:\\\\Coding\\\\Web\\\\L...')
#2 F:\\Coding\\Web\\Laravel\\agenda\\agenda\\vendor\\livewire\\livewire\\src\\Mechanisms\\ExtendBlade\\ExtendedCompilerEngine.php(38): App\\Livewire\\CalendarAdmin->Livewire\\Mechanisms\\ExtendBlade\\{closure}()
#3 F:\\Coding\\Web\\Laravel\\agenda\\agenda\\vendor\\laravel\\framework\\src\\Illuminate\\View\\Engines\\CompilerEngine.php(76): Livewire\\Mechanisms\\ExtendBlade\\ExtendedCompilerEngine->evaluatePath('F:\\\\Coding\\\\Web\\\\L...', Array)
#4 F:\\Coding\\Web\\Laravel\\agenda\\agenda\\vendor\\livewire\\livewire\\src\\Mechanisms\\ExtendBlade\\ExtendedCompilerEngine.php(16): Illuminate\\View\\Engines\\CompilerEngine->get('F:\\\\Coding\\\\Web\\\\L...', Array)
#5 F:\\Coding\\Web\\Laravel\\agenda\\agenda\\vendor\\laravel\\framework\\src\\Illuminate\\View\\View.php(208): Livewire\\Mechanisms\\ExtendBlade\\ExtendedCompilerEngine->get('F:\\\\Coding\\\\Web\\\\L...', Array)
#6 F:\\Coding\\Web\\Laravel\\agenda\\agenda\\vendor\\laravel\\framework\\src\\Illuminate\\View\\View.php(191): Illuminate\\View\\View->getContents()
#7 F:\\Coding\\Web\\Laravel\\agenda\\agenda\\vendor\\laravel\\framework\\src\\Illuminate\\View\\View.php(160): Illuminate\\View\\View->renderContents()
#8 F:\\Coding\\Web\\Laravel\\agenda\\agenda\\storage\\framework\\views\\2402510ce86b8be5b981a90d88f2e006.php(17): Illuminate\\View\\View->render()
#9 F:\\Coding\\Web\\Laravel\\agenda\\agenda\\vendor\\livewire\\livewire\\src\\Mechanisms\\ExtendBlade\\ExtendedCompilerEngine.php(37): include('F:\\\\Coding\\\\Web\\\\L...')
#10 F:\\Coding\\Web\\Laravel\\agenda\\agenda\\vendor\\livewire\\livewire\\src\\Mechanisms\\ExtendBlade\\ExtendedCompilerEngine.php(38): App\\Livewire\\CalendarAdmin->Livewire\\Mechanisms\\ExtendBlade\\{closure}()
#11 F:\\Coding\\Web\\Laravel\\agenda\\agenda\\vendor\\laravel\\framework\\src\\Illuminate\\View\\Engines\\CompilerEngine.php(76): Livewire\\Mechanisms\\ExtendBlade\\ExtendedCompilerEngine->evaluatePath('F:\\\\Coding\\\\Web\\\\L...', Array)
#12 F:\\Coding\\Web\\Laravel\\agenda\\agenda\\vendor\\livewire\\livewire\\src\\Mechanisms\\ExtendBlade\\ExtendedCompilerEngine.php(16): Illuminate\\View\\Engines\\CompilerEngine->get('F:\\\\Coding\\\\Web\\\\L...', Array)
#13 F:\\Coding\\Web\\Laravel\\agenda\\agenda\\vendor\\laravel\\framework\\src\\Illuminate\\View\\View.php(208): Livewire\\Mechanisms\\ExtendBlade\\ExtendedCompilerEngine->get('F:\\\\Coding\\\\Web\\\\L...', Array)
#14 F:\\Coding\\Web\\Laravel\\agenda\\agenda\\vendor\\laravel\\framework\\src\\Illuminate\\View\\View.php(191): Illuminate\\View\\View->getContents()
#15 F:\\Coding\\Web\\Laravel\\agenda\\agenda\\vendor\\laravel\\framework\\src\\Illuminate\\View\\View.php(160): Illuminate\\View\\View->renderContents()
#16 F:\\Coding\\Web\\Laravel\\agenda\\agenda\\vendor\\livewire\\livewire\\src\\Mechanisms\\HandleComponents\\HandleComponents.php(259): Illuminate\\View\\View->render(Object(Closure))
#17 F:\\Coding\\Web\\Laravel\\agenda\\agenda\\vendor\\livewire\\livewire\\src\\Mechanisms\\HandleComponents\\HandleComponents.php(303): Livewire\\Mechanisms\\HandleComponents\\HandleComponents->Livewire\\Mechanisms\\HandleComponents\\{closure}()
#18 F:\\Coding\\Web\\Laravel\\agenda\\agenda\\vendor\\livewire\\livewire\\src\\Mechanisms\\HandleComponents\\HandleComponents.php(251): Livewire\\Mechanisms\\HandleComponents\\HandleComponents->trackInRenderStack(Object(App\\Livewire\\CalendarAdmin), Object(Closure))
#19 F:\\Coding\\Web\\Laravel\\agenda\\agenda\\vendor\\livewire\\livewire\\src\\Mechanisms\\HandleComponents\\HandleComponents.php(104): Livewire\\Mechanisms\\HandleComponents\\HandleComponents->render(Object(App\\Livewire\\CalendarAdmin))
#20 F:\\Coding\\Web\\Laravel\\agenda\\agenda\\vendor\\livewire\\livewire\\src\\LivewireManager.php(102): Livewire\\Mechanisms\\HandleComponents\\HandleComponents->update(Array, Array, Array)
#21 F:\\Coding\\Web\\Laravel\\agenda\\agenda\\vendor\\livewire\\volt\\src\\LivewireManager.php(35): Livewire\\LivewireManager->update(Array, Array, Array)
#22 F:\\Coding\\Web\\Laravel\\agenda\\agenda\\vendor\\livewire\\livewire\\src\\Mechanisms\\HandleRequests\\HandleRequests.php(94): Livewire\\Volt\\LivewireManager->update(Array, Array, Array)
#23 F:\\Coding\\Web\\Laravel\\agenda\\agenda\\vendor\\laravel\\framework\\src\\Illuminate\\Routing\\ControllerDispatcher.php(46): Livewire\\Mechanisms\\HandleRequests\\HandleRequests->handleUpdate()
#24 F:\\Coding\\Web\\Laravel\\agenda\\agenda\\vendor\\laravel\\framework\\src\\Illuminate\\Routing\\Route.php(265): Illuminate\\Routing\\ControllerDispatcher->dispatch(Object(Illuminate\\Routing\\Route), Object(Livewire\\Mechanisms\\HandleRequests\\HandleRequests), 'handleUpdate')
#25 F:\\Coding\\Web\\Laravel\\agenda\\agenda\\vendor\\laravel\\framework\\src\\Illuminate\\Routing\\Route.php(211): Illuminate\\Routing\\Route->runController()
#26 F:\\Coding\\Web\\Laravel\\agenda\\agenda\\vendor\\laravel\\framework\\src\\Illuminate\\Routing\\Router.php(808): Illuminate\\Routing\\Route->run()
#27 F:\\Coding\\Web\\Laravel\\agenda\\agenda\\vendor\\laravel\\framework\\src\\Illuminate\\Pipeline\\Pipeline.php(169): Illuminate\\Routing\\Router->Illuminate\\Routing\\{closure}(Object(Illuminate\\Http\\Request))
#28 F:\\Coding\\Web\\Laravel\\agenda\\agenda\\vendor\\laravel\\framework\\src\\Illuminate\\Routing\\Middleware\\SubstituteBindings.php(50): Illuminate\\Pipeline\\Pipeline->Illuminate\\Pipeline\\{closure}(Object(Illuminate\\Http\\Request))
#29 F:\\Coding\\Web\\Laravel\\agenda\\agenda\\vendor\\laravel\\framework\\src\\Illuminate\\Pipeline\\Pipeline.php(208): Illuminate\\Routing\\Middleware\\SubstituteBindings->handle(Object(Illuminate\\Http\\Request), Object(Closure))
#30 F:\\Coding\\Web\\Laravel\\agenda\\agenda\\vendor\\laravel\\framework\\src\\Illuminate\\Foundation\\Http\\Middleware\\VerifyCsrfToken.php(87): Illuminate\\Pipeline\\Pipeline->Illuminate\\Pipeline\\{closure}(Object(Illuminate\\Http\\Request))
#31 F:\\Coding\\Web\\Laravel\\agenda\\agenda\\vendor\\laravel\\framework\\src\\Illuminate\\Pipeline\\Pipeline.php(208): Illuminate\\Foundation\\Http\\Middleware\\VerifyCsrfToken->handle(Object(Illuminate\\Http\\Request), Object(Closure))
#32 F:\\Coding\\Web\\Laravel\\agenda\\agenda\\vendor\\laravel\\framework\\src\\Illuminate\\View\\Middleware\\ShareErrorsFromSession.php(48): Illuminate\\Pipeline\\Pipeline->Illuminate\\Pipeline\\{closure}(Object(Illuminate\\Http\\Request))
#33 F:\\Coding\\Web\\Laravel\\agenda\\agenda\\vendor\\laravel\\framework\\src\\Illuminate\\Pipeline\\Pipeline.php(208): Illuminate\\View\\Middleware\\ShareErrorsFromSession->handle(Object(Illuminate\\Http\\Request), Object(Closure))
#34 F:\\Coding\\Web\\Laravel\\agenda\\agenda\\vendor\\laravel\\framework\\src\\Illuminate\\Session\\Middleware\\StartSession.php(120): Illuminate\\Pipeline\\Pipeline->Illuminate\\Pipeline\\{closure}(Object(Illuminate\\Http\\Request))
#35 F:\\Coding\\Web\\Laravel\\agenda\\agenda\\vendor\\laravel\\framework\\src\\Illuminate\\Session\\Middleware\\StartSession.php(63): Illuminate\\Session\\Middleware\\StartSession->handleStatefulRequest(Object(Illuminate\\Http\\Request), Object(Illuminate\\Session\\Store), Object(Closure))
#36 F:\\Coding\\Web\\Laravel\\agenda\\agenda\\vendor\\laravel\\framework\\src\\Illuminate\\Pipeline\\Pipeline.php(208): Illuminate\\Session\\Middleware\\StartSession->handle(Object(Illuminate\\Http\\Request), Object(Closure))
#37 F:\\Coding\\Web\\Laravel\\agenda\\agenda\\vendor\\laravel\\framework\\src\\Illuminate\\Cookie\\Middleware\\AddQueuedCookiesToResponse.php(36): Illuminate\\Pipeline\\Pipeline->Illuminate\\Pipeline\\{closure}(Object(Illuminate\\Http\\Request))
#38 F:\\Coding\\Web\\Laravel\\agenda\\agenda\\vendor\\laravel\\framework\\src\\Illuminate\\Pipeline\\Pipeline.php(208): Illuminate\\Cookie\\Middleware\\AddQueuedCookiesToResponse->handle(Object(Illuminate\\Http\\Request), Object(Closure))
#39 F:\\Coding\\Web\\Laravel\\agenda\\agenda\\vendor\\laravel\\framework\\src\\Illuminate\\Cookie\\Middleware\\EncryptCookies.php(74): Illuminate\\Pipeline\\Pipeline->Illuminate\\Pipeline\\{closure}(Object(Illuminate\\Http\\Request))
#40 F:\\Coding\\Web\\Laravel\\agenda\\agenda\\vendor\\laravel\\framework\\src\\Illuminate\\Pipeline\\Pipeline.php(208): Illuminate\\Cookie\\Middleware\\EncryptCookies->handle(Object(Illuminate\\Http\\Request), Object(Closure))
#41 F:\\Coding\\Web\\Laravel\\agenda\\agenda\\vendor\\laravel\\framework\\src\\Illuminate\\Pipeline\\Pipeline.php(126): Illuminate\\Pipeline\\Pipeline->Illuminate\\Pipeline\\{closure}(Object(Illuminate\\Http\\Request))
#42 F:\\Coding\\Web\\Laravel\\agenda\\agenda\\vendor\\laravel\\framework\\src\\Illuminate\\Routing\\Router.php(807): Illuminate\\Pipeline\\Pipeline->then(Object(Closure))
#43 F:\\Coding\\Web\\Laravel\\agenda\\agenda\\vendor\\laravel\\framework\\src\\Illuminate\\Routing\\Router.php(786): Illuminate\\Routing\\Router->runRouteWithinStack(Object(Illuminate\\Routing\\Route), Object(Illuminate\\Http\\Request))
#44 F:\\Coding\\Web\\Laravel\\agenda\\agenda\\vendor\\laravel\\framework\\src\\Illuminate\\Routing\\Router.php(750): Illuminate\\Routing\\Router->runRoute(Object(Illuminate\\Http\\Request), Object(Illuminate\\Routing\\Route))
#45 F:\\Coding\\Web\\Laravel\\agenda\\agenda\\vendor\\laravel\\framework\\src\\Illuminate\\Routing\\Router.php(739): Illuminate\\Routing\\Router->dispatchToRoute(Object(Illuminate\\Http\\Request))
#46 F:\\Coding\\Web\\Laravel\\agenda\\agenda\\vendor\\laravel\\framework\\src\\Illuminate\\Foundation\\Http\\Kernel.php(200): Illuminate\\Routing\\Router->dispatch(Object(Illuminate\\Http\\Request))
#47 F:\\Coding\\Web\\Laravel\\agenda\\agenda\\vendor\\laravel\\framework\\src\\Illuminate\\Pipeline\\Pipeline.php(169): Illuminate\\Foundation\\Http\\Kernel->Illuminate\\Foundation\\Http\\{closure}(Object(Illuminate\\Http\\Request))
#48 F:\\Coding\\Web\\Laravel\\agenda\\agenda\\vendor\\livewire\\livewire\\src\\Features\\SupportDisablingBackButtonCache\\DisableBackButtonCacheMiddleware.php(19): Illuminate\\Pipeline\\Pipeline->Illuminate\\Pipeline\\{closure}(Object(Illuminate\\Http\\Request))
#49 F:\\Coding\\Web\\Laravel\\agenda\\agenda\\vendor\\laravel\\framework\\src\\Illuminate\\Pipeline\\Pipeline.php(208): Livewire\\Features\\SupportDisablingBackButtonCache\\DisableBackButtonCacheMiddleware->handle(Object(Illuminate\\Http\\Request), Object(Closure))
#50 F:\\Coding\\Web\\Laravel\\agenda\\agenda\\vendor\\laravel\\framework\\src\\Illuminate\\Foundation\\Http\\Middleware\\ConvertEmptyStringsToNull.php(27): Illuminate\\Pipeline\\Pipeline->Illuminate\\Pipeline\\{closure}(Object(Illuminate\\Http\\Request))
#51 F:\\Coding\\Web\\Laravel\\agenda\\agenda\\vendor\\laravel\\framework\\src\\Illuminate\\Pipeline\\Pipeline.php(208): Illuminate\\Foundation\\Http\\Middleware\\ConvertEmptyStringsToNull->handle(Object(Illuminate\\Http\\Request), Object(Closure))
#52 F:\\Coding\\Web\\Laravel\\agenda\\agenda\\vendor\\laravel\\framework\\src\\Illuminate\\Foundation\\Http\\Middleware\\TrimStrings.php(47): Illuminate\\Pipeline\\Pipeline->Illuminate\\Pipeline\\{closure}(Object(Illuminate\\Http\\Request))
#53 F:\\Coding\\Web\\Laravel\\agenda\\agenda\\vendor\\laravel\\framework\\src\\Illuminate\\Pipeline\\Pipeline.php(208): Illuminate\\Foundation\\Http\\Middleware\\TrimStrings->handle(Object(Illuminate\\Http\\Request), Object(Closure))
#54 F:\\Coding\\Web\\Laravel\\agenda\\agenda\\vendor\\laravel\\framework\\src\\Illuminate\\Http\\Middleware\\ValidatePostSize.php(27): Illuminate\\Pipeline\\Pipeline->Illuminate\\Pipeline\\{closure}(Object(Illuminate\\Http\\Request))
#55 F:\\Coding\\Web\\Laravel\\agenda\\agenda\\vendor\\laravel\\framework\\src\\Illuminate\\Pipeline\\Pipeline.php(208): Illuminate\\Http\\Middleware\\ValidatePostSize->handle(Object(Illuminate\\Http\\Request), Object(Closure))
#56 F:\\Coding\\Web\\Laravel\\agenda\\agenda\\vendor\\laravel\\framework\\src\\Illuminate\\Foundation\\Http\\Middleware\\PreventRequestsDuringMaintenance.php(109): Illuminate\\Pipeline\\Pipeline->Illuminate\\Pipeline\\{closure}(Object(Illuminate\\Http\\Request))
#57 F:\\Coding\\Web\\Laravel\\agenda\\agenda\\vendor\\laravel\\framework\\src\\Illuminate\\Pipeline\\Pipeline.php(208): Illuminate\\Foundation\\Http\\Middleware\\PreventRequestsDuringMaintenance->handle(Object(Illuminate\\Http\\Request), Object(Closure))
#58 F:\\Coding\\Web\\Laravel\\agenda\\agenda\\vendor\\laravel\\framework\\src\\Illuminate\\Http\\Middleware\\HandleCors.php(48): Illuminate\\Pipeline\\Pipeline->Illuminate\\Pipeline\\{closure}(Object(Illuminate\\Http\\Request))
#59 F:\\Coding\\Web\\Laravel\\agenda\\agenda\\vendor\\laravel\\framework\\src\\Illuminate\\Pipeline\\Pipeline.php(208): Illuminate\\Http\\Middleware\\HandleCors->handle(Object(Illuminate\\Http\\Request), Object(Closure))
#60 F:\\Coding\\Web\\Laravel\\agenda\\agenda\\vendor\\laravel\\framework\\src\\Illuminate\\Http\\Middleware\\TrustProxies.php(58): Illuminate\\Pipeline\\Pipeline->Illuminate\\Pipeline\\{closure}(Object(Illuminate\\Http\\Request))
#61 F:\\Coding\\Web\\Laravel\\agenda\\agenda\\vendor\\laravel\\framework\\src\\Illuminate\\Pipeline\\Pipeline.php(208): Illuminate\\Http\\Middleware\\TrustProxies->handle(Object(Illuminate\\Http\\Request), Object(Closure))
#62 F:\\Coding\\Web\\Laravel\\agenda\\agenda\\vendor\\laravel\\framework\\src\\Illuminate\\Foundation\\Http\\Middleware\\InvokeDeferredCallbacks.php(22): Illuminate\\Pipeline\\Pipeline->Illuminate\\Pipeline\\{closure}(Object(Illuminate\\Http\\Request))
#63 F:\\Coding\\Web\\Laravel\\agenda\\agenda\\vendor\\laravel\\framework\\src\\Illuminate\\Pipeline\\Pipeline.php(208): Illuminate\\Foundation\\Http\\Middleware\\InvokeDeferredCallbacks->handle(Object(Illuminate\\Http\\Request), Object(Closure))
#64 F:\\Coding\\Web\\Laravel\\agenda\\agenda\\vendor\\laravel\\framework\\src\\Illuminate\\Http\\Middleware\\ValidatePathEncoding.php(26): Illuminate\\Pipeline\\Pipeline->Illuminate\\Pipeline\\{closure}(Object(Illuminate\\Http\\Request))
#65 F:\\Coding\\Web\\Laravel\\agenda\\agenda\\vendor\\laravel\\framework\\src\\Illuminate\\Pipeline\\Pipeline.php(208): Illuminate\\Http\\Middleware\\ValidatePathEncoding->handle(Object(Illuminate\\Http\\Request), Object(Closure))
#66 F:\\Coding\\Web\\Laravel\\agenda\\agenda\\vendor\\laravel\\framework\\src\\Illuminate\\Pipeline\\Pipeline.php(126): Illuminate\\Pipeline\\Pipeline->Illuminate\\Pipeline\\{closure}(Object(Illuminate\\Http\\Request))
#67 F:\\Coding\\Web\\Laravel\\agenda\\agenda\\vendor\\laravel\\framework\\src\\Illuminate\\Foundation\\Http\\Kernel.php(175): Illuminate\\Pipeline\\Pipeline->then(Object(Closure))
#68 F:\\Coding\\Web\\Laravel\\agenda\\agenda\\vendor\\laravel\\framework\\src\\Illuminate\\Foundation\\Http\\Kernel.php(144): Illuminate\\Foundation\\Http\\Kernel->sendRequestThroughRouter(Object(Illuminate\\Http\\Request))
#69 F:\\Coding\\Web\\Laravel\\agenda\\agenda\\vendor\\laravel\\framework\\src\\Illuminate\\Foundation\\Application.php(1219): Illuminate\\Foundation\\Http\\Kernel->handle(Object(Illuminate\\Http\\Request))
#70 F:\\Coding\\Web\\Laravel\\agenda\\agenda\\public\\index.php(20): Illuminate\\Foundation\\Application->handleRequest(Object(Illuminate\\Http\\Request))
#71 F:\\Coding\\Web\\Laravel\\agenda\\agenda\\vendor\\laravel\\framework\\src\\Illuminate\\Foundation\\resources\\server.php(23): require_once('F:\\\\Coding\\\\Web\\\\L...')
#72 {main}
"} 
[2025-09-08 23:54:20] local.ERROR: Method App\Livewire\CalendarAdmin::getTimeOptions does not exist. (View: F:\Coding\Web\Laravel\agenda\agenda\resources\views\partials\modal-create.blade.php) (View: F:\Coding\Web\Laravel\agenda\agenda\resources\views\partials\modal-create.blade.php) {"userId":1,"exception":"[object] (Illuminate\\View\\ViewException(code: 0): Method App\\Livewire\\CalendarAdmin::getTimeOptions does not exist. (View: F:\\Coding\\Web\\Laravel\\agenda\\agenda\\resources\\views\\partials\\modal-create.blade.php) (View: F:\\Coding\\Web\\Laravel\\agenda\\agenda\\resources\\views\\partials\\modal-create.blade.php) at F:\\Coding\\Web\\Laravel\\agenda\\agenda\\vendor\\livewire\\livewire\\src\\Component.php:136)
[stacktrace]
#0 F:\\Coding\\Web\\Laravel\\agenda\\agenda\\vendor\\livewire\\livewire\\src\\Mechanisms\\ExtendBlade\\ExtendedCompilerEngine.php(58): Illuminate\\View\\Engines\\CompilerEngine->handleViewException(Object(Illuminate\\View\\ViewException), 1)
#1 F:\\Coding\\Web\\Laravel\\agenda\\agenda\\vendor\\livewire\\livewire\\src\\Mechanisms\\ExtendBlade\\ExtendedCompilerEngine.php(40): Livewire\\Mechanisms\\ExtendBlade\\ExtendedCompilerEngine->handleViewException(Object(Illuminate\\View\\ViewException), 1)
#2 F:\\Coding\\Web\\Laravel\\agenda\\agenda\\vendor\\laravel\\framework\\src\\Illuminate\\View\\Engines\\CompilerEngine.php(76): Livewire\\Mechanisms\\ExtendBlade\\ExtendedCompilerEngine->evaluatePath('F:\\\\Coding\\\\Web\\\\L...', Array)
#3 F:\\Coding\\Web\\Laravel\\agenda\\agenda\\vendor\\livewire\\livewire\\src\\Mechanisms\\ExtendBlade\\ExtendedCompilerEngine.php(16): Illuminate\\View\\Engines\\CompilerEngine->get('F:\\\\Coding\\\\Web\\\\L...', Array)
#4 F:\\Coding\\Web\\Laravel\\agenda\\agenda\\vendor\\laravel\\framework\\src\\Illuminate\\View\\View.php(208): Livewire\\Mechanisms\\ExtendBlade\\ExtendedCompilerEngine->get('F:\\\\Coding\\\\Web\\\\L...', Array)
#5 F:\\Coding\\Web\\Laravel\\agenda\\agenda\\vendor\\laravel\\framework\\src\\Illuminate\\View\\View.php(191): Illuminate\\View\\View->getContents()
#6 F:\\Coding\\Web\\Laravel\\agenda\\agenda\\vendor\\laravel\\framework\\src\\Illuminate\\View\\View.php(160): Illuminate\\View\\View->renderContents()
#7 F:\\Coding\\Web\\Laravel\\agenda\\agenda\\vendor\\livewire\\livewire\\src\\Mechanisms\\HandleComponents\\HandleComponents.php(259): Illuminate\\View\\View->render(Object(Closure))
#8 F:\\Coding\\Web\\Laravel\\agenda\\agenda\\vendor\\livewire\\livewire\\src\\Mechanisms\\HandleComponents\\HandleComponents.php(303): Livewire\\Mechanisms\\HandleComponents\\HandleComponents->Livewire\\Mechanisms\\HandleComponents\\{closure}()
#9 F:\\Coding\\Web\\Laravel\\agenda\\agenda\\vendor\\livewire\\livewire\\src\\Mechanisms\\HandleComponents\\HandleComponents.php(251): Livewire\\Mechanisms\\HandleComponents\\HandleComponents->trackInRenderStack(Object(App\\Livewire\\CalendarAdmin), Object(Closure))
#10 F:\\Coding\\Web\\Laravel\\agenda\\agenda\\vendor\\livewire\\livewire\\src\\Mechanisms\\HandleComponents\\HandleComponents.php(104): Livewire\\Mechanisms\\HandleComponents\\HandleComponents->render(Object(App\\Livewire\\CalendarAdmin))
#11 F:\\Coding\\Web\\Laravel\\agenda\\agenda\\vendor\\livewire\\livewire\\src\\LivewireManager.php(102): Livewire\\Mechanisms\\HandleComponents\\HandleComponents->update(Array, Array, Array)
#12 F:\\Coding\\Web\\Laravel\\agenda\\agenda\\vendor\\livewire\\volt\\src\\LivewireManager.php(35): Livewire\\LivewireManager->update(Array, Array, Array)
#13 F:\\Coding\\Web\\Laravel\\agenda\\agenda\\vendor\\livewire\\livewire\\src\\Mechanisms\\HandleRequests\\HandleRequests.php(94): Livewire\\Volt\\LivewireManager->update(Array, Array, Array)
#14 F:\\Coding\\Web\\Laravel\\agenda\\agenda\\vendor\\laravel\\framework\\src\\Illuminate\\Routing\\ControllerDispatcher.php(46): Livewire\\Mechanisms\\HandleRequests\\HandleRequests->handleUpdate()
#15 F:\\Coding\\Web\\Laravel\\agenda\\agenda\\vendor\\laravel\\framework\\src\\Illuminate\\Routing\\Route.php(265): Illuminate\\Routing\\ControllerDispatcher->dispatch(Object(Illuminate\\Routing\\Route), Object(Livewire\\Mechanisms\\HandleRequests\\HandleRequests), 'handleUpdate')
#16 F:\\Coding\\Web\\Laravel\\agenda\\agenda\\vendor\\laravel\\framework\\src\\Illuminate\\Routing\\Route.php(211): Illuminate\\Routing\\Route->runController()
#17 F:\\Coding\\Web\\Laravel\\agenda\\agenda\\vendor\\laravel\\framework\\src\\Illuminate\\Routing\\Router.php(808): Illuminate\\Routing\\Route->run()
#18 F:\\Coding\\Web\\Laravel\\agenda\\agenda\\vendor\\laravel\\framework\\src\\Illuminate\\Pipeline\\Pipeline.php(169): Illuminate\\Routing\\Router->Illuminate\\Routing\\{closure}(Object(Illuminate\\Http\\Request))
#19 F:\\Coding\\Web\\Laravel\\agenda\\agenda\\vendor\\laravel\\framework\\src\\Illuminate\\Routing\\Middleware\\SubstituteBindings.php(50): Illuminate\\Pipeline\\Pipeline->Illuminate\\Pipeline\\{closure}(Object(Illuminate\\Http\\Request))
#20 F:\\Coding\\Web\\Laravel\\agenda\\agenda\\vendor\\laravel\\framework\\src\\Illuminate\\Pipeline\\Pipeline.php(208): Illuminate\\Routing\\Middleware\\SubstituteBindings->handle(Object(Illuminate\\Http\\Request), Object(Closure))
#21 F:\\Coding\\Web\\Laravel\\agenda\\agenda\\vendor\\laravel\\framework\\src\\Illuminate\\Foundation\\Http\\Middleware\\VerifyCsrfToken.php(87): Illuminate\\Pipeline\\Pipeline->Illuminate\\Pipeline\\{closure}(Object(Illuminate\\Http\\Request))
#22 F:\\Coding\\Web\\Laravel\\agenda\\agenda\\vendor\\laravel\\framework\\src\\Illuminate\\Pipeline\\Pipeline.php(208): Illuminate\\Foundation\\Http\\Middleware\\VerifyCsrfToken->handle(Object(Illuminate\\Http\\Request), Object(Closure))
#23 F:\\Coding\\Web\\Laravel\\agenda\\agenda\\vendor\\laravel\\framework\\src\\Illuminate\\View\\Middleware\\ShareErrorsFromSession.php(48): Illuminate\\Pipeline\\Pipeline->Illuminate\\Pipeline\\{closure}(Object(Illuminate\\Http\\Request))
#24 F:\\Coding\\Web\\Laravel\\agenda\\agenda\\vendor\\laravel\\framework\\src\\Illuminate\\Pipeline\\Pipeline.php(208): Illuminate\\View\\Middleware\\ShareErrorsFromSession->handle(Object(Illuminate\\Http\\Request), Object(Closure))
#25 F:\\Coding\\Web\\Laravel\\agenda\\agenda\\vendor\\laravel\\framework\\src\\Illuminate\\Session\\Middleware\\StartSession.php(120): Illuminate\\Pipeline\\Pipeline->Illuminate\\Pipeline\\{closure}(Object(Illuminate\\Http\\Request))
#26 F:\\Coding\\Web\\Laravel\\agenda\\agenda\\vendor\\laravel\\framework\\src\\Illuminate\\Session\\Middleware\\StartSession.php(63): Illuminate\\Session\\Middleware\\StartSession->handleStatefulRequest(Object(Illuminate\\Http\\Request), Object(Illuminate\\Session\\Store), Object(Closure))
#27 F:\\Coding\\Web\\Laravel\\agenda\\agenda\\vendor\\laravel\\framework\\src\\Illuminate\\Pipeline\\Pipeline.php(208): Illuminate\\Session\\Middleware\\StartSession->handle(Object(Illuminate\\Http\\Request), Object(Closure))
#28 F:\\Coding\\Web\\Laravel\\agenda\\agenda\\vendor\\laravel\\framework\\src\\Illuminate\\Cookie\\Middleware\\AddQueuedCookiesToResponse.php(36): Illuminate\\Pipeline\\Pipeline->Illuminate\\Pipeline\\{closure}(Object(Illuminate\\Http\\Request))
#29 F:\\Coding\\Web\\Laravel\\agenda\\agenda\\vendor\\laravel\\framework\\src\\Illuminate\\Pipeline\\Pipeline.php(208): Illuminate\\Cookie\\Middleware\\AddQueuedCookiesToResponse->handle(Object(Illuminate\\Http\\Request), Object(Closure))
#30 F:\\Coding\\Web\\Laravel\\agenda\\agenda\\vendor\\laravel\\framework\\src\\Illuminate\\Cookie\\Middleware\\EncryptCookies.php(74): Illuminate\\Pipeline\\Pipeline->Illuminate\\Pipeline\\{closure}(Object(Illuminate\\Http\\Request))
#31 F:\\Coding\\Web\\Laravel\\agenda\\agenda\\vendor\\laravel\\framework\\src\\Illuminate\\Pipeline\\Pipeline.php(208): Illuminate\\Cookie\\Middleware\\EncryptCookies->handle(Object(Illuminate\\Http\\Request), Object(Closure))
#32 F:\\Coding\\Web\\Laravel\\agenda\\agenda\\vendor\\laravel\\framework\\src\\Illuminate\\Pipeline\\Pipeline.php(126): Illuminate\\Pipeline\\Pipeline->Illuminate\\Pipeline\\{closure}(Object(Illuminate\\Http\\Request))
#33 F:\\Coding\\Web\\Laravel\\agenda\\agenda\\vendor\\laravel\\framework\\src\\Illuminate\\Routing\\Router.php(807): Illuminate\\Pipeline\\Pipeline->then(Object(Closure))
#34 F:\\Coding\\Web\\Laravel\\agenda\\agenda\\vendor\\laravel\\framework\\src\\Illuminate\\Routing\\Router.php(786): Illuminate\\Routing\\Router->runRouteWithinStack(Object(Illuminate\\Routing\\Route), Object(Illuminate\\Http\\Request))
#35 F:\\Coding\\Web\\Laravel\\agenda\\agenda\\vendor\\laravel\\framework\\src\\Illuminate\\Routing\\Router.php(750): Illuminate\\Routing\\Router->runRoute(Object(Illuminate\\Http\\Request), Object(Illuminate\\Routing\\Route))
#36 F:\\Coding\\Web\\Laravel\\agenda\\agenda\\vendor\\laravel\\framework\\src\\Illuminate\\Routing\\Router.php(739): Illuminate\\Routing\\Router->dispatchToRoute(Object(Illuminate\\Http\\Request))
#37 F:\\Coding\\Web\\Laravel\\agenda\\agenda\\vendor\\laravel\\framework\\src\\Illuminate\\Foundation\\Http\\Kernel.php(200): Illuminate\\Routing\\Router->dispatch(Object(Illuminate\\Http\\Request))
#38 F:\\Coding\\Web\\Laravel\\agenda\\agenda\\vendor\\laravel\\framework\\src\\Illuminate\\Pipeline\\Pipeline.php(169): Illuminate\\Foundation\\Http\\Kernel->Illuminate\\Foundation\\Http\\{closure}(Object(Illuminate\\Http\\Request))
#39 F:\\Coding\\Web\\Laravel\\agenda\\agenda\\vendor\\livewire\\livewire\\src\\Features\\SupportDisablingBackButtonCache\\DisableBackButtonCacheMiddleware.php(19): Illuminate\\Pipeline\\Pipeline->Illuminate\\Pipeline\\{closure}(Object(Illuminate\\Http\\Request))
#40 F:\\Coding\\Web\\Laravel\\agenda\\agenda\\vendor\\laravel\\framework\\src\\Illuminate\\Pipeline\\Pipeline.php(208): Livewire\\Features\\SupportDisablingBackButtonCache\\DisableBackButtonCacheMiddleware->handle(Object(Illuminate\\Http\\Request), Object(Closure))
#41 F:\\Coding\\Web\\Laravel\\agenda\\agenda\\vendor\\laravel\\framework\\src\\Illuminate\\Foundation\\Http\\Middleware\\ConvertEmptyStringsToNull.php(27): Illuminate\\Pipeline\\Pipeline->Illuminate\\Pipeline\\{closure}(Object(Illuminate\\Http\\Request))
#42 F:\\Coding\\Web\\Laravel\\agenda\\agenda\\vendor\\laravel\\framework\\src\\Illuminate\\Pipeline\\Pipeline.php(208): Illuminate\\Foundation\\Http\\Middleware\\ConvertEmptyStringsToNull->handle(Object(Illuminate\\Http\\Request), Object(Closure))
#43 F:\\Coding\\Web\\Laravel\\agenda\\agenda\\vendor\\laravel\\framework\\src\\Illuminate\\Foundation\\Http\\Middleware\\TrimStrings.php(47): Illuminate\\Pipeline\\Pipeline->Illuminate\\Pipeline\\{closure}(Object(Illuminate\\Http\\Request))
#44 F:\\Coding\\Web\\Laravel\\agenda\\agenda\\vendor\\laravel\\framework\\src\\Illuminate\\Pipeline\\Pipeline.php(208): Illuminate\\Foundation\\Http\\Middleware\\TrimStrings->handle(Object(Illuminate\\Http\\Request), Object(Closure))
#45 F:\\Coding\\Web\\Laravel\\agenda\\agenda\\vendor\\laravel\\framework\\src\\Illuminate\\Http\\Middleware\\ValidatePostSize.php(27): Illuminate\\Pipeline\\Pipeline->Illuminate\\Pipeline\\{closure}(Object(Illuminate\\Http\\Request))
#46 F:\\Coding\\Web\\Laravel\\agenda\\agenda\\vendor\\laravel\\framework\\src\\Illuminate\\Pipeline\\Pipeline.php(208): Illuminate\\Http\\Middleware\\ValidatePostSize->handle(Object(Illuminate\\Http\\Request), Object(Closure))
#47 F:\\Coding\\Web\\Laravel\\agenda\\agenda\\vendor\\laravel\\framework\\src\\Illuminate\\Foundation\\Http\\Middleware\\PreventRequestsDuringMaintenance.php(109): Illuminate\\Pipeline\\Pipeline->Illuminate\\Pipeline\\{closure}(Object(Illuminate\\Http\\Request))
#48 F:\\Coding\\Web\\Laravel\\agenda\\agenda\\vendor\\laravel\\framework\\src\\Illuminate\\Pipeline\\Pipeline.php(208): Illuminate\\Foundation\\Http\\Middleware\\PreventRequestsDuringMaintenance->handle(Object(Illuminate\\Http\\Request), Object(Closure))
#49 F:\\Coding\\Web\\Laravel\\agenda\\agenda\\vendor\\laravel\\framework\\src\\Illuminate\\Http\\Middleware\\HandleCors.php(48): Illuminate\\Pipeline\\Pipeline->Illuminate\\Pipeline\\{closure}(Object(Illuminate\\Http\\Request))
#50 F:\\Coding\\Web\\Laravel\\agenda\\agenda\\vendor\\laravel\\framework\\src\\Illuminate\\Pipeline\\Pipeline.php(208): Illuminate\\Http\\Middleware\\HandleCors->handle(Object(Illuminate\\Http\\Request), Object(Closure))
#51 F:\\Coding\\Web\\Laravel\\agenda\\agenda\\vendor\\laravel\\framework\\src\\Illuminate\\Http\\Middleware\\TrustProxies.php(58): Illuminate\\Pipeline\\Pipeline->Illuminate\\Pipeline\\{closure}(Object(Illuminate\\Http\\Request))
#52 F:\\Coding\\Web\\Laravel\\agenda\\agenda\\vendor\\laravel\\framework\\src\\Illuminate\\Pipeline\\Pipeline.php(208): Illuminate\\Http\\Middleware\\TrustProxies->handle(Object(Illuminate\\Http\\Request), Object(Closure))
#53 F:\\Coding\\Web\\Laravel\\agenda\\agenda\\vendor\\laravel\\framework\\src\\Illuminate\\Foundation\\Http\\Middleware\\InvokeDeferredCallbacks.php(22): Illuminate\\Pipeline\\Pipeline->Illuminate\\Pipeline\\{closure}(Object(Illuminate\\Http\\Request))
#54 F:\\Coding\\Web\\Laravel\\agenda\\agenda\\vendor\\laravel\\framework\\src\\Illuminate\\Pipeline\\Pipeline.php(208): Illuminate\\Foundation\\Http\\Middleware\\InvokeDeferredCallbacks->handle(Object(Illuminate\\Http\\Request), Object(Closure))
#55 F:\\Coding\\Web\\Laravel\\agenda\\agenda\\vendor\\laravel\\framework\\src\\Illuminate\\Http\\Middleware\\ValidatePathEncoding.php(26): Illuminate\\Pipeline\\Pipeline->Illuminate\\Pipeline\\{closure}(Object(Illuminate\\Http\\Request))
#56 F:\\Coding\\Web\\Laravel\\agenda\\agenda\\vendor\\laravel\\framework\\src\\Illuminate\\Pipeline\\Pipeline.php(208): Illuminate\\Http\\Middleware\\ValidatePathEncoding->handle(Object(Illuminate\\Http\\Request), Object(Closure))
#57 F:\\Coding\\Web\\Laravel\\agenda\\agenda\\vendor\\laravel\\framework\\src\\Illuminate\\Pipeline\\Pipeline.php(126): Illuminate\\Pipeline\\Pipeline->Illuminate\\Pipeline\\{closure}(Object(Illuminate\\Http\\Request))
#58 F:\\Coding\\Web\\Laravel\\agenda\\agenda\\vendor\\laravel\\framework\\src\\Illuminate\\Foundation\\Http\\Kernel.php(175): Illuminate\\Pipeline\\Pipeline->then(Object(Closure))
#59 F:\\Coding\\Web\\Laravel\\agenda\\agenda\\vendor\\laravel\\framework\\src\\Illuminate\\Foundation\\Http\\Kernel.php(144): Illuminate\\Foundation\\Http\\Kernel->sendRequestThroughRouter(Object(Illuminate\\Http\\Request))
#60 F:\\Coding\\Web\\Laravel\\agenda\\agenda\\vendor\\laravel\\framework\\src\\Illuminate\\Foundation\\Application.php(1219): Illuminate\\Foundation\\Http\\Kernel->handle(Object(Illuminate\\Http\\Request))
#61 F:\\Coding\\Web\\Laravel\\agenda\\agenda\\public\\index.php(20): Illuminate\\Foundation\\Application->handleRequest(Object(Illuminate\\Http\\Request))
#62 F:\\Coding\\Web\\Laravel\\agenda\\agenda\\vendor\\laravel\\framework\\src\\Illuminate\\Foundation\\resources\\server.php(23): require_once('F:\\\\Coding\\\\Web\\\\L...')
#63 {main}

[previous exception] [object] (Illuminate\\View\\ViewException(code: 0): Method App\\Livewire\\CalendarAdmin::getTimeOptions does not exist. (View: F:\\Coding\\Web\\Laravel\\agenda\\agenda\\resources\\views\\partials\\modal-create.blade.php) at F:\\Coding\\Web\\Laravel\\agenda\\agenda\\vendor\\livewire\\livewire\\src\\Component.php:136)
[stacktrace]
#0 F:\\Coding\\Web\\Laravel\\agenda\\agenda\\vendor\\livewire\\livewire\\src\\Mechanisms\\ExtendBlade\\ExtendedCompilerEngine.php(58): Illuminate\\View\\Engines\\CompilerEngine->handleViewException(Object(BadMethodCallException), 2)
#1 F:\\Coding\\Web\\Laravel\\agenda\\agenda\\vendor\\livewire\\livewire\\src\\Mechanisms\\ExtendBlade\\ExtendedCompilerEngine.php(40): Livewire\\Mechanisms\\ExtendBlade\\ExtendedCompilerEngine->handleViewException(Object(BadMethodCallException), 2)
#2 F:\\Coding\\Web\\Laravel\\agenda\\agenda\\vendor\\laravel\\framework\\src\\Illuminate\\View\\Engines\\CompilerEngine.php(76): Livewire\\Mechanisms\\ExtendBlade\\ExtendedCompilerEngine->evaluatePath('F:\\\\Coding\\\\Web\\\\L...', Array)
#3 F:\\Coding\\Web\\Laravel\\agenda\\agenda\\vendor\\livewire\\livewire\\src\\Mechanisms\\ExtendBlade\\ExtendedCompilerEngine.php(16): Illuminate\\View\\Engines\\CompilerEngine->get('F:\\\\Coding\\\\Web\\\\L...', Array)
#4 F:\\Coding\\Web\\Laravel\\agenda\\agenda\\vendor\\laravel\\framework\\src\\Illuminate\\View\\View.php(208): Livewire\\Mechanisms\\ExtendBlade\\ExtendedCompilerEngine->get('F:\\\\Coding\\\\Web\\\\L...', Array)
#5 F:\\Coding\\Web\\Laravel\\agenda\\agenda\\vendor\\laravel\\framework\\src\\Illuminate\\View\\View.php(191): Illuminate\\View\\View->getContents()
#6 F:\\Coding\\Web\\Laravel\\agenda\\agenda\\vendor\\laravel\\framework\\src\\Illuminate\\View\\View.php(160): Illuminate\\View\\View->renderContents()
#7 F:\\Coding\\Web\\Laravel\\agenda\\agenda\\storage\\framework\\views\\2402510ce86b8be5b981a90d88f2e006.php(17): Illuminate\\View\\View->render()
#8 F:\\Coding\\Web\\Laravel\\agenda\\agenda\\vendor\\livewire\\livewire\\src\\Mechanisms\\ExtendBlade\\ExtendedCompilerEngine.php(37): include('F:\\\\Coding\\\\Web\\\\L...')
#9 F:\\Coding\\Web\\Laravel\\agenda\\agenda\\vendor\\livewire\\livewire\\src\\Mechanisms\\ExtendBlade\\ExtendedCompilerEngine.php(38): App\\Livewire\\CalendarAdmin->Livewire\\Mechanisms\\ExtendBlade\\{closure}()
#10 F:\\Coding\\Web\\Laravel\\agenda\\agenda\\vendor\\laravel\\framework\\src\\Illuminate\\View\\Engines\\CompilerEngine.php(76): Livewire\\Mechanisms\\ExtendBlade\\ExtendedCompilerEngine->evaluatePath('F:\\\\Coding\\\\Web\\\\L...', Array)
#11 F:\\Coding\\Web\\Laravel\\agenda\\agenda\\vendor\\livewire\\livewire\\src\\Mechanisms\\ExtendBlade\\ExtendedCompilerEngine.php(16): Illuminate\\View\\Engines\\CompilerEngine->get('F:\\\\Coding\\\\Web\\\\L...', Array)
#12 F:\\Coding\\Web\\Laravel\\agenda\\agenda\\vendor\\laravel\\framework\\src\\Illuminate\\View\\View.php(208): Livewire\\Mechanisms\\ExtendBlade\\ExtendedCompilerEngine->get('F:\\\\Coding\\\\Web\\\\L...', Array)
#13 F:\\Coding\\Web\\Laravel\\agenda\\agenda\\vendor\\laravel\\framework\\src\\Illuminate\\View\\View.php(191): Illuminate\\View\\View->getContents()
#14 F:\\Coding\\Web\\Laravel\\agenda\\agenda\\vendor\\laravel\\framework\\src\\Illuminate\\View\\View.php(160): Illuminate\\View\\View->renderContents()
#15 F:\\Coding\\Web\\Laravel\\agenda\\agenda\\vendor\\livewire\\livewire\\src\\Mechanisms\\HandleComponents\\HandleComponents.php(259): Illuminate\\View\\View->render(Object(Closure))
#16 F:\\Coding\\Web\\Laravel\\agenda\\agenda\\vendor\\livewire\\livewire\\src\\Mechanisms\\HandleComponents\\HandleComponents.php(303): Livewire\\Mechanisms\\HandleComponents\\HandleComponents->Livewire\\Mechanisms\\HandleComponents\\{closure}()
#17 F:\\Coding\\Web\\Laravel\\agenda\\agenda\\vendor\\livewire\\livewire\\src\\Mechanisms\\HandleComponents\\HandleComponents.php(251): Livewire\\Mechanisms\\HandleComponents\\HandleComponents->trackInRenderStack(Object(App\\Livewire\\CalendarAdmin), Object(Closure))
#18 F:\\Coding\\Web\\Laravel\\agenda\\agenda\\vendor\\livewire\\livewire\\src\\Mechanisms\\HandleComponents\\HandleComponents.php(104): Livewire\\Mechanisms\\HandleComponents\\HandleComponents->render(Object(App\\Livewire\\CalendarAdmin))
#19 F:\\Coding\\Web\\Laravel\\agenda\\agenda\\vendor\\livewire\\livewire\\src\\LivewireManager.php(102): Livewire\\Mechanisms\\HandleComponents\\HandleComponents->update(Array, Array, Array)
#20 F:\\Coding\\Web\\Laravel\\agenda\\agenda\\vendor\\livewire\\volt\\src\\LivewireManager.php(35): Livewire\\LivewireManager->update(Array, Array, Array)
#21 F:\\Coding\\Web\\Laravel\\agenda\\agenda\\vendor\\livewire\\livewire\\src\\Mechanisms\\HandleRequests\\HandleRequests.php(94): Livewire\\Volt\\LivewireManager->update(Array, Array, Array)
#22 F:\\Coding\\Web\\Laravel\\agenda\\agenda\\vendor\\laravel\\framework\\src\\Illuminate\\Routing\\ControllerDispatcher.php(46): Livewire\\Mechanisms\\HandleRequests\\HandleRequests->handleUpdate()
#23 F:\\Coding\\Web\\Laravel\\agenda\\agenda\\vendor\\laravel\\framework\\src\\Illuminate\\Routing\\Route.php(265): Illuminate\\Routing\\ControllerDispatcher->dispatch(Object(Illuminate\\Routing\\Route), Object(Livewire\\Mechanisms\\HandleRequests\\HandleRequests), 'handleUpdate')
#24 F:\\Coding\\Web\\Laravel\\agenda\\agenda\\vendor\\laravel\\framework\\src\\Illuminate\\Routing\\Route.php(211): Illuminate\\Routing\\Route->runController()
#25 F:\\Coding\\Web\\Laravel\\agenda\\agenda\\vendor\\laravel\\framework\\src\\Illuminate\\Routing\\Router.php(808): Illuminate\\Routing\\Route->run()
#26 F:\\Coding\\Web\\Laravel\\agenda\\agenda\\vendor\\laravel\\framework\\src\\Illuminate\\Pipeline\\Pipeline.php(169): Illuminate\\Routing\\Router->Illuminate\\Routing\\{closure}(Object(Illuminate\\Http\\Request))
#27 F:\\Coding\\Web\\Laravel\\agenda\\agenda\\vendor\\laravel\\framework\\src\\Illuminate\\Routing\\Middleware\\SubstituteBindings.php(50): Illuminate\\Pipeline\\Pipeline->Illuminate\\Pipeline\\{closure}(Object(Illuminate\\Http\\Request))
#28 F:\\Coding\\Web\\Laravel\\agenda\\agenda\\vendor\\laravel\\framework\\src\\Illuminate\\Pipeline\\Pipeline.php(208): Illuminate\\Routing\\Middleware\\SubstituteBindings->handle(Object(Illuminate\\Http\\Request), Object(Closure))
#29 F:\\Coding\\Web\\Laravel\\agenda\\agenda\\vendor\\laravel\\framework\\src\\Illuminate\\Foundation\\Http\\Middleware\\VerifyCsrfToken.php(87): Illuminate\\Pipeline\\Pipeline->Illuminate\\Pipeline\\{closure}(Object(Illuminate\\Http\\Request))
#30 F:\\Coding\\Web\\Laravel\\agenda\\agenda\\vendor\\laravel\\framework\\src\\Illuminate\\Pipeline\\Pipeline.php(208): Illuminate\\Foundation\\Http\\Middleware\\VerifyCsrfToken->handle(Object(Illuminate\\Http\\Request), Object(Closure))
#31 F:\\Coding\\Web\\Laravel\\agenda\\agenda\\vendor\\laravel\\framework\\src\\Illuminate\\View\\Middleware\\ShareErrorsFromSession.php(48): Illuminate\\Pipeline\\Pipeline->Illuminate\\Pipeline\\{closure}(Object(Illuminate\\Http\\Request))
#32 F:\\Coding\\Web\\Laravel\\agenda\\agenda\\vendor\\laravel\\framework\\src\\Illuminate\\Pipeline\\Pipeline.php(208): Illuminate\\View\\Middleware\\ShareErrorsFromSession->handle(Object(Illuminate\\Http\\Request), Object(Closure))
#33 F:\\Coding\\Web\\Laravel\\agenda\\agenda\\vendor\\laravel\\framework\\src\\Illuminate\\Session\\Middleware\\StartSession.php(120): Illuminate\\Pipeline\\Pipeline->Illuminate\\Pipeline\\{closure}(Object(Illuminate\\Http\\Request))
#34 F:\\Coding\\Web\\Laravel\\agenda\\agenda\\vendor\\laravel\\framework\\src\\Illuminate\\Session\\Middleware\\StartSession.php(63): Illuminate\\Session\\Middleware\\StartSession->handleStatefulRequest(Object(Illuminate\\Http\\Request), Object(Illuminate\\Session\\Store), Object(Closure))
#35 F:\\Coding\\Web\\Laravel\\agenda\\agenda\\vendor\\laravel\\framework\\src\\Illuminate\\Pipeline\\Pipeline.php(208): Illuminate\\Session\\Middleware\\StartSession->handle(Object(Illuminate\\Http\\Request), Object(Closure))
#36 F:\\Coding\\Web\\Laravel\\agenda\\agenda\\vendor\\laravel\\framework\\src\\Illuminate\\Cookie\\Middleware\\AddQueuedCookiesToResponse.php(36): Illuminate\\Pipeline\\Pipeline->Illuminate\\Pipeline\\{closure}(Object(Illuminate\\Http\\Request))
#37 F:\\Coding\\Web\\Laravel\\agenda\\agenda\\vendor\\laravel\\framework\\src\\Illuminate\\Pipeline\\Pipeline.php(208): Illuminate\\Cookie\\Middleware\\AddQueuedCookiesToResponse->handle(Object(Illuminate\\Http\\Request), Object(Closure))
#38 F:\\Coding\\Web\\Laravel\\agenda\\agenda\\vendor\\laravel\\framework\\src\\Illuminate\\Cookie\\Middleware\\EncryptCookies.php(74): Illuminate\\Pipeline\\Pipeline->Illuminate\\Pipeline\\{closure}(Object(Illuminate\\Http\\Request))
#39 F:\\Coding\\Web\\Laravel\\agenda\\agenda\\vendor\\laravel\\framework\\src\\Illuminate\\Pipeline\\Pipeline.php(208): Illuminate\\Cookie\\Middleware\\EncryptCookies->handle(Object(Illuminate\\Http\\Request), Object(Closure))
#40 F:\\Coding\\Web\\Laravel\\agenda\\agenda\\vendor\\laravel\\framework\\src\\Illuminate\\Pipeline\\Pipeline.php(126): Illuminate\\Pipeline\\Pipeline->Illuminate\\Pipeline\\{closure}(Object(Illuminate\\Http\\Request))
#41 F:\\Coding\\Web\\Laravel\\agenda\\agenda\\vendor\\laravel\\framework\\src\\Illuminate\\Routing\\Router.php(807): Illuminate\\Pipeline\\Pipeline->then(Object(Closure))
#42 F:\\Coding\\Web\\Laravel\\agenda\\agenda\\vendor\\laravel\\framework\\src\\Illuminate\\Routing\\Router.php(786): Illuminate\\Routing\\Router->runRouteWithinStack(Object(Illuminate\\Routing\\Route), Object(Illuminate\\Http\\Request))
#43 F:\\Coding\\Web\\Laravel\\agenda\\agenda\\vendor\\laravel\\framework\\src\\Illuminate\\Routing\\Router.php(750): Illuminate\\Routing\\Router->runRoute(Object(Illuminate\\Http\\Request), Object(Illuminate\\Routing\\Route))
#44 F:\\Coding\\Web\\Laravel\\agenda\\agenda\\vendor\\laravel\\framework\\src\\Illuminate\\Routing\\Router.php(739): Illuminate\\Routing\\Router->dispatchToRoute(Object(Illuminate\\Http\\Request))
#45 F:\\Coding\\Web\\Laravel\\agenda\\agenda\\vendor\\laravel\\framework\\src\\Illuminate\\Foundation\\Http\\Kernel.php(200): Illuminate\\Routing\\Router->dispatch(Object(Illuminate\\Http\\Request))
#46 F:\\Coding\\Web\\Laravel\\agenda\\agenda\\vendor\\laravel\\framework\\src\\Illuminate\\Pipeline\\Pipeline.php(169): Illuminate\\Foundation\\Http\\Kernel->Illuminate\\Foundation\\Http\\{closure}(Object(Illuminate\\Http\\Request))
#47 F:\\Coding\\Web\\Laravel\\agenda\\agenda\\vendor\\livewire\\livewire\\src\\Features\\SupportDisablingBackButtonCache\\DisableBackButtonCacheMiddleware.php(19): Illuminate\\Pipeline\\Pipeline->Illuminate\\Pipeline\\{closure}(Object(Illuminate\\Http\\Request))
#48 F:\\Coding\\Web\\Laravel\\agenda\\agenda\\vendor\\laravel\\framework\\src\\Illuminate\\Pipeline\\Pipeline.php(208): Livewire\\Features\\SupportDisablingBackButtonCache\\DisableBackButtonCacheMiddleware->handle(Object(Illuminate\\Http\\Request), Object(Closure))
#49 F:\\Coding\\Web\\Laravel\\agenda\\agenda\\vendor\\laravel\\framework\\src\\Illuminate\\Foundation\\Http\\Middleware\\ConvertEmptyStringsToNull.php(27): Illuminate\\Pipeline\\Pipeline->Illuminate\\Pipeline\\{closure}(Object(Illuminate\\Http\\Request))
#50 F:\\Coding\\Web\\Laravel\\agenda\\agenda\\vendor\\laravel\\framework\\src\\Illuminate\\Pipeline\\Pipeline.php(208): Illuminate\\Foundation\\Http\\Middleware\\ConvertEmptyStringsToNull->handle(Object(Illuminate\\Http\\Request), Object(Closure))
#51 F:\\Coding\\Web\\Laravel\\agenda\\agenda\\vendor\\laravel\\framework\\src\\Illuminate\\Foundation\\Http\\Middleware\\TrimStrings.php(47): Illuminate\\Pipeline\\Pipeline->Illuminate\\Pipeline\\{closure}(Object(Illuminate\\Http\\Request))
#52 F:\\Coding\\Web\\Laravel\\agenda\\agenda\\vendor\\laravel\\framework\\src\\Illuminate\\Pipeline\\Pipeline.php(208): Illuminate\\Foundation\\Http\\Middleware\\TrimStrings->handle(Object(Illuminate\\Http\\Request), Object(Closure))
#53 F:\\Coding\\Web\\Laravel\\agenda\\agenda\\vendor\\laravel\\framework\\src\\Illuminate\\Http\\Middleware\\ValidatePostSize.php(27): Illuminate\\Pipeline\\Pipeline->Illuminate\\Pipeline\\{closure}(Object(Illuminate\\Http\\Request))
#54 F:\\Coding\\Web\\Laravel\\agenda\\agenda\\vendor\\laravel\\framework\\src\\Illuminate\\Pipeline\\Pipeline.php(208): Illuminate\\Http\\Middleware\\ValidatePostSize->handle(Object(Illuminate\\Http\\Request), Object(Closure))
#55 F:\\Coding\\Web\\Laravel\\agenda\\agenda\\vendor\\laravel\\framework\\src\\Illuminate\\Foundation\\Http\\Middleware\\PreventRequestsDuringMaintenance.php(109): Illuminate\\Pipeline\\Pipeline->Illuminate\\Pipeline\\{closure}(Object(Illuminate\\Http\\Request))
#56 F:\\Coding\\Web\\Laravel\\agenda\\agenda\\vendor\\laravel\\framework\\src\\Illuminate\\Pipeline\\Pipeline.php(208): Illuminate\\Foundation\\Http\\Middleware\\PreventRequestsDuringMaintenance->handle(Object(Illuminate\\Http\\Request), Object(Closure))
#57 F:\\Coding\\Web\\Laravel\\agenda\\agenda\\vendor\\laravel\\framework\\src\\Illuminate\\Http\\Middleware\\HandleCors.php(48): Illuminate\\Pipeline\\Pipeline->Illuminate\\Pipeline\\{closure}(Object(Illuminate\\Http\\Request))
#58 F:\\Coding\\Web\\Laravel\\agenda\\agenda\\vendor\\laravel\\framework\\src\\Illuminate\\Pipeline\\Pipeline.php(208): Illuminate\\Http\\Middleware\\HandleCors->handle(Object(Illuminate\\Http\\Request), Object(Closure))
#59 F:\\Coding\\Web\\Laravel\\agenda\\agenda\\vendor\\laravel\\framework\\src\\Illuminate\\Http\\Middleware\\TrustProxies.php(58): Illuminate\\Pipeline\\Pipeline->Illuminate\\Pipeline\\{closure}(Object(Illuminate\\Http\\Request))
#60 F:\\Coding\\Web\\Laravel\\agenda\\agenda\\vendor\\laravel\\framework\\src\\Illuminate\\Pipeline\\Pipeline.php(208): Illuminate\\Http\\Middleware\\TrustProxies->handle(Object(Illuminate\\Http\\Request), Object(Closure))
#61 F:\\Coding\\Web\\Laravel\\agenda\\agenda\\vendor\\laravel\\framework\\src\\Illuminate\\Foundation\\Http\\Middleware\\InvokeDeferredCallbacks.php(22): Illuminate\\Pipeline\\Pipeline->Illuminate\\Pipeline\\{closure}(Object(Illuminate\\Http\\Request))
#62 F:\\Coding\\Web\\Laravel\\agenda\\agenda\\vendor\\laravel\\framework\\src\\Illuminate\\Pipeline\\Pipeline.php(208): Illuminate\\Foundation\\Http\\Middleware\\InvokeDeferredCallbacks->handle(Object(Illuminate\\Http\\Request), Object(Closure))
#63 F:\\Coding\\Web\\Laravel\\agenda\\agenda\\vendor\\laravel\\framework\\src\\Illuminate\\Http\\Middleware\\ValidatePathEncoding.php(26): Illuminate\\Pipeline\\Pipeline->Illuminate\\Pipeline\\{closure}(Object(Illuminate\\Http\\Request))
#64 F:\\Coding\\Web\\Laravel\\agenda\\agenda\\vendor\\laravel\\framework\\src\\Illuminate\\Pipeline\\Pipeline.php(208): Illuminate\\Http\\Middleware\\ValidatePathEncoding->handle(Object(Illuminate\\Http\\Request), Object(Closure))
#65 F:\\Coding\\Web\\Laravel\\agenda\\agenda\\vendor\\laravel\\framework\\src\\Illuminate\\Pipeline\\Pipeline.php(126): Illuminate\\Pipeline\\Pipeline->Illuminate\\Pipeline\\{closure}(Object(Illuminate\\Http\\Request))
#66 F:\\Coding\\Web\\Laravel\\agenda\\agenda\\vendor\\laravel\\framework\\src\\Illuminate\\Foundation\\Http\\Kernel.php(175): Illuminate\\Pipeline\\Pipeline->then(Object(Closure))
#67 F:\\Coding\\Web\\Laravel\\agenda\\agenda\\vendor\\laravel\\framework\\src\\Illuminate\\Foundation\\Http\\Kernel.php(144): Illuminate\\Foundation\\Http\\Kernel->sendRequestThroughRouter(Object(Illuminate\\Http\\Request))
#68 F:\\Coding\\Web\\Laravel\\agenda\\agenda\\vendor\\laravel\\framework\\src\\Illuminate\\Foundation\\Application.php(1219): Illuminate\\Foundation\\Http\\Kernel->handle(Object(Illuminate\\Http\\Request))
#69 F:\\Coding\\Web\\Laravel\\agenda\\agenda\\public\\index.php(20): Illuminate\\Foundation\\Application->handleRequest(Object(Illuminate\\Http\\Request))
#70 F:\\Coding\\Web\\Laravel\\agenda\\agenda\\vendor\\laravel\\framework\\src\\Illuminate\\Foundation\\resources\\server.php(23): require_once('F:\\\\Coding\\\\Web\\\\L...')
#71 {main}

[previous exception] [object] (BadMethodCallException(code: 0): Method App\\Livewire\\CalendarAdmin::getTimeOptions does not exist. at F:\\Coding\\Web\\Laravel\\agenda\\agenda\\vendor\\livewire\\livewire\\src\\Component.php:136)
[stacktrace]
#0 F:\\Coding\\Web\\Laravel\\agenda\\agenda\\storage\\framework\\views\\c552173cff25057dfa4cae194d5a5944.php(117): Livewire\\Component->__call('getTimeOptions', Array)
#1 F:\\Coding\\Web\\Laravel\\agenda\\agenda\\vendor\\livewire\\livewire\\src\\Mechanisms\\ExtendBlade\\ExtendedCompilerEngine.php(37): include('F:\\\\Coding\\\\Web\\\\L...')
#2 F:\\Coding\\Web\\Laravel\\agenda\\agenda\\vendor\\livewire\\livewire\\src\\Mechanisms\\ExtendBlade\\ExtendedCompilerEngine.php(38): App\\Livewire\\CalendarAdmin->Livewire\\Mechanisms\\ExtendBlade\\{closure}()
#3 F:\\Coding\\Web\\Laravel\\agenda\\agenda\\vendor\\laravel\\framework\\src\\Illuminate\\View\\Engines\\CompilerEngine.php(76): Livewire\\Mechanisms\\ExtendBlade\\ExtendedCompilerEngine->evaluatePath('F:\\\\Coding\\\\Web\\\\L...', Array)
#4 F:\\Coding\\Web\\Laravel\\agenda\\agenda\\vendor\\livewire\\livewire\\src\\Mechanisms\\ExtendBlade\\ExtendedCompilerEngine.php(16): Illuminate\\View\\Engines\\CompilerEngine->get('F:\\\\Coding\\\\Web\\\\L...', Array)
#5 F:\\Coding\\Web\\Laravel\\agenda\\agenda\\vendor\\laravel\\framework\\src\\Illuminate\\View\\View.php(208): Livewire\\Mechanisms\\ExtendBlade\\ExtendedCompilerEngine->get('F:\\\\Coding\\\\Web\\\\L...', Array)
#6 F:\\Coding\\Web\\Laravel\\agenda\\agenda\\vendor\\laravel\\framework\\src\\Illuminate\\View\\View.php(191): Illuminate\\View\\View->getContents()
#7 F:\\Coding\\Web\\Laravel\\agenda\\agenda\\vendor\\laravel\\framework\\src\\Illuminate\\View\\View.php(160): Illuminate\\View\\View->renderContents()
#8 F:\\Coding\\Web\\Laravel\\agenda\\agenda\\storage\\framework\\views\\2402510ce86b8be5b981a90d88f2e006.php(17): Illuminate\\View\\View->render()
#9 F:\\Coding\\Web\\Laravel\\agenda\\agenda\\vendor\\livewire\\livewire\\src\\Mechanisms\\ExtendBlade\\ExtendedCompilerEngine.php(37): include('F:\\\\Coding\\\\Web\\\\L...')
#10 F:\\Coding\\Web\\Laravel\\agenda\\agenda\\vendor\\livewire\\livewire\\src\\Mechanisms\\ExtendBlade\\ExtendedCompilerEngine.php(38): App\\Livewire\\CalendarAdmin->Livewire\\Mechanisms\\ExtendBlade\\{closure}()
#11 F:\\Coding\\Web\\Laravel\\agenda\\agenda\\vendor\\laravel\\framework\\src\\Illuminate\\View\\Engines\\CompilerEngine.php(76): Livewire\\Mechanisms\\ExtendBlade\\ExtendedCompilerEngine->evaluatePath('F:\\\\Coding\\\\Web\\\\L...', Array)
#12 F:\\Coding\\Web\\Laravel\\agenda\\agenda\\vendor\\livewire\\livewire\\src\\Mechanisms\\ExtendBlade\\ExtendedCompilerEngine.php(16): Illuminate\\View\\Engines\\CompilerEngine->get('F:\\\\Coding\\\\Web\\\\L...', Array)
#13 F:\\Coding\\Web\\Laravel\\agenda\\agenda\\vendor\\laravel\\framework\\src\\Illuminate\\View\\View.php(208): Livewire\\Mechanisms\\ExtendBlade\\ExtendedCompilerEngine->get('F:\\\\Coding\\\\Web\\\\L...', Array)
#14 F:\\Coding\\Web\\Laravel\\agenda\\agenda\\vendor\\laravel\\framework\\src\\Illuminate\\View\\View.php(191): Illuminate\\View\\View->getContents()
#15 F:\\Coding\\Web\\Laravel\\agenda\\agenda\\vendor\\laravel\\framework\\src\\Illuminate\\View\\View.php(160): Illuminate\\View\\View->renderContents()
#16 F:\\Coding\\Web\\Laravel\\agenda\\agenda\\vendor\\livewire\\livewire\\src\\Mechanisms\\HandleComponents\\HandleComponents.php(259): Illuminate\\View\\View->render(Object(Closure))
#17 F:\\Coding\\Web\\Laravel\\agenda\\agenda\\vendor\\livewire\\livewire\\src\\Mechanisms\\HandleComponents\\HandleComponents.php(303): Livewire\\Mechanisms\\HandleComponents\\HandleComponents->Livewire\\Mechanisms\\HandleComponents\\{closure}()
#18 F:\\Coding\\Web\\Laravel\\agenda\\agenda\\vendor\\livewire\\livewire\\src\\Mechanisms\\HandleComponents\\HandleComponents.php(251): Livewire\\Mechanisms\\HandleComponents\\HandleComponents->trackInRenderStack(Object(App\\Livewire\\CalendarAdmin), Object(Closure))
#19 F:\\Coding\\Web\\Laravel\\agenda\\agenda\\vendor\\livewire\\livewire\\src\\Mechanisms\\HandleComponents\\HandleComponents.php(104): Livewire\\Mechanisms\\HandleComponents\\HandleComponents->render(Object(App\\Livewire\\CalendarAdmin))
#20 F:\\Coding\\Web\\Laravel\\agenda\\agenda\\vendor\\livewire\\livewire\\src\\LivewireManager.php(102): Livewire\\Mechanisms\\HandleComponents\\HandleComponents->update(Array, Array, Array)
#21 F:\\Coding\\Web\\Laravel\\agenda\\agenda\\vendor\\livewire\\volt\\src\\LivewireManager.php(35): Livewire\\LivewireManager->update(Array, Array, Array)
#22 F:\\Coding\\Web\\Laravel\\agenda\\agenda\\vendor\\livewire\\livewire\\src\\Mechanisms\\HandleRequests\\HandleRequests.php(94): Livewire\\Volt\\LivewireManager->update(Array, Array, Array)
#23 F:\\Coding\\Web\\Laravel\\agenda\\agenda\\vendor\\laravel\\framework\\src\\Illuminate\\Routing\\ControllerDispatcher.php(46): Livewire\\Mechanisms\\HandleRequests\\HandleRequests->handleUpdate()
#24 F:\\Coding\\Web\\Laravel\\agenda\\agenda\\vendor\\laravel\\framework\\src\\Illuminate\\Routing\\Route.php(265): Illuminate\\Routing\\ControllerDispatcher->dispatch(Object(Illuminate\\Routing\\Route), Object(Livewire\\Mechanisms\\HandleRequests\\HandleRequests), 'handleUpdate')
#25 F:\\Coding\\Web\\Laravel\\agenda\\agenda\\vendor\\laravel\\framework\\src\\Illuminate\\Routing\\Route.php(211): Illuminate\\Routing\\Route->runController()
#26 F:\\Coding\\Web\\Laravel\\agenda\\agenda\\vendor\\laravel\\framework\\src\\Illuminate\\Routing\\Router.php(808): Illuminate\\Routing\\Route->run()
#27 F:\\Coding\\Web\\Laravel\\agenda\\agenda\\vendor\\laravel\\framework\\src\\Illuminate\\Pipeline\\Pipeline.php(169): Illuminate\\Routing\\Router->Illuminate\\Routing\\{closure}(Object(Illuminate\\Http\\Request))
#28 F:\\Coding\\Web\\Laravel\\agenda\\agenda\\vendor\\laravel\\framework\\src\\Illuminate\\Routing\\Middleware\\SubstituteBindings.php(50): Illuminate\\Pipeline\\Pipeline->Illuminate\\Pipeline\\{closure}(Object(Illuminate\\Http\\Request))
#29 F:\\Coding\\Web\\Laravel\\agenda\\agenda\\vendor\\laravel\\framework\\src\\Illuminate\\Pipeline\\Pipeline.php(208): Illuminate\\Routing\\Middleware\\SubstituteBindings->handle(Object(Illuminate\\Http\\Request), Object(Closure))
#30 F:\\Coding\\Web\\Laravel\\agenda\\agenda\\vendor\\laravel\\framework\\src\\Illuminate\\Foundation\\Http\\Middleware\\VerifyCsrfToken.php(87): Illuminate\\Pipeline\\Pipeline->Illuminate\\Pipeline\\{closure}(Object(Illuminate\\Http\\Request))
#31 F:\\Coding\\Web\\Laravel\\agenda\\agenda\\vendor\\laravel\\framework\\src\\Illuminate\\Pipeline\\Pipeline.php(208): Illuminate\\Foundation\\Http\\Middleware\\VerifyCsrfToken->handle(Object(Illuminate\\Http\\Request), Object(Closure))
#32 F:\\Coding\\Web\\Laravel\\agenda\\agenda\\vendor\\laravel\\framework\\src\\Illuminate\\View\\Middleware\\ShareErrorsFromSession.php(48): Illuminate\\Pipeline\\Pipeline->Illuminate\\Pipeline\\{closure}(Object(Illuminate\\Http\\Request))
#33 F:\\Coding\\Web\\Laravel\\agenda\\agenda\\vendor\\laravel\\framework\\src\\Illuminate\\Pipeline\\Pipeline.php(208): Illuminate\\View\\Middleware\\ShareErrorsFromSession->handle(Object(Illuminate\\Http\\Request), Object(Closure))
#34 F:\\Coding\\Web\\Laravel\\agenda\\agenda\\vendor\\laravel\\framework\\src\\Illuminate\\Session\\Middleware\\StartSession.php(120): Illuminate\\Pipeline\\Pipeline->Illuminate\\Pipeline\\{closure}(Object(Illuminate\\Http\\Request))
#35 F:\\Coding\\Web\\Laravel\\agenda\\agenda\\vendor\\laravel\\framework\\src\\Illuminate\\Session\\Middleware\\StartSession.php(63): Illuminate\\Session\\Middleware\\StartSession->handleStatefulRequest(Object(Illuminate\\Http\\Request), Object(Illuminate\\Session\\Store), Object(Closure))
#36 F:\\Coding\\Web\\Laravel\\agenda\\agenda\\vendor\\laravel\\framework\\src\\Illuminate\\Pipeline\\Pipeline.php(208): Illuminate\\Session\\Middleware\\StartSession->handle(Object(Illuminate\\Http\\Request), Object(Closure))
#37 F:\\Coding\\Web\\Laravel\\agenda\\agenda\\vendor\\laravel\\framework\\src\\Illuminate\\Cookie\\Middleware\\AddQueuedCookiesToResponse.php(36): Illuminate\\Pipeline\\Pipeline->Illuminate\\Pipeline\\{closure}(Object(Illuminate\\Http\\Request))
#38 F:\\Coding\\Web\\Laravel\\agenda\\agenda\\vendor\\laravel\\framework\\src\\Illuminate\\Pipeline\\Pipeline.php(208): Illuminate\\Cookie\\Middleware\\AddQueuedCookiesToResponse->handle(Object(Illuminate\\Http\\Request), Object(Closure))
#39 F:\\Coding\\Web\\Laravel\\agenda\\agenda\\vendor\\laravel\\framework\\src\\Illuminate\\Cookie\\Middleware\\EncryptCookies.php(74): Illuminate\\Pipeline\\Pipeline->Illuminate\\Pipeline\\{closure}(Object(Illuminate\\Http\\Request))
#40 F:\\Coding\\Web\\Laravel\\agenda\\agenda\\vendor\\laravel\\framework\\src\\Illuminate\\Pipeline\\Pipeline.php(208): Illuminate\\Cookie\\Middleware\\EncryptCookies->handle(Object(Illuminate\\Http\\Request), Object(Closure))
#41 F:\\Coding\\Web\\Laravel\\agenda\\agenda\\vendor\\laravel\\framework\\src\\Illuminate\\Pipeline\\Pipeline.php(126): Illuminate\\Pipeline\\Pipeline->Illuminate\\Pipeline\\{closure}(Object(Illuminate\\Http\\Request))
#42 F:\\Coding\\Web\\Laravel\\agenda\\agenda\\vendor\\laravel\\framework\\src\\Illuminate\\Routing\\Router.php(807): Illuminate\\Pipeline\\Pipeline->then(Object(Closure))
#43 F:\\Coding\\Web\\Laravel\\agenda\\agenda\\vendor\\laravel\\framework\\src\\Illuminate\\Routing\\Router.php(786): Illuminate\\Routing\\Router->runRouteWithinStack(Object(Illuminate\\Routing\\Route), Object(Illuminate\\Http\\Request))
#44 F:\\Coding\\Web\\Laravel\\agenda\\agenda\\vendor\\laravel\\framework\\src\\Illuminate\\Routing\\Router.php(750): Illuminate\\Routing\\Router->runRoute(Object(Illuminate\\Http\\Request), Object(Illuminate\\Routing\\Route))
#45 F:\\Coding\\Web\\Laravel\\agenda\\agenda\\vendor\\laravel\\framework\\src\\Illuminate\\Routing\\Router.php(739): Illuminate\\Routing\\Router->dispatchToRoute(Object(Illuminate\\Http\\Request))
#46 F:\\Coding\\Web\\Laravel\\agenda\\agenda\\vendor\\laravel\\framework\\src\\Illuminate\\Foundation\\Http\\Kernel.php(200): Illuminate\\Routing\\Router->dispatch(Object(Illuminate\\Http\\Request))
#47 F:\\Coding\\Web\\Laravel\\agenda\\agenda\\vendor\\laravel\\framework\\src\\Illuminate\\Pipeline\\Pipeline.php(169): Illuminate\\Foundation\\Http\\Kernel->Illuminate\\Foundation\\Http\\{closure}(Object(Illuminate\\Http\\Request))
#48 F:\\Coding\\Web\\Laravel\\agenda\\agenda\\vendor\\livewire\\livewire\\src\\Features\\SupportDisablingBackButtonCache\\DisableBackButtonCacheMiddleware.php(19): Illuminate\\Pipeline\\Pipeline->Illuminate\\Pipeline\\{closure}(Object(Illuminate\\Http\\Request))
#49 F:\\Coding\\Web\\Laravel\\agenda\\agenda\\vendor\\laravel\\framework\\src\\Illuminate\\Pipeline\\Pipeline.php(208): Livewire\\Features\\SupportDisablingBackButtonCache\\DisableBackButtonCacheMiddleware->handle(Object(Illuminate\\Http\\Request), Object(Closure))
#50 F:\\Coding\\Web\\Laravel\\agenda\\agenda\\vendor\\laravel\\framework\\src\\Illuminate\\Foundation\\Http\\Middleware\\ConvertEmptyStringsToNull.php(27): Illuminate\\Pipeline\\Pipeline->Illuminate\\Pipeline\\{closure}(Object(Illuminate\\Http\\Request))
#51 F:\\Coding\\Web\\Laravel\\agenda\\agenda\\vendor\\laravel\\framework\\src\\Illuminate\\Pipeline\\Pipeline.php(208): Illuminate\\Foundation\\Http\\Middleware\\ConvertEmptyStringsToNull->handle(Object(Illuminate\\Http\\Request), Object(Closure))
#52 F:\\Coding\\Web\\Laravel\\agenda\\agenda\\vendor\\laravel\\framework\\src\\Illuminate\\Foundation\\Http\\Middleware\\TrimStrings.php(47): Illuminate\\Pipeline\\Pipeline->Illuminate\\Pipeline\\{closure}(Object(Illuminate\\Http\\Request))
#53 F:\\Coding\\Web\\Laravel\\agenda\\agenda\\vendor\\laravel\\framework\\src\\Illuminate\\Pipeline\\Pipeline.php(208): Illuminate\\Foundation\\Http\\Middleware\\TrimStrings->handle(Object(Illuminate\\Http\\Request), Object(Closure))
#54 F:\\Coding\\Web\\Laravel\\agenda\\agenda\\vendor\\laravel\\framework\\src\\Illuminate\\Http\\Middleware\\ValidatePostSize.php(27): Illuminate\\Pipeline\\Pipeline->Illuminate\\Pipeline\\{closure}(Object(Illuminate\\Http\\Request))
#55 F:\\Coding\\Web\\Laravel\\agenda\\agenda\\vendor\\laravel\\framework\\src\\Illuminate\\Pipeline\\Pipeline.php(208): Illuminate\\Http\\Middleware\\ValidatePostSize->handle(Object(Illuminate\\Http\\Request), Object(Closure))
#56 F:\\Coding\\Web\\Laravel\\agenda\\agenda\\vendor\\laravel\\framework\\src\\Illuminate\\Foundation\\Http\\Middleware\\PreventRequestsDuringMaintenance.php(109): Illuminate\\Pipeline\\Pipeline->Illuminate\\Pipeline\\{closure}(Object(Illuminate\\Http\\Request))
#57 F:\\Coding\\Web\\Laravel\\agenda\\agenda\\vendor\\laravel\\framework\\src\\Illuminate\\Pipeline\\Pipeline.php(208): Illuminate\\Foundation\\Http\\Middleware\\PreventRequestsDuringMaintenance->handle(Object(Illuminate\\Http\\Request), Object(Closure))
#58 F:\\Coding\\Web\\Laravel\\agenda\\agenda\\vendor\\laravel\\framework\\src\\Illuminate\\Http\\Middleware\\HandleCors.php(48): Illuminate\\Pipeline\\Pipeline->Illuminate\\Pipeline\\{closure}(Object(Illuminate\\Http\\Request))
#59 F:\\Coding\\Web\\Laravel\\agenda\\agenda\\vendor\\laravel\\framework\\src\\Illuminate\\Pipeline\\Pipeline.php(208): Illuminate\\Http\\Middleware\\HandleCors->handle(Object(Illuminate\\Http\\Request), Object(Closure))
#60 F:\\Coding\\Web\\Laravel\\agenda\\agenda\\vendor\\laravel\\framework\\src\\Illuminate\\Http\\Middleware\\TrustProxies.php(58): Illuminate\\Pipeline\\Pipeline->Illuminate\\Pipeline\\{closure}(Object(Illuminate\\Http\\Request))
#61 F:\\Coding\\Web\\Laravel\\agenda\\agenda\\vendor\\laravel\\framework\\src\\Illuminate\\Pipeline\\Pipeline.php(208): Illuminate\\Http\\Middleware\\TrustProxies->handle(Object(Illuminate\\Http\\Request), Object(Closure))
#62 F:\\Coding\\Web\\Laravel\\agenda\\agenda\\vendor\\laravel\\framework\\src\\Illuminate\\Foundation\\Http\\Middleware\\InvokeDeferredCallbacks.php(22): Illuminate\\Pipeline\\Pipeline->Illuminate\\Pipeline\\{closure}(Object(Illuminate\\Http\\Request))
#63 F:\\Coding\\Web\\Laravel\\agenda\\agenda\\vendor\\laravel\\framework\\src\\Illuminate\\Pipeline\\Pipeline.php(208): Illuminate\\Foundation\\Http\\Middleware\\InvokeDeferredCallbacks->handle(Object(Illuminate\\Http\\Request), Object(Closure))
#64 F:\\Coding\\Web\\Laravel\\agenda\\agenda\\vendor\\laravel\\framework\\src\\Illuminate\\Http\\Middleware\\ValidatePathEncoding.php(26): Illuminate\\Pipeline\\Pipeline->Illuminate\\Pipeline\\{closure}(Object(Illuminate\\Http\\Request))
#65 F:\\Coding\\Web\\Laravel\\agenda\\agenda\\vendor\\laravel\\framework\\src\\Illuminate\\Pipeline\\Pipeline.php(208): Illuminate\\Http\\Middleware\\ValidatePathEncoding->handle(Object(Illuminate\\Http\\Request), Object(Closure))
#66 F:\\Coding\\Web\\Laravel\\agenda\\agenda\\vendor\\laravel\\framework\\src\\Illuminate\\Pipeline\\Pipeline.php(126): Illuminate\\Pipeline\\Pipeline->Illuminate\\Pipeline\\{closure}(Object(Illuminate\\Http\\Request))
#67 F:\\Coding\\Web\\Laravel\\agenda\\agenda\\vendor\\laravel\\framework\\src\\Illuminate\\Foundation\\Http\\Kernel.php(175): Illuminate\\Pipeline\\Pipeline->then(Object(Closure))
#68 F:\\Coding\\Web\\Laravel\\agenda\\agenda\\vendor\\laravel\\framework\\src\\Illuminate\\Foundation\\Http\\Kernel.php(144): Illuminate\\Foundation\\Http\\Kernel->sendRequestThroughRouter(Object(Illuminate\\Http\\Request))
#69 F:\\Coding\\Web\\Laravel\\agenda\\agenda\\vendor\\laravel\\framework\\src\\Illuminate\\Foundation\\Application.php(1219): Illuminate\\Foundation\\Http\\Kernel->handle(Object(Illuminate\\Http\\Request))
#70 F:\\Coding\\Web\\Laravel\\agenda\\agenda\\public\\index.php(20): Illuminate\\Foundation\\Application->handleRequest(Object(Illuminate\\Http\\Request))
#71 F:\\Coding\\Web\\Laravel\\agenda\\agenda\\vendor\\laravel\\framework\\src\\Illuminate\\Foundation\\resources\\server.php(23): require_once('F:\\\\Coding\\\\Web\\\\L...')
#72 {main}
"} 
[2025-09-08 23:56:27] local.ERROR: Method App\Livewire\CalendarAdmin::getTimeOptions does not exist. (View: F:\Coding\Web\Laravel\agenda\agenda\resources\views\partials\modal-create.blade.php) (View: F:\Coding\Web\Laravel\agenda\agenda\resources\views\partials\modal-create.blade.php) {"userId":1,"exception":"[object] (Illuminate\\View\\ViewException(code: 0): Method App\\Livewire\\CalendarAdmin::getTimeOptions does not exist. (View: F:\\Coding\\Web\\Laravel\\agenda\\agenda\\resources\\views\\partials\\modal-create.blade.php) (View: F:\\Coding\\Web\\Laravel\\agenda\\agenda\\resources\\views\\partials\\modal-create.blade.php) at F:\\Coding\\Web\\Laravel\\agenda\\agenda\\vendor\\livewire\\livewire\\src\\Component.php:136)
[stacktrace]
#0 F:\\Coding\\Web\\Laravel\\agenda\\agenda\\vendor\\livewire\\livewire\\src\\Mechanisms\\ExtendBlade\\ExtendedCompilerEngine.php(58): Illuminate\\View\\Engines\\CompilerEngine->handleViewException(Object(Illuminate\\View\\ViewException), 1)
#1 F:\\Coding\\Web\\Laravel\\agenda\\agenda\\vendor\\livewire\\livewire\\src\\Mechanisms\\ExtendBlade\\ExtendedCompilerEngine.php(40): Livewire\\Mechanisms\\ExtendBlade\\ExtendedCompilerEngine->handleViewException(Object(Illuminate\\View\\ViewException), 1)
#2 F:\\Coding\\Web\\Laravel\\agenda\\agenda\\vendor\\laravel\\framework\\src\\Illuminate\\View\\Engines\\CompilerEngine.php(76): Livewire\\Mechanisms\\ExtendBlade\\ExtendedCompilerEngine->evaluatePath('F:\\\\Coding\\\\Web\\\\L...', Array)
#3 F:\\Coding\\Web\\Laravel\\agenda\\agenda\\vendor\\livewire\\livewire\\src\\Mechanisms\\ExtendBlade\\ExtendedCompilerEngine.php(16): Illuminate\\View\\Engines\\CompilerEngine->get('F:\\\\Coding\\\\Web\\\\L...', Array)
#4 F:\\Coding\\Web\\Laravel\\agenda\\agenda\\vendor\\laravel\\framework\\src\\Illuminate\\View\\View.php(208): Livewire\\Mechanisms\\ExtendBlade\\ExtendedCompilerEngine->get('F:\\\\Coding\\\\Web\\\\L...', Array)
#5 F:\\Coding\\Web\\Laravel\\agenda\\agenda\\vendor\\laravel\\framework\\src\\Illuminate\\View\\View.php(191): Illuminate\\View\\View->getContents()
#6 F:\\Coding\\Web\\Laravel\\agenda\\agenda\\vendor\\laravel\\framework\\src\\Illuminate\\View\\View.php(160): Illuminate\\View\\View->renderContents()
#7 F:\\Coding\\Web\\Laravel\\agenda\\agenda\\vendor\\livewire\\livewire\\src\\Mechanisms\\HandleComponents\\HandleComponents.php(259): Illuminate\\View\\View->render(Object(Closure))
#8 F:\\Coding\\Web\\Laravel\\agenda\\agenda\\vendor\\livewire\\livewire\\src\\Mechanisms\\HandleComponents\\HandleComponents.php(303): Livewire\\Mechanisms\\HandleComponents\\HandleComponents->Livewire\\Mechanisms\\HandleComponents\\{closure}()
#9 F:\\Coding\\Web\\Laravel\\agenda\\agenda\\vendor\\livewire\\livewire\\src\\Mechanisms\\HandleComponents\\HandleComponents.php(251): Livewire\\Mechanisms\\HandleComponents\\HandleComponents->trackInRenderStack(Object(App\\Livewire\\CalendarAdmin), Object(Closure))
#10 F:\\Coding\\Web\\Laravel\\agenda\\agenda\\vendor\\livewire\\livewire\\src\\Mechanisms\\HandleComponents\\HandleComponents.php(104): Livewire\\Mechanisms\\HandleComponents\\HandleComponents->render(Object(App\\Livewire\\CalendarAdmin))
#11 F:\\Coding\\Web\\Laravel\\agenda\\agenda\\vendor\\livewire\\livewire\\src\\LivewireManager.php(102): Livewire\\Mechanisms\\HandleComponents\\HandleComponents->update(Array, Array, Array)
#12 F:\\Coding\\Web\\Laravel\\agenda\\agenda\\vendor\\livewire\\volt\\src\\LivewireManager.php(35): Livewire\\LivewireManager->update(Array, Array, Array)
#13 F:\\Coding\\Web\\Laravel\\agenda\\agenda\\vendor\\livewire\\livewire\\src\\Mechanisms\\HandleRequests\\HandleRequests.php(94): Livewire\\Volt\\LivewireManager->update(Array, Array, Array)
#14 F:\\Coding\\Web\\Laravel\\agenda\\agenda\\vendor\\laravel\\framework\\src\\Illuminate\\Routing\\ControllerDispatcher.php(46): Livewire\\Mechanisms\\HandleRequests\\HandleRequests->handleUpdate()
#15 F:\\Coding\\Web\\Laravel\\agenda\\agenda\\vendor\\laravel\\framework\\src\\Illuminate\\Routing\\Route.php(265): Illuminate\\Routing\\ControllerDispatcher->dispatch(Object(Illuminate\\Routing\\Route), Object(Livewire\\Mechanisms\\HandleRequests\\HandleRequests), 'handleUpdate')
#16 F:\\Coding\\Web\\Laravel\\agenda\\agenda\\vendor\\laravel\\framework\\src\\Illuminate\\Routing\\Route.php(211): Illuminate\\Routing\\Route->runController()
#17 F:\\Coding\\Web\\Laravel\\agenda\\agenda\\vendor\\laravel\\framework\\src\\Illuminate\\Routing\\Router.php(808): Illuminate\\Routing\\Route->run()
#18 F:\\Coding\\Web\\Laravel\\agenda\\agenda\\vendor\\laravel\\framework\\src\\Illuminate\\Pipeline\\Pipeline.php(169): Illuminate\\Routing\\Router->Illuminate\\Routing\\{closure}(Object(Illuminate\\Http\\Request))
#19 F:\\Coding\\Web\\Laravel\\agenda\\agenda\\vendor\\laravel\\framework\\src\\Illuminate\\Routing\\Middleware\\SubstituteBindings.php(50): Illuminate\\Pipeline\\Pipeline->Illuminate\\Pipeline\\{closure}(Object(Illuminate\\Http\\Request))
#20 F:\\Coding\\Web\\Laravel\\agenda\\agenda\\vendor\\laravel\\framework\\src\\Illuminate\\Pipeline\\Pipeline.php(208): Illuminate\\Routing\\Middleware\\SubstituteBindings->handle(Object(Illuminate\\Http\\Request), Object(Closure))
#21 F:\\Coding\\Web\\Laravel\\agenda\\agenda\\vendor\\laravel\\framework\\src\\Illuminate\\Foundation\\Http\\Middleware\\VerifyCsrfToken.php(87): Illuminate\\Pipeline\\Pipeline->Illuminate\\Pipeline\\{closure}(Object(Illuminate\\Http\\Request))
#22 F:\\Coding\\Web\\Laravel\\agenda\\agenda\\vendor\\laravel\\framework\\src\\Illuminate\\Pipeline\\Pipeline.php(208): Illuminate\\Foundation\\Http\\Middleware\\VerifyCsrfToken->handle(Object(Illuminate\\Http\\Request), Object(Closure))
#23 F:\\Coding\\Web\\Laravel\\agenda\\agenda\\vendor\\laravel\\framework\\src\\Illuminate\\View\\Middleware\\ShareErrorsFromSession.php(48): Illuminate\\Pipeline\\Pipeline->Illuminate\\Pipeline\\{closure}(Object(Illuminate\\Http\\Request))
#24 F:\\Coding\\Web\\Laravel\\agenda\\agenda\\vendor\\laravel\\framework\\src\\Illuminate\\Pipeline\\Pipeline.php(208): Illuminate\\View\\Middleware\\ShareErrorsFromSession->handle(Object(Illuminate\\Http\\Request), Object(Closure))
#25 F:\\Coding\\Web\\Laravel\\agenda\\agenda\\vendor\\laravel\\framework\\src\\Illuminate\\Session\\Middleware\\StartSession.php(120): Illuminate\\Pipeline\\Pipeline->Illuminate\\Pipeline\\{closure}(Object(Illuminate\\Http\\Request))
#26 F:\\Coding\\Web\\Laravel\\agenda\\agenda\\vendor\\laravel\\framework\\src\\Illuminate\\Session\\Middleware\\StartSession.php(63): Illuminate\\Session\\Middleware\\StartSession->handleStatefulRequest(Object(Illuminate\\Http\\Request), Object(Illuminate\\Session\\Store), Object(Closure))
#27 F:\\Coding\\Web\\Laravel\\agenda\\agenda\\vendor\\laravel\\framework\\src\\Illuminate\\Pipeline\\Pipeline.php(208): Illuminate\\Session\\Middleware\\StartSession->handle(Object(Illuminate\\Http\\Request), Object(Closure))
#28 F:\\Coding\\Web\\Laravel\\agenda\\agenda\\vendor\\laravel\\framework\\src\\Illuminate\\Cookie\\Middleware\\AddQueuedCookiesToResponse.php(36): Illuminate\\Pipeline\\Pipeline->Illuminate\\Pipeline\\{closure}(Object(Illuminate\\Http\\Request))
#29 F:\\Coding\\Web\\Laravel\\agenda\\agenda\\vendor\\laravel\\framework\\src\\Illuminate\\Pipeline\\Pipeline.php(208): Illuminate\\Cookie\\Middleware\\AddQueuedCookiesToResponse->handle(Object(Illuminate\\Http\\Request), Object(Closure))
#30 F:\\Coding\\Web\\Laravel\\agenda\\agenda\\vendor\\laravel\\framework\\src\\Illuminate\\Cookie\\Middleware\\EncryptCookies.php(74): Illuminate\\Pipeline\\Pipeline->Illuminate\\Pipeline\\{closure}(Object(Illuminate\\Http\\Request))
#31 F:\\Coding\\Web\\Laravel\\agenda\\agenda\\vendor\\laravel\\framework\\src\\Illuminate\\Pipeline\\Pipeline.php(208): Illuminate\\Cookie\\Middleware\\EncryptCookies->handle(Object(Illuminate\\Http\\Request), Object(Closure))
#32 F:\\Coding\\Web\\Laravel\\agenda\\agenda\\vendor\\laravel\\framework\\src\\Illuminate\\Pipeline\\Pipeline.php(126): Illuminate\\Pipeline\\Pipeline->Illuminate\\Pipeline\\{closure}(Object(Illuminate\\Http\\Request))
#33 F:\\Coding\\Web\\Laravel\\agenda\\agenda\\vendor\\laravel\\framework\\src\\Illuminate\\Routing\\Router.php(807): Illuminate\\Pipeline\\Pipeline->then(Object(Closure))
#34 F:\\Coding\\Web\\Laravel\\agenda\\agenda\\vendor\\laravel\\framework\\src\\Illuminate\\Routing\\Router.php(786): Illuminate\\Routing\\Router->runRouteWithinStack(Object(Illuminate\\Routing\\Route), Object(Illuminate\\Http\\Request))
#35 F:\\Coding\\Web\\Laravel\\agenda\\agenda\\vendor\\laravel\\framework\\src\\Illuminate\\Routing\\Router.php(750): Illuminate\\Routing\\Router->runRoute(Object(Illuminate\\Http\\Request), Object(Illuminate\\Routing\\Route))
#36 F:\\Coding\\Web\\Laravel\\agenda\\agenda\\vendor\\laravel\\framework\\src\\Illuminate\\Routing\\Router.php(739): Illuminate\\Routing\\Router->dispatchToRoute(Object(Illuminate\\Http\\Request))
#37 F:\\Coding\\Web\\Laravel\\agenda\\agenda\\vendor\\laravel\\framework\\src\\Illuminate\\Foundation\\Http\\Kernel.php(200): Illuminate\\Routing\\Router->dispatch(Object(Illuminate\\Http\\Request))
#38 F:\\Coding\\Web\\Laravel\\agenda\\agenda\\vendor\\laravel\\framework\\src\\Illuminate\\Pipeline\\Pipeline.php(169): Illuminate\\Foundation\\Http\\Kernel->Illuminate\\Foundation\\Http\\{closure}(Object(Illuminate\\Http\\Request))
#39 F:\\Coding\\Web\\Laravel\\agenda\\agenda\\vendor\\livewire\\livewire\\src\\Features\\SupportDisablingBackButtonCache\\DisableBackButtonCacheMiddleware.php(19): Illuminate\\Pipeline\\Pipeline->Illuminate\\Pipeline\\{closure}(Object(Illuminate\\Http\\Request))
#40 F:\\Coding\\Web\\Laravel\\agenda\\agenda\\vendor\\laravel\\framework\\src\\Illuminate\\Pipeline\\Pipeline.php(208): Livewire\\Features\\SupportDisablingBackButtonCache\\DisableBackButtonCacheMiddleware->handle(Object(Illuminate\\Http\\Request), Object(Closure))
#41 F:\\Coding\\Web\\Laravel\\agenda\\agenda\\vendor\\laravel\\framework\\src\\Illuminate\\Foundation\\Http\\Middleware\\ConvertEmptyStringsToNull.php(27): Illuminate\\Pipeline\\Pipeline->Illuminate\\Pipeline\\{closure}(Object(Illuminate\\Http\\Request))
#42 F:\\Coding\\Web\\Laravel\\agenda\\agenda\\vendor\\laravel\\framework\\src\\Illuminate\\Pipeline\\Pipeline.php(208): Illuminate\\Foundation\\Http\\Middleware\\ConvertEmptyStringsToNull->handle(Object(Illuminate\\Http\\Request), Object(Closure))
#43 F:\\Coding\\Web\\Laravel\\agenda\\agenda\\vendor\\laravel\\framework\\src\\Illuminate\\Foundation\\Http\\Middleware\\TrimStrings.php(47): Illuminate\\Pipeline\\Pipeline->Illuminate\\Pipeline\\{closure}(Object(Illuminate\\Http\\Request))
#44 F:\\Coding\\Web\\Laravel\\agenda\\agenda\\vendor\\laravel\\framework\\src\\Illuminate\\Pipeline\\Pipeline.php(208): Illuminate\\Foundation\\Http\\Middleware\\TrimStrings->handle(Object(Illuminate\\Http\\Request), Object(Closure))
#45 F:\\Coding\\Web\\Laravel\\agenda\\agenda\\vendor\\laravel\\framework\\src\\Illuminate\\Http\\Middleware\\ValidatePostSize.php(27): Illuminate\\Pipeline\\Pipeline->Illuminate\\Pipeline\\{closure}(Object(Illuminate\\Http\\Request))
#46 F:\\Coding\\Web\\Laravel\\agenda\\agenda\\vendor\\laravel\\framework\\src\\Illuminate\\Pipeline\\Pipeline.php(208): Illuminate\\Http\\Middleware\\ValidatePostSize->handle(Object(Illuminate\\Http\\Request), Object(Closure))
#47 F:\\Coding\\Web\\Laravel\\agenda\\agenda\\vendor\\laravel\\framework\\src\\Illuminate\\Foundation\\Http\\Middleware\\PreventRequestsDuringMaintenance.php(109): Illuminate\\Pipeline\\Pipeline->Illuminate\\Pipeline\\{closure}(Object(Illuminate\\Http\\Request))
#48 F:\\Coding\\Web\\Laravel\\agenda\\agenda\\vendor\\laravel\\framework\\src\\Illuminate\\Pipeline\\Pipeline.php(208): Illuminate\\Foundation\\Http\\Middleware\\PreventRequestsDuringMaintenance->handle(Object(Illuminate\\Http\\Request), Object(Closure))
#49 F:\\Coding\\Web\\Laravel\\agenda\\agenda\\vendor\\laravel\\framework\\src\\Illuminate\\Http\\Middleware\\HandleCors.php(48): Illuminate\\Pipeline\\Pipeline->Illuminate\\Pipeline\\{closure}(Object(Illuminate\\Http\\Request))
#50 F:\\Coding\\Web\\Laravel\\agenda\\agenda\\vendor\\laravel\\framework\\src\\Illuminate\\Pipeline\\Pipeline.php(208): Illuminate\\Http\\Middleware\\HandleCors->handle(Object(Illuminate\\Http\\Request), Object(Closure))
#51 F:\\Coding\\Web\\Laravel\\agenda\\agenda\\vendor\\laravel\\framework\\src\\Illuminate\\Http\\Middleware\\TrustProxies.php(58): Illuminate\\Pipeline\\Pipeline->Illuminate\\Pipeline\\{closure}(Object(Illuminate\\Http\\Request))
#52 F:\\Coding\\Web\\Laravel\\agenda\\agenda\\vendor\\laravel\\framework\\src\\Illuminate\\Pipeline\\Pipeline.php(208): Illuminate\\Http\\Middleware\\TrustProxies->handle(Object(Illuminate\\Http\\Request), Object(Closure))
#53 F:\\Coding\\Web\\Laravel\\agenda\\agenda\\vendor\\laravel\\framework\\src\\Illuminate\\Foundation\\Http\\Middleware\\InvokeDeferredCallbacks.php(22): Illuminate\\Pipeline\\Pipeline->Illuminate\\Pipeline\\{closure}(Object(Illuminate\\Http\\Request))
#54 F:\\Coding\\Web\\Laravel\\agenda\\agenda\\vendor\\laravel\\framework\\src\\Illuminate\\Pipeline\\Pipeline.php(208): Illuminate\\Foundation\\Http\\Middleware\\InvokeDeferredCallbacks->handle(Object(Illuminate\\Http\\Request), Object(Closure))
#55 F:\\Coding\\Web\\Laravel\\agenda\\agenda\\vendor\\laravel\\framework\\src\\Illuminate\\Http\\Middleware\\ValidatePathEncoding.php(26): Illuminate\\Pipeline\\Pipeline->Illuminate\\Pipeline\\{closure}(Object(Illuminate\\Http\\Request))
#56 F:\\Coding\\Web\\Laravel\\agenda\\agenda\\vendor\\laravel\\framework\\src\\Illuminate\\Pipeline\\Pipeline.php(208): Illuminate\\Http\\Middleware\\ValidatePathEncoding->handle(Object(Illuminate\\Http\\Request), Object(Closure))
#57 F:\\Coding\\Web\\Laravel\\agenda\\agenda\\vendor\\laravel\\framework\\src\\Illuminate\\Pipeline\\Pipeline.php(126): Illuminate\\Pipeline\\Pipeline->Illuminate\\Pipeline\\{closure}(Object(Illuminate\\Http\\Request))
#58 F:\\Coding\\Web\\Laravel\\agenda\\agenda\\vendor\\laravel\\framework\\src\\Illuminate\\Foundation\\Http\\Kernel.php(175): Illuminate\\Pipeline\\Pipeline->then(Object(Closure))
#59 F:\\Coding\\Web\\Laravel\\agenda\\agenda\\vendor\\laravel\\framework\\src\\Illuminate\\Foundation\\Http\\Kernel.php(144): Illuminate\\Foundation\\Http\\Kernel->sendRequestThroughRouter(Object(Illuminate\\Http\\Request))
#60 F:\\Coding\\Web\\Laravel\\agenda\\agenda\\vendor\\laravel\\framework\\src\\Illuminate\\Foundation\\Application.php(1219): Illuminate\\Foundation\\Http\\Kernel->handle(Object(Illuminate\\Http\\Request))
#61 F:\\Coding\\Web\\Laravel\\agenda\\agenda\\public\\index.php(20): Illuminate\\Foundation\\Application->handleRequest(Object(Illuminate\\Http\\Request))
#62 F:\\Coding\\Web\\Laravel\\agenda\\agenda\\vendor\\laravel\\framework\\src\\Illuminate\\Foundation\\resources\\server.php(23): require_once('F:\\\\Coding\\\\Web\\\\L...')
#63 {main}

[previous exception] [object] (Illuminate\\View\\ViewException(code: 0): Method App\\Livewire\\CalendarAdmin::getTimeOptions does not exist. (View: F:\\Coding\\Web\\Laravel\\agenda\\agenda\\resources\\views\\partials\\modal-create.blade.php) at F:\\Coding\\Web\\Laravel\\agenda\\agenda\\vendor\\livewire\\livewire\\src\\Component.php:136)
[stacktrace]
#0 F:\\Coding\\Web\\Laravel\\agenda\\agenda\\vendor\\livewire\\livewire\\src\\Mechanisms\\ExtendBlade\\ExtendedCompilerEngine.php(58): Illuminate\\View\\Engines\\CompilerEngine->handleViewException(Object(BadMethodCallException), 2)
#1 F:\\Coding\\Web\\Laravel\\agenda\\agenda\\vendor\\livewire\\livewire\\src\\Mechanisms\\ExtendBlade\\ExtendedCompilerEngine.php(40): Livewire\\Mechanisms\\ExtendBlade\\ExtendedCompilerEngine->handleViewException(Object(BadMethodCallException), 2)
#2 F:\\Coding\\Web\\Laravel\\agenda\\agenda\\vendor\\laravel\\framework\\src\\Illuminate\\View\\Engines\\CompilerEngine.php(76): Livewire\\Mechanisms\\ExtendBlade\\ExtendedCompilerEngine->evaluatePath('F:\\\\Coding\\\\Web\\\\L...', Array)
#3 F:\\Coding\\Web\\Laravel\\agenda\\agenda\\vendor\\livewire\\livewire\\src\\Mechanisms\\ExtendBlade\\ExtendedCompilerEngine.php(16): Illuminate\\View\\Engines\\CompilerEngine->get('F:\\\\Coding\\\\Web\\\\L...', Array)
#4 F:\\Coding\\Web\\Laravel\\agenda\\agenda\\vendor\\laravel\\framework\\src\\Illuminate\\View\\View.php(208): Livewire\\Mechanisms\\ExtendBlade\\ExtendedCompilerEngine->get('F:\\\\Coding\\\\Web\\\\L...', Array)
#5 F:\\Coding\\Web\\Laravel\\agenda\\agenda\\vendor\\laravel\\framework\\src\\Illuminate\\View\\View.php(191): Illuminate\\View\\View->getContents()
#6 F:\\Coding\\Web\\Laravel\\agenda\\agenda\\vendor\\laravel\\framework\\src\\Illuminate\\View\\View.php(160): Illuminate\\View\\View->renderContents()
#7 F:\\Coding\\Web\\Laravel\\agenda\\agenda\\storage\\framework\\views\\2402510ce86b8be5b981a90d88f2e006.php(17): Illuminate\\View\\View->render()
#8 F:\\Coding\\Web\\Laravel\\agenda\\agenda\\vendor\\livewire\\livewire\\src\\Mechanisms\\ExtendBlade\\ExtendedCompilerEngine.php(37): include('F:\\\\Coding\\\\Web\\\\L...')
#9 F:\\Coding\\Web\\Laravel\\agenda\\agenda\\vendor\\livewire\\livewire\\src\\Mechanisms\\ExtendBlade\\ExtendedCompilerEngine.php(38): App\\Livewire\\CalendarAdmin->Livewire\\Mechanisms\\ExtendBlade\\{closure}()
#10 F:\\Coding\\Web\\Laravel\\agenda\\agenda\\vendor\\laravel\\framework\\src\\Illuminate\\View\\Engines\\CompilerEngine.php(76): Livewire\\Mechanisms\\ExtendBlade\\ExtendedCompilerEngine->evaluatePath('F:\\\\Coding\\\\Web\\\\L...', Array)
#11 F:\\Coding\\Web\\Laravel\\agenda\\agenda\\vendor\\livewire\\livewire\\src\\Mechanisms\\ExtendBlade\\ExtendedCompilerEngine.php(16): Illuminate\\View\\Engines\\CompilerEngine->get('F:\\\\Coding\\\\Web\\\\L...', Array)
#12 F:\\Coding\\Web\\Laravel\\agenda\\agenda\\vendor\\laravel\\framework\\src\\Illuminate\\View\\View.php(208): Livewire\\Mechanisms\\ExtendBlade\\ExtendedCompilerEngine->get('F:\\\\Coding\\\\Web\\\\L...', Array)
#13 F:\\Coding\\Web\\Laravel\\agenda\\agenda\\vendor\\laravel\\framework\\src\\Illuminate\\View\\View.php(191): Illuminate\\View\\View->getContents()
#14 F:\\Coding\\Web\\Laravel\\agenda\\agenda\\vendor\\laravel\\framework\\src\\Illuminate\\View\\View.php(160): Illuminate\\View\\View->renderContents()
#15 F:\\Coding\\Web\\Laravel\\agenda\\agenda\\vendor\\livewire\\livewire\\src\\Mechanisms\\HandleComponents\\HandleComponents.php(259): Illuminate\\View\\View->render(Object(Closure))
#16 F:\\Coding\\Web\\Laravel\\agenda\\agenda\\vendor\\livewire\\livewire\\src\\Mechanisms\\HandleComponents\\HandleComponents.php(303): Livewire\\Mechanisms\\HandleComponents\\HandleComponents->Livewire\\Mechanisms\\HandleComponents\\{closure}()
#17 F:\\Coding\\Web\\Laravel\\agenda\\agenda\\vendor\\livewire\\livewire\\src\\Mechanisms\\HandleComponents\\HandleComponents.php(251): Livewire\\Mechanisms\\HandleComponents\\HandleComponents->trackInRenderStack(Object(App\\Livewire\\CalendarAdmin), Object(Closure))
#18 F:\\Coding\\Web\\Laravel\\agenda\\agenda\\vendor\\livewire\\livewire\\src\\Mechanisms\\HandleComponents\\HandleComponents.php(104): Livewire\\Mechanisms\\HandleComponents\\HandleComponents->render(Object(App\\Livewire\\CalendarAdmin))
#19 F:\\Coding\\Web\\Laravel\\agenda\\agenda\\vendor\\livewire\\livewire\\src\\LivewireManager.php(102): Livewire\\Mechanisms\\HandleComponents\\HandleComponents->update(Array, Array, Array)
#20 F:\\Coding\\Web\\Laravel\\agenda\\agenda\\vendor\\livewire\\volt\\src\\LivewireManager.php(35): Livewire\\LivewireManager->update(Array, Array, Array)
#21 F:\\Coding\\Web\\Laravel\\agenda\\agenda\\vendor\\livewire\\livewire\\src\\Mechanisms\\HandleRequests\\HandleRequests.php(94): Livewire\\Volt\\LivewireManager->update(Array, Array, Array)
#22 F:\\Coding\\Web\\Laravel\\agenda\\agenda\\vendor\\laravel\\framework\\src\\Illuminate\\Routing\\ControllerDispatcher.php(46): Livewire\\Mechanisms\\HandleRequests\\HandleRequests->handleUpdate()
#23 F:\\Coding\\Web\\Laravel\\agenda\\agenda\\vendor\\laravel\\framework\\src\\Illuminate\\Routing\\Route.php(265): Illuminate\\Routing\\ControllerDispatcher->dispatch(Object(Illuminate\\Routing\\Route), Object(Livewire\\Mechanisms\\HandleRequests\\HandleRequests), 'handleUpdate')
#24 F:\\Coding\\Web\\Laravel\\agenda\\agenda\\vendor\\laravel\\framework\\src\\Illuminate\\Routing\\Route.php(211): Illuminate\\Routing\\Route->runController()
#25 F:\\Coding\\Web\\Laravel\\agenda\\agenda\\vendor\\laravel\\framework\\src\\Illuminate\\Routing\\Router.php(808): Illuminate\\Routing\\Route->run()
#26 F:\\Coding\\Web\\Laravel\\agenda\\agenda\\vendor\\laravel\\framework\\src\\Illuminate\\Pipeline\\Pipeline.php(169): Illuminate\\Routing\\Router->Illuminate\\Routing\\{closure}(Object(Illuminate\\Http\\Request))
#27 F:\\Coding\\Web\\Laravel\\agenda\\agenda\\vendor\\laravel\\framework\\src\\Illuminate\\Routing\\Middleware\\SubstituteBindings.php(50): Illuminate\\Pipeline\\Pipeline->Illuminate\\Pipeline\\{closure}(Object(Illuminate\\Http\\Request))
#28 F:\\Coding\\Web\\Laravel\\agenda\\agenda\\vendor\\laravel\\framework\\src\\Illuminate\\Pipeline\\Pipeline.php(208): Illuminate\\Routing\\Middleware\\SubstituteBindings->handle(Object(Illuminate\\Http\\Request), Object(Closure))
#29 F:\\Coding\\Web\\Laravel\\agenda\\agenda\\vendor\\laravel\\framework\\src\\Illuminate\\Foundation\\Http\\Middleware\\VerifyCsrfToken.php(87): Illuminate\\Pipeline\\Pipeline->Illuminate\\Pipeline\\{closure}(Object(Illuminate\\Http\\Request))
#30 F:\\Coding\\Web\\Laravel\\agenda\\agenda\\vendor\\laravel\\framework\\src\\Illuminate\\Pipeline\\Pipeline.php(208): Illuminate\\Foundation\\Http\\Middleware\\VerifyCsrfToken->handle(Object(Illuminate\\Http\\Request), Object(Closure))
#31 F:\\Coding\\Web\\Laravel\\agenda\\agenda\\vendor\\laravel\\framework\\src\\Illuminate\\View\\Middleware\\ShareErrorsFromSession.php(48): Illuminate\\Pipeline\\Pipeline->Illuminate\\Pipeline\\{closure}(Object(Illuminate\\Http\\Request))
#32 F:\\Coding\\Web\\Laravel\\agenda\\agenda\\vendor\\laravel\\framework\\src\\Illuminate\\Pipeline\\Pipeline.php(208): Illuminate\\View\\Middleware\\ShareErrorsFromSession->handle(Object(Illuminate\\Http\\Request), Object(Closure))
#33 F:\\Coding\\Web\\Laravel\\agenda\\agenda\\vendor\\laravel\\framework\\src\\Illuminate\\Session\\Middleware\\StartSession.php(120): Illuminate\\Pipeline\\Pipeline->Illuminate\\Pipeline\\{closure}(Object(Illuminate\\Http\\Request))
#34 F:\\Coding\\Web\\Laravel\\agenda\\agenda\\vendor\\laravel\\framework\\src\\Illuminate\\Session\\Middleware\\StartSession.php(63): Illuminate\\Session\\Middleware\\StartSession->handleStatefulRequest(Object(Illuminate\\Http\\Request), Object(Illuminate\\Session\\Store), Object(Closure))
#35 F:\\Coding\\Web\\Laravel\\agenda\\agenda\\vendor\\laravel\\framework\\src\\Illuminate\\Pipeline\\Pipeline.php(208): Illuminate\\Session\\Middleware\\StartSession->handle(Object(Illuminate\\Http\\Request), Object(Closure))
#36 F:\\Coding\\Web\\Laravel\\agenda\\agenda\\vendor\\laravel\\framework\\src\\Illuminate\\Cookie\\Middleware\\AddQueuedCookiesToResponse.php(36): Illuminate\\Pipeline\\Pipeline->Illuminate\\Pipeline\\{closure}(Object(Illuminate\\Http\\Request))
#37 F:\\Coding\\Web\\Laravel\\agenda\\agenda\\vendor\\laravel\\framework\\src\\Illuminate\\Pipeline\\Pipeline.php(208): Illuminate\\Cookie\\Middleware\\AddQueuedCookiesToResponse->handle(Object(Illuminate\\Http\\Request), Object(Closure))
#38 F:\\Coding\\Web\\Laravel\\agenda\\agenda\\vendor\\laravel\\framework\\src\\Illuminate\\Cookie\\Middleware\\EncryptCookies.php(74): Illuminate\\Pipeline\\Pipeline->Illuminate\\Pipeline\\{closure}(Object(Illuminate\\Http\\Request))
#39 F:\\Coding\\Web\\Laravel\\agenda\\agenda\\vendor\\laravel\\framework\\src\\Illuminate\\Pipeline\\Pipeline.php(208): Illuminate\\Cookie\\Middleware\\EncryptCookies->handle(Object(Illuminate\\Http\\Request), Object(Closure))
#40 F:\\Coding\\Web\\Laravel\\agenda\\agenda\\vendor\\laravel\\framework\\src\\Illuminate\\Pipeline\\Pipeline.php(126): Illuminate\\Pipeline\\Pipeline->Illuminate\\Pipeline\\{closure}(Object(Illuminate\\Http\\Request))
#41 F:\\Coding\\Web\\Laravel\\agenda\\agenda\\vendor\\laravel\\framework\\src\\Illuminate\\Routing\\Router.php(807): Illuminate\\Pipeline\\Pipeline->then(Object(Closure))
#42 F:\\Coding\\Web\\Laravel\\agenda\\agenda\\vendor\\laravel\\framework\\src\\Illuminate\\Routing\\Router.php(786): Illuminate\\Routing\\Router->runRouteWithinStack(Object(Illuminate\\Routing\\Route), Object(Illuminate\\Http\\Request))
#43 F:\\Coding\\Web\\Laravel\\agenda\\agenda\\vendor\\laravel\\framework\\src\\Illuminate\\Routing\\Router.php(750): Illuminate\\Routing\\Router->runRoute(Object(Illuminate\\Http\\Request), Object(Illuminate\\Routing\\Route))
#44 F:\\Coding\\Web\\Laravel\\agenda\\agenda\\vendor\\laravel\\framework\\src\\Illuminate\\Routing\\Router.php(739): Illuminate\\Routing\\Router->dispatchToRoute(Object(Illuminate\\Http\\Request))
#45 F:\\Coding\\Web\\Laravel\\agenda\\agenda\\vendor\\laravel\\framework\\src\\Illuminate\\Foundation\\Http\\Kernel.php(200): Illuminate\\Routing\\Router->dispatch(Object(Illuminate\\Http\\Request))
#46 F:\\Coding\\Web\\Laravel\\agenda\\agenda\\vendor\\laravel\\framework\\src\\Illuminate\\Pipeline\\Pipeline.php(169): Illuminate\\Foundation\\Http\\Kernel->Illuminate\\Foundation\\Http\\{closure}(Object(Illuminate\\Http\\Request))
#47 F:\\Coding\\Web\\Laravel\\agenda\\agenda\\vendor\\livewire\\livewire\\src\\Features\\SupportDisablingBackButtonCache\\DisableBackButtonCacheMiddleware.php(19): Illuminate\\Pipeline\\Pipeline->Illuminate\\Pipeline\\{closure}(Object(Illuminate\\Http\\Request))
#48 F:\\Coding\\Web\\Laravel\\agenda\\agenda\\vendor\\laravel\\framework\\src\\Illuminate\\Pipeline\\Pipeline.php(208): Livewire\\Features\\SupportDisablingBackButtonCache\\DisableBackButtonCacheMiddleware->handle(Object(Illuminate\\Http\\Request), Object(Closure))
#49 F:\\Coding\\Web\\Laravel\\agenda\\agenda\\vendor\\laravel\\framework\\src\\Illuminate\\Foundation\\Http\\Middleware\\ConvertEmptyStringsToNull.php(27): Illuminate\\Pipeline\\Pipeline->Illuminate\\Pipeline\\{closure}(Object(Illuminate\\Http\\Request))
#50 F:\\Coding\\Web\\Laravel\\agenda\\agenda\\vendor\\laravel\\framework\\src\\Illuminate\\Pipeline\\Pipeline.php(208): Illuminate\\Foundation\\Http\\Middleware\\ConvertEmptyStringsToNull->handle(Object(Illuminate\\Http\\Request), Object(Closure))
#51 F:\\Coding\\Web\\Laravel\\agenda\\agenda\\vendor\\laravel\\framework\\src\\Illuminate\\Foundation\\Http\\Middleware\\TrimStrings.php(47): Illuminate\\Pipeline\\Pipeline->Illuminate\\Pipeline\\{closure}(Object(Illuminate\\Http\\Request))
#52 F:\\Coding\\Web\\Laravel\\agenda\\agenda\\vendor\\laravel\\framework\\src\\Illuminate\\Pipeline\\Pipeline.php(208): Illuminate\\Foundation\\Http\\Middleware\\TrimStrings->handle(Object(Illuminate\\Http\\Request), Object(Closure))
#53 F:\\Coding\\Web\\Laravel\\agenda\\agenda\\vendor\\laravel\\framework\\src\\Illuminate\\Http\\Middleware\\ValidatePostSize.php(27): Illuminate\\Pipeline\\Pipeline->Illuminate\\Pipeline\\{closure}(Object(Illuminate\\Http\\Request))
#54 F:\\Coding\\Web\\Laravel\\agenda\\agenda\\vendor\\laravel\\framework\\src\\Illuminate\\Pipeline\\Pipeline.php(208): Illuminate\\Http\\Middleware\\ValidatePostSize->handle(Object(Illuminate\\Http\\Request), Object(Closure))
#55 F:\\Coding\\Web\\Laravel\\agenda\\agenda\\vendor\\laravel\\framework\\src\\Illuminate\\Foundation\\Http\\Middleware\\PreventRequestsDuringMaintenance.php(109): Illuminate\\Pipeline\\Pipeline->Illuminate\\Pipeline\\{closure}(Object(Illuminate\\Http\\Request))
#56 F:\\Coding\\Web\\Laravel\\agenda\\agenda\\vendor\\laravel\\framework\\src\\Illuminate\\Pipeline\\Pipeline.php(208): Illuminate\\Foundation\\Http\\Middleware\\PreventRequestsDuringMaintenance->handle(Object(Illuminate\\Http\\Request), Object(Closure))
#57 F:\\Coding\\Web\\Laravel\\agenda\\agenda\\vendor\\laravel\\framework\\src\\Illuminate\\Http\\Middleware\\HandleCors.php(48): Illuminate\\Pipeline\\Pipeline->Illuminate\\Pipeline\\{closure}(Object(Illuminate\\Http\\Request))
#58 F:\\Coding\\Web\\Laravel\\agenda\\agenda\\vendor\\laravel\\framework\\src\\Illuminate\\Pipeline\\Pipeline.php(208): Illuminate\\Http\\Middleware\\HandleCors->handle(Object(Illuminate\\Http\\Request), Object(Closure))
#59 F:\\Coding\\Web\\Laravel\\agenda\\agenda\\vendor\\laravel\\framework\\src\\Illuminate\\Http\\Middleware\\TrustProxies.php(58): Illuminate\\Pipeline\\Pipeline->Illuminate\\Pipeline\\{closure}(Object(Illuminate\\Http\\Request))
#60 F:\\Coding\\Web\\Laravel\\agenda\\agenda\\vendor\\laravel\\framework\\src\\Illuminate\\Pipeline\\Pipeline.php(208): Illuminate\\Http\\Middleware\\TrustProxies->handle(Object(Illuminate\\Http\\Request), Object(Closure))
#61 F:\\Coding\\Web\\Laravel\\agenda\\agenda\\vendor\\laravel\\framework\\src\\Illuminate\\Foundation\\Http\\Middleware\\InvokeDeferredCallbacks.php(22): Illuminate\\Pipeline\\Pipeline->Illuminate\\Pipeline\\{closure}(Object(Illuminate\\Http\\Request))
#62 F:\\Coding\\Web\\Laravel\\agenda\\agenda\\vendor\\laravel\\framework\\src\\Illuminate\\Pipeline\\Pipeline.php(208): Illuminate\\Foundation\\Http\\Middleware\\InvokeDeferredCallbacks->handle(Object(Illuminate\\Http\\Request), Object(Closure))
#63 F:\\Coding\\Web\\Laravel\\agenda\\agenda\\vendor\\laravel\\framework\\src\\Illuminate\\Http\\Middleware\\ValidatePathEncoding.php(26): Illuminate\\Pipeline\\Pipeline->Illuminate\\Pipeline\\{closure}(Object(Illuminate\\Http\\Request))
#64 F:\\Coding\\Web\\Laravel\\agenda\\agenda\\vendor\\laravel\\framework\\src\\Illuminate\\Pipeline\\Pipeline.php(208): Illuminate\\Http\\Middleware\\ValidatePathEncoding->handle(Object(Illuminate\\Http\\Request), Object(Closure))
#65 F:\\Coding\\Web\\Laravel\\agenda\\agenda\\vendor\\laravel\\framework\\src\\Illuminate\\Pipeline\\Pipeline.php(126): Illuminate\\Pipeline\\Pipeline->Illuminate\\Pipeline\\{closure}(Object(Illuminate\\Http\\Request))
#66 F:\\Coding\\Web\\Laravel\\agenda\\agenda\\vendor\\laravel\\framework\\src\\Illuminate\\Foundation\\Http\\Kernel.php(175): Illuminate\\Pipeline\\Pipeline->then(Object(Closure))
#67 F:\\Coding\\Web\\Laravel\\agenda\\agenda\\vendor\\laravel\\framework\\src\\Illuminate\\Foundation\\Http\\Kernel.php(144): Illuminate\\Foundation\\Http\\Kernel->sendRequestThroughRouter(Object(Illuminate\\Http\\Request))
#68 F:\\Coding\\Web\\Laravel\\agenda\\agenda\\vendor\\laravel\\framework\\src\\Illuminate\\Foundation\\Application.php(1219): Illuminate\\Foundation\\Http\\Kernel->handle(Object(Illuminate\\Http\\Request))
#69 F:\\Coding\\Web\\Laravel\\agenda\\agenda\\public\\index.php(20): Illuminate\\Foundation\\Application->handleRequest(Object(Illuminate\\Http\\Request))
#70 F:\\Coding\\Web\\Laravel\\agenda\\agenda\\vendor\\laravel\\framework\\src\\Illuminate\\Foundation\\resources\\server.php(23): require_once('F:\\\\Coding\\\\Web\\\\L...')
#71 {main}

[previous exception] [object] (BadMethodCallException(code: 0): Method App\\Livewire\\CalendarAdmin::getTimeOptions does not exist. at F:\\Coding\\Web\\Laravel\\agenda\\agenda\\vendor\\livewire\\livewire\\src\\Component.php:136)
[stacktrace]
#0 F:\\Coding\\Web\\Laravel\\agenda\\agenda\\storage\\framework\\views\\c552173cff25057dfa4cae194d5a5944.php(117): Livewire\\Component->__call('getTimeOptions', Array)
#1 F:\\Coding\\Web\\Laravel\\agenda\\agenda\\vendor\\livewire\\livewire\\src\\Mechanisms\\ExtendBlade\\ExtendedCompilerEngine.php(37): include('F:\\\\Coding\\\\Web\\\\L...')
#2 F:\\Coding\\Web\\Laravel\\agenda\\agenda\\vendor\\livewire\\livewire\\src\\Mechanisms\\ExtendBlade\\ExtendedCompilerEngine.php(38): App\\Livewire\\CalendarAdmin->Livewire\\Mechanisms\\ExtendBlade\\{closure}()
#3 F:\\Coding\\Web\\Laravel\\agenda\\agenda\\vendor\\laravel\\framework\\src\\Illuminate\\View\\Engines\\CompilerEngine.php(76): Livewire\\Mechanisms\\ExtendBlade\\ExtendedCompilerEngine->evaluatePath('F:\\\\Coding\\\\Web\\\\L...', Array)
#4 F:\\Coding\\Web\\Laravel\\agenda\\agenda\\vendor\\livewire\\livewire\\src\\Mechanisms\\ExtendBlade\\ExtendedCompilerEngine.php(16): Illuminate\\View\\Engines\\CompilerEngine->get('F:\\\\Coding\\\\Web\\\\L...', Array)
#5 F:\\Coding\\Web\\Laravel\\agenda\\agenda\\vendor\\laravel\\framework\\src\\Illuminate\\View\\View.php(208): Livewire\\Mechanisms\\ExtendBlade\\ExtendedCompilerEngine->get('F:\\\\Coding\\\\Web\\\\L...', Array)
#6 F:\\Coding\\Web\\Laravel\\agenda\\agenda\\vendor\\laravel\\framework\\src\\Illuminate\\View\\View.php(191): Illuminate\\View\\View->getContents()
#7 F:\\Coding\\Web\\Laravel\\agenda\\agenda\\vendor\\laravel\\framework\\src\\Illuminate\\View\\View.php(160): Illuminate\\View\\View->renderContents()
#8 F:\\Coding\\Web\\Laravel\\agenda\\agenda\\storage\\framework\\views\\2402510ce86b8be5b981a90d88f2e006.php(17): Illuminate\\View\\View->render()
#9 F:\\Coding\\Web\\Laravel\\agenda\\agenda\\vendor\\livewire\\livewire\\src\\Mechanisms\\ExtendBlade\\ExtendedCompilerEngine.php(37): include('F:\\\\Coding\\\\Web\\\\L...')
#10 F:\\Coding\\Web\\Laravel\\agenda\\agenda\\vendor\\livewire\\livewire\\src\\Mechanisms\\ExtendBlade\\ExtendedCompilerEngine.php(38): App\\Livewire\\CalendarAdmin->Livewire\\Mechanisms\\ExtendBlade\\{closure}()
#11 F:\\Coding\\Web\\Laravel\\agenda\\agenda\\vendor\\laravel\\framework\\src\\Illuminate\\View\\Engines\\CompilerEngine.php(76): Livewire\\Mechanisms\\ExtendBlade\\ExtendedCompilerEngine->evaluatePath('F:\\\\Coding\\\\Web\\\\L...', Array)
#12 F:\\Coding\\Web\\Laravel\\agenda\\agenda\\vendor\\livewire\\livewire\\src\\Mechanisms\\ExtendBlade\\ExtendedCompilerEngine.php(16): Illuminate\\View\\Engines\\CompilerEngine->get('F:\\\\Coding\\\\Web\\\\L...', Array)
#13 F:\\Coding\\Web\\Laravel\\agenda\\agenda\\vendor\\laravel\\framework\\src\\Illuminate\\View\\View.php(208): Livewire\\Mechanisms\\ExtendBlade\\ExtendedCompilerEngine->get('F:\\\\Coding\\\\Web\\\\L...', Array)
#14 F:\\Coding\\Web\\Laravel\\agenda\\agenda\\vendor\\laravel\\framework\\src\\Illuminate\\View\\View.php(191): Illuminate\\View\\View->getContents()
#15 F:\\Coding\\Web\\Laravel\\agenda\\agenda\\vendor\\laravel\\framework\\src\\Illuminate\\View\\View.php(160): Illuminate\\View\\View->renderContents()
#16 F:\\Coding\\Web\\Laravel\\agenda\\agenda\\vendor\\livewire\\livewire\\src\\Mechanisms\\HandleComponents\\HandleComponents.php(259): Illuminate\\View\\View->render(Object(Closure))
#17 F:\\Coding\\Web\\Laravel\\agenda\\agenda\\vendor\\livewire\\livewire\\src\\Mechanisms\\HandleComponents\\HandleComponents.php(303): Livewire\\Mechanisms\\HandleComponents\\HandleComponents->Livewire\\Mechanisms\\HandleComponents\\{closure}()
#18 F:\\Coding\\Web\\Laravel\\agenda\\agenda\\vendor\\livewire\\livewire\\src\\Mechanisms\\HandleComponents\\HandleComponents.php(251): Livewire\\Mechanisms\\HandleComponents\\HandleComponents->trackInRenderStack(Object(App\\Livewire\\CalendarAdmin), Object(Closure))
#19 F:\\Coding\\Web\\Laravel\\agenda\\agenda\\vendor\\livewire\\livewire\\src\\Mechanisms\\HandleComponents\\HandleComponents.php(104): Livewire\\Mechanisms\\HandleComponents\\HandleComponents->render(Object(App\\Livewire\\CalendarAdmin))
#20 F:\\Coding\\Web\\Laravel\\agenda\\agenda\\vendor\\livewire\\livewire\\src\\LivewireManager.php(102): Livewire\\Mechanisms\\HandleComponents\\HandleComponents->update(Array, Array, Array)
#21 F:\\Coding\\Web\\Laravel\\agenda\\agenda\\vendor\\livewire\\volt\\src\\LivewireManager.php(35): Livewire\\LivewireManager->update(Array, Array, Array)
#22 F:\\Coding\\Web\\Laravel\\agenda\\agenda\\vendor\\livewire\\livewire\\src\\Mechanisms\\HandleRequests\\HandleRequests.php(94): Livewire\\Volt\\LivewireManager->update(Array, Array, Array)
#23 F:\\Coding\\Web\\Laravel\\agenda\\agenda\\vendor\\laravel\\framework\\src\\Illuminate\\Routing\\ControllerDispatcher.php(46): Livewire\\Mechanisms\\HandleRequests\\HandleRequests->handleUpdate()
#24 F:\\Coding\\Web\\Laravel\\agenda\\agenda\\vendor\\laravel\\framework\\src\\Illuminate\\Routing\\Route.php(265): Illuminate\\Routing\\ControllerDispatcher->dispatch(Object(Illuminate\\Routing\\Route), Object(Livewire\\Mechanisms\\HandleRequests\\HandleRequests), 'handleUpdate')
#25 F:\\Coding\\Web\\Laravel\\agenda\\agenda\\vendor\\laravel\\framework\\src\\Illuminate\\Routing\\Route.php(211): Illuminate\\Routing\\Route->runController()
#26 F:\\Coding\\Web\\Laravel\\agenda\\agenda\\vendor\\laravel\\framework\\src\\Illuminate\\Routing\\Router.php(808): Illuminate\\Routing\\Route->run()
#27 F:\\Coding\\Web\\Laravel\\agenda\\agenda\\vendor\\laravel\\framework\\src\\Illuminate\\Pipeline\\Pipeline.php(169): Illuminate\\Routing\\Router->Illuminate\\Routing\\{closure}(Object(Illuminate\\Http\\Request))
#28 F:\\Coding\\Web\\Laravel\\agenda\\agenda\\vendor\\laravel\\framework\\src\\Illuminate\\Routing\\Middleware\\SubstituteBindings.php(50): Illuminate\\Pipeline\\Pipeline->Illuminate\\Pipeline\\{closure}(Object(Illuminate\\Http\\Request))
#29 F:\\Coding\\Web\\Laravel\\agenda\\agenda\\vendor\\laravel\\framework\\src\\Illuminate\\Pipeline\\Pipeline.php(208): Illuminate\\Routing\\Middleware\\SubstituteBindings->handle(Object(Illuminate\\Http\\Request), Object(Closure))
#30 F:\\Coding\\Web\\Laravel\\agenda\\agenda\\vendor\\laravel\\framework\\src\\Illuminate\\Foundation\\Http\\Middleware\\VerifyCsrfToken.php(87): Illuminate\\Pipeline\\Pipeline->Illuminate\\Pipeline\\{closure}(Object(Illuminate\\Http\\Request))
#31 F:\\Coding\\Web\\Laravel\\agenda\\agenda\\vendor\\laravel\\framework\\src\\Illuminate\\Pipeline\\Pipeline.php(208): Illuminate\\Foundation\\Http\\Middleware\\VerifyCsrfToken->handle(Object(Illuminate\\Http\\Request), Object(Closure))
#32 F:\\Coding\\Web\\Laravel\\agenda\\agenda\\vendor\\laravel\\framework\\src\\Illuminate\\View\\Middleware\\ShareErrorsFromSession.php(48): Illuminate\\Pipeline\\Pipeline->Illuminate\\Pipeline\\{closure}(Object(Illuminate\\Http\\Request))
#33 F:\\Coding\\Web\\Laravel\\agenda\\agenda\\vendor\\laravel\\framework\\src\\Illuminate\\Pipeline\\Pipeline.php(208): Illuminate\\View\\Middleware\\ShareErrorsFromSession->handle(Object(Illuminate\\Http\\Request), Object(Closure))
#34 F:\\Coding\\Web\\Laravel\\agenda\\agenda\\vendor\\laravel\\framework\\src\\Illuminate\\Session\\Middleware\\StartSession.php(120): Illuminate\\Pipeline\\Pipeline->Illuminate\\Pipeline\\{closure}(Object(Illuminate\\Http\\Request))
#35 F:\\Coding\\Web\\Laravel\\agenda\\agenda\\vendor\\laravel\\framework\\src\\Illuminate\\Session\\Middleware\\StartSession.php(63): Illuminate\\Session\\Middleware\\StartSession->handleStatefulRequest(Object(Illuminate\\Http\\Request), Object(Illuminate\\Session\\Store), Object(Closure))
#36 F:\\Coding\\Web\\Laravel\\agenda\\agenda\\vendor\\laravel\\framework\\src\\Illuminate\\Pipeline\\Pipeline.php(208): Illuminate\\Session\\Middleware\\StartSession->handle(Object(Illuminate\\Http\\Request), Object(Closure))
#37 F:\\Coding\\Web\\Laravel\\agenda\\agenda\\vendor\\laravel\\framework\\src\\Illuminate\\Cookie\\Middleware\\AddQueuedCookiesToResponse.php(36): Illuminate\\Pipeline\\Pipeline->Illuminate\\Pipeline\\{closure}(Object(Illuminate\\Http\\Request))
#38 F:\\Coding\\Web\\Laravel\\agenda\\agenda\\vendor\\laravel\\framework\\src\\Illuminate\\Pipeline\\Pipeline.php(208): Illuminate\\Cookie\\Middleware\\AddQueuedCookiesToResponse->handle(Object(Illuminate\\Http\\Request), Object(Closure))
#39 F:\\Coding\\Web\\Laravel\\agenda\\agenda\\vendor\\laravel\\framework\\src\\Illuminate\\Cookie\\Middleware\\EncryptCookies.php(74): Illuminate\\Pipeline\\Pipeline->Illuminate\\Pipeline\\{closure}(Object(Illuminate\\Http\\Request))
#40 F:\\Coding\\Web\\Laravel\\agenda\\agenda\\vendor\\laravel\\framework\\src\\Illuminate\\Pipeline\\Pipeline.php(208): Illuminate\\Cookie\\Middleware\\EncryptCookies->handle(Object(Illuminate\\Http\\Request), Object(Closure))
#41 F:\\Coding\\Web\\Laravel\\agenda\\agenda\\vendor\\laravel\\framework\\src\\Illuminate\\Pipeline\\Pipeline.php(126): Illuminate\\Pipeline\\Pipeline->Illuminate\\Pipeline\\{closure}(Object(Illuminate\\Http\\Request))
#42 F:\\Coding\\Web\\Laravel\\agenda\\agenda\\vendor\\laravel\\framework\\src\\Illuminate\\Routing\\Router.php(807): Illuminate\\Pipeline\\Pipeline->then(Object(Closure))
#43 F:\\Coding\\Web\\Laravel\\agenda\\agenda\\vendor\\laravel\\framework\\src\\Illuminate\\Routing\\Router.php(786): Illuminate\\Routing\\Router->runRouteWithinStack(Object(Illuminate\\Routing\\Route), Object(Illuminate\\Http\\Request))
#44 F:\\Coding\\Web\\Laravel\\agenda\\agenda\\vendor\\laravel\\framework\\src\\Illuminate\\Routing\\Router.php(750): Illuminate\\Routing\\Router->runRoute(Object(Illuminate\\Http\\Request), Object(Illuminate\\Routing\\Route))
#45 F:\\Coding\\Web\\Laravel\\agenda\\agenda\\vendor\\laravel\\framework\\src\\Illuminate\\Routing\\Router.php(739): Illuminate\\Routing\\Router->dispatchToRoute(Object(Illuminate\\Http\\Request))
#46 F:\\Coding\\Web\\Laravel\\agenda\\agenda\\vendor\\laravel\\framework\\src\\Illuminate\\Foundation\\Http\\Kernel.php(200): Illuminate\\Routing\\Router->dispatch(Object(Illuminate\\Http\\Request))
#47 F:\\Coding\\Web\\Laravel\\agenda\\agenda\\vendor\\laravel\\framework\\src\\Illuminate\\Pipeline\\Pipeline.php(169): Illuminate\\Foundation\\Http\\Kernel->Illuminate\\Foundation\\Http\\{closure}(Object(Illuminate\\Http\\Request))
#48 F:\\Coding\\Web\\Laravel\\agenda\\agenda\\vendor\\livewire\\livewire\\src\\Features\\SupportDisablingBackButtonCache\\DisableBackButtonCacheMiddleware.php(19): Illuminate\\Pipeline\\Pipeline->Illuminate\\Pipeline\\{closure}(Object(Illuminate\\Http\\Request))
#49 F:\\Coding\\Web\\Laravel\\agenda\\agenda\\vendor\\laravel\\framework\\src\\Illuminate\\Pipeline\\Pipeline.php(208): Livewire\\Features\\SupportDisablingBackButtonCache\\DisableBackButtonCacheMiddleware->handle(Object(Illuminate\\Http\\Request), Object(Closure))
#50 F:\\Coding\\Web\\Laravel\\agenda\\agenda\\vendor\\laravel\\framework\\src\\Illuminate\\Foundation\\Http\\Middleware\\ConvertEmptyStringsToNull.php(27): Illuminate\\Pipeline\\Pipeline->Illuminate\\Pipeline\\{closure}(Object(Illuminate\\Http\\Request))
#51 F:\\Coding\\Web\\Laravel\\agenda\\agenda\\vendor\\laravel\\framework\\src\\Illuminate\\Pipeline\\Pipeline.php(208): Illuminate\\Foundation\\Http\\Middleware\\ConvertEmptyStringsToNull->handle(Object(Illuminate\\Http\\Request), Object(Closure))
#52 F:\\Coding\\Web\\Laravel\\agenda\\agenda\\vendor\\laravel\\framework\\src\\Illuminate\\Foundation\\Http\\Middleware\\TrimStrings.php(47): Illuminate\\Pipeline\\Pipeline->Illuminate\\Pipeline\\{closure}(Object(Illuminate\\Http\\Request))
#53 F:\\Coding\\Web\\Laravel\\agenda\\agenda\\vendor\\laravel\\framework\\src\\Illuminate\\Pipeline\\Pipeline.php(208): Illuminate\\Foundation\\Http\\Middleware\\TrimStrings->handle(Object(Illuminate\\Http\\Request), Object(Closure))
#54 F:\\Coding\\Web\\Laravel\\agenda\\agenda\\vendor\\laravel\\framework\\src\\Illuminate\\Http\\Middleware\\ValidatePostSize.php(27): Illuminate\\Pipeline\\Pipeline->Illuminate\\Pipeline\\{closure}(Object(Illuminate\\Http\\Request))
#55 F:\\Coding\\Web\\Laravel\\agenda\\agenda\\vendor\\laravel\\framework\\src\\Illuminate\\Pipeline\\Pipeline.php(208): Illuminate\\Http\\Middleware\\ValidatePostSize->handle(Object(Illuminate\\Http\\Request), Object(Closure))
#56 F:\\Coding\\Web\\Laravel\\agenda\\agenda\\vendor\\laravel\\framework\\src\\Illuminate\\Foundation\\Http\\Middleware\\PreventRequestsDuringMaintenance.php(109): Illuminate\\Pipeline\\Pipeline->Illuminate\\Pipeline\\{closure}(Object(Illuminate\\Http\\Request))
#57 F:\\Coding\\Web\\Laravel\\agenda\\agenda\\vendor\\laravel\\framework\\src\\Illuminate\\Pipeline\\Pipeline.php(208): Illuminate\\Foundation\\Http\\Middleware\\PreventRequestsDuringMaintenance->handle(Object(Illuminate\\Http\\Request), Object(Closure))
#58 F:\\Coding\\Web\\Laravel\\agenda\\agenda\\vendor\\laravel\\framework\\src\\Illuminate\\Http\\Middleware\\HandleCors.php(48): Illuminate\\Pipeline\\Pipeline->Illuminate\\Pipeline\\{closure}(Object(Illuminate\\Http\\Request))
#59 F:\\Coding\\Web\\Laravel\\agenda\\agenda\\vendor\\laravel\\framework\\src\\Illuminate\\Pipeline\\Pipeline.php(208): Illuminate\\Http\\Middleware\\HandleCors->handle(Object(Illuminate\\Http\\Request), Object(Closure))
#60 F:\\Coding\\Web\\Laravel\\agenda\\agenda\\vendor\\laravel\\framework\\src\\Illuminate\\Http\\Middleware\\TrustProxies.php(58): Illuminate\\Pipeline\\Pipeline->Illuminate\\Pipeline\\{closure}(Object(Illuminate\\Http\\Request))
#61 F:\\Coding\\Web\\Laravel\\agenda\\agenda\\vendor\\laravel\\framework\\src\\Illuminate\\Pipeline\\Pipeline.php(208): Illuminate\\Http\\Middleware\\TrustProxies->handle(Object(Illuminate\\Http\\Request), Object(Closure))
#62 F:\\Coding\\Web\\Laravel\\agenda\\agenda\\vendor\\laravel\\framework\\src\\Illuminate\\Foundation\\Http\\Middleware\\InvokeDeferredCallbacks.php(22): Illuminate\\Pipeline\\Pipeline->Illuminate\\Pipeline\\{closure}(Object(Illuminate\\Http\\Request))
#63 F:\\Coding\\Web\\Laravel\\agenda\\agenda\\vendor\\laravel\\framework\\src\\Illuminate\\Pipeline\\Pipeline.php(208): Illuminate\\Foundation\\Http\\Middleware\\InvokeDeferredCallbacks->handle(Object(Illuminate\\Http\\Request), Object(Closure))
#64 F:\\Coding\\Web\\Laravel\\agenda\\agenda\\vendor\\laravel\\framework\\src\\Illuminate\\Http\\Middleware\\ValidatePathEncoding.php(26): Illuminate\\Pipeline\\Pipeline->Illuminate\\Pipeline\\{closure}(Object(Illuminate\\Http\\Request))
#65 F:\\Coding\\Web\\Laravel\\agenda\\agenda\\vendor\\laravel\\framework\\src\\Illuminate\\Pipeline\\Pipeline.php(208): Illuminate\\Http\\Middleware\\ValidatePathEncoding->handle(Object(Illuminate\\Http\\Request), Object(Closure))
#66 F:\\Coding\\Web\\Laravel\\agenda\\agenda\\vendor\\laravel\\framework\\src\\Illuminate\\Pipeline\\Pipeline.php(126): Illuminate\\Pipeline\\Pipeline->Illuminate\\Pipeline\\{closure}(Object(Illuminate\\Http\\Request))
#67 F:\\Coding\\Web\\Laravel\\agenda\\agenda\\vendor\\laravel\\framework\\src\\Illuminate\\Foundation\\Http\\Kernel.php(175): Illuminate\\Pipeline\\Pipeline->then(Object(Closure))
#68 F:\\Coding\\Web\\Laravel\\agenda\\agenda\\vendor\\laravel\\framework\\src\\Illuminate\\Foundation\\Http\\Kernel.php(144): Illuminate\\Foundation\\Http\\Kernel->sendRequestThroughRouter(Object(Illuminate\\Http\\Request))
#69 F:\\Coding\\Web\\Laravel\\agenda\\agenda\\vendor\\laravel\\framework\\src\\Illuminate\\Foundation\\Application.php(1219): Illuminate\\Foundation\\Http\\Kernel->handle(Object(Illuminate\\Http\\Request))
#70 F:\\Coding\\Web\\Laravel\\agenda\\agenda\\public\\index.php(20): Illuminate\\Foundation\\Application->handleRequest(Object(Illuminate\\Http\\Request))
#71 F:\\Coding\\Web\\Laravel\\agenda\\agenda\\vendor\\laravel\\framework\\src\\Illuminate\\Foundation\\resources\\server.php(23): require_once('F:\\\\Coding\\\\Web\\\\L...')
#72 {main}
"} 
[2025-09-08 23:56:52] local.ERROR: Method App\Livewire\CalendarAdmin::getTimeOptions does not exist. (View: F:\Coding\Web\Laravel\agenda\agenda\resources\views\partials\modal-create.blade.php) (View: F:\Coding\Web\Laravel\agenda\agenda\resources\views\partials\modal-create.blade.php) {"userId":1,"exception":"[object] (Illuminate\\View\\ViewException(code: 0): Method App\\Livewire\\CalendarAdmin::getTimeOptions does not exist. (View: F:\\Coding\\Web\\Laravel\\agenda\\agenda\\resources\\views\\partials\\modal-create.blade.php) (View: F:\\Coding\\Web\\Laravel\\agenda\\agenda\\resources\\views\\partials\\modal-create.blade.php) at F:\\Coding\\Web\\Laravel\\agenda\\agenda\\vendor\\livewire\\livewire\\src\\Component.php:136)
[stacktrace]
#0 F:\\Coding\\Web\\Laravel\\agenda\\agenda\\vendor\\livewire\\livewire\\src\\Mechanisms\\ExtendBlade\\ExtendedCompilerEngine.php(58): Illuminate\\View\\Engines\\CompilerEngine->handleViewException(Object(Illuminate\\View\\ViewException), 1)
#1 F:\\Coding\\Web\\Laravel\\agenda\\agenda\\vendor\\livewire\\livewire\\src\\Mechanisms\\ExtendBlade\\ExtendedCompilerEngine.php(40): Livewire\\Mechanisms\\ExtendBlade\\ExtendedCompilerEngine->handleViewException(Object(Illuminate\\View\\ViewException), 1)
#2 F:\\Coding\\Web\\Laravel\\agenda\\agenda\\vendor\\laravel\\framework\\src\\Illuminate\\View\\Engines\\CompilerEngine.php(76): Livewire\\Mechanisms\\ExtendBlade\\ExtendedCompilerEngine->evaluatePath('F:\\\\Coding\\\\Web\\\\L...', Array)
#3 F:\\Coding\\Web\\Laravel\\agenda\\agenda\\vendor\\livewire\\livewire\\src\\Mechanisms\\ExtendBlade\\ExtendedCompilerEngine.php(16): Illuminate\\View\\Engines\\CompilerEngine->get('F:\\\\Coding\\\\Web\\\\L...', Array)
#4 F:\\Coding\\Web\\Laravel\\agenda\\agenda\\vendor\\laravel\\framework\\src\\Illuminate\\View\\View.php(208): Livewire\\Mechanisms\\ExtendBlade\\ExtendedCompilerEngine->get('F:\\\\Coding\\\\Web\\\\L...', Array)
#5 F:\\Coding\\Web\\Laravel\\agenda\\agenda\\vendor\\laravel\\framework\\src\\Illuminate\\View\\View.php(191): Illuminate\\View\\View->getContents()
#6 F:\\Coding\\Web\\Laravel\\agenda\\agenda\\vendor\\laravel\\framework\\src\\Illuminate\\View\\View.php(160): Illuminate\\View\\View->renderContents()
#7 F:\\Coding\\Web\\Laravel\\agenda\\agenda\\vendor\\livewire\\livewire\\src\\Mechanisms\\HandleComponents\\HandleComponents.php(259): Illuminate\\View\\View->render(Object(Closure))
#8 F:\\Coding\\Web\\Laravel\\agenda\\agenda\\vendor\\livewire\\livewire\\src\\Mechanisms\\HandleComponents\\HandleComponents.php(303): Livewire\\Mechanisms\\HandleComponents\\HandleComponents->Livewire\\Mechanisms\\HandleComponents\\{closure}()
#9 F:\\Coding\\Web\\Laravel\\agenda\\agenda\\vendor\\livewire\\livewire\\src\\Mechanisms\\HandleComponents\\HandleComponents.php(251): Livewire\\Mechanisms\\HandleComponents\\HandleComponents->trackInRenderStack(Object(App\\Livewire\\CalendarAdmin), Object(Closure))
#10 F:\\Coding\\Web\\Laravel\\agenda\\agenda\\vendor\\livewire\\livewire\\src\\Mechanisms\\HandleComponents\\HandleComponents.php(104): Livewire\\Mechanisms\\HandleComponents\\HandleComponents->render(Object(App\\Livewire\\CalendarAdmin))
#11 F:\\Coding\\Web\\Laravel\\agenda\\agenda\\vendor\\livewire\\livewire\\src\\LivewireManager.php(102): Livewire\\Mechanisms\\HandleComponents\\HandleComponents->update(Array, Array, Array)
#12 F:\\Coding\\Web\\Laravel\\agenda\\agenda\\vendor\\livewire\\volt\\src\\LivewireManager.php(35): Livewire\\LivewireManager->update(Array, Array, Array)
#13 F:\\Coding\\Web\\Laravel\\agenda\\agenda\\vendor\\livewire\\livewire\\src\\Mechanisms\\HandleRequests\\HandleRequests.php(94): Livewire\\Volt\\LivewireManager->update(Array, Array, Array)
#14 F:\\Coding\\Web\\Laravel\\agenda\\agenda\\vendor\\laravel\\framework\\src\\Illuminate\\Routing\\ControllerDispatcher.php(46): Livewire\\Mechanisms\\HandleRequests\\HandleRequests->handleUpdate()
#15 F:\\Coding\\Web\\Laravel\\agenda\\agenda\\vendor\\laravel\\framework\\src\\Illuminate\\Routing\\Route.php(265): Illuminate\\Routing\\ControllerDispatcher->dispatch(Object(Illuminate\\Routing\\Route), Object(Livewire\\Mechanisms\\HandleRequests\\HandleRequests), 'handleUpdate')
#16 F:\\Coding\\Web\\Laravel\\agenda\\agenda\\vendor\\laravel\\framework\\src\\Illuminate\\Routing\\Route.php(211): Illuminate\\Routing\\Route->runController()
#17 F:\\Coding\\Web\\Laravel\\agenda\\agenda\\vendor\\laravel\\framework\\src\\Illuminate\\Routing\\Router.php(808): Illuminate\\Routing\\Route->run()
#18 F:\\Coding\\Web\\Laravel\\agenda\\agenda\\vendor\\laravel\\framework\\src\\Illuminate\\Pipeline\\Pipeline.php(169): Illuminate\\Routing\\Router->Illuminate\\Routing\\{closure}(Object(Illuminate\\Http\\Request))
#19 F:\\Coding\\Web\\Laravel\\agenda\\agenda\\vendor\\laravel\\framework\\src\\Illuminate\\Routing\\Middleware\\SubstituteBindings.php(50): Illuminate\\Pipeline\\Pipeline->Illuminate\\Pipeline\\{closure}(Object(Illuminate\\Http\\Request))
#20 F:\\Coding\\Web\\Laravel\\agenda\\agenda\\vendor\\laravel\\framework\\src\\Illuminate\\Pipeline\\Pipeline.php(208): Illuminate\\Routing\\Middleware\\SubstituteBindings->handle(Object(Illuminate\\Http\\Request), Object(Closure))
#21 F:\\Coding\\Web\\Laravel\\agenda\\agenda\\vendor\\laravel\\framework\\src\\Illuminate\\Foundation\\Http\\Middleware\\VerifyCsrfToken.php(87): Illuminate\\Pipeline\\Pipeline->Illuminate\\Pipeline\\{closure}(Object(Illuminate\\Http\\Request))
#22 F:\\Coding\\Web\\Laravel\\agenda\\agenda\\vendor\\laravel\\framework\\src\\Illuminate\\Pipeline\\Pipeline.php(208): Illuminate\\Foundation\\Http\\Middleware\\VerifyCsrfToken->handle(Object(Illuminate\\Http\\Request), Object(Closure))
#23 F:\\Coding\\Web\\Laravel\\agenda\\agenda\\vendor\\laravel\\framework\\src\\Illuminate\\View\\Middleware\\ShareErrorsFromSession.php(48): Illuminate\\Pipeline\\Pipeline->Illuminate\\Pipeline\\{closure}(Object(Illuminate\\Http\\Request))
#24 F:\\Coding\\Web\\Laravel\\agenda\\agenda\\vendor\\laravel\\framework\\src\\Illuminate\\Pipeline\\Pipeline.php(208): Illuminate\\View\\Middleware\\ShareErrorsFromSession->handle(Object(Illuminate\\Http\\Request), Object(Closure))
#25 F:\\Coding\\Web\\Laravel\\agenda\\agenda\\vendor\\laravel\\framework\\src\\Illuminate\\Session\\Middleware\\StartSession.php(120): Illuminate\\Pipeline\\Pipeline->Illuminate\\Pipeline\\{closure}(Object(Illuminate\\Http\\Request))
#26 F:\\Coding\\Web\\Laravel\\agenda\\agenda\\vendor\\laravel\\framework\\src\\Illuminate\\Session\\Middleware\\StartSession.php(63): Illuminate\\Session\\Middleware\\StartSession->handleStatefulRequest(Object(Illuminate\\Http\\Request), Object(Illuminate\\Session\\Store), Object(Closure))
#27 F:\\Coding\\Web\\Laravel\\agenda\\agenda\\vendor\\laravel\\framework\\src\\Illuminate\\Pipeline\\Pipeline.php(208): Illuminate\\Session\\Middleware\\StartSession->handle(Object(Illuminate\\Http\\Request), Object(Closure))
#28 F:\\Coding\\Web\\Laravel\\agenda\\agenda\\vendor\\laravel\\framework\\src\\Illuminate\\Cookie\\Middleware\\AddQueuedCookiesToResponse.php(36): Illuminate\\Pipeline\\Pipeline->Illuminate\\Pipeline\\{closure}(Object(Illuminate\\Http\\Request))
#29 F:\\Coding\\Web\\Laravel\\agenda\\agenda\\vendor\\laravel\\framework\\src\\Illuminate\\Pipeline\\Pipeline.php(208): Illuminate\\Cookie\\Middleware\\AddQueuedCookiesToResponse->handle(Object(Illuminate\\Http\\Request), Object(Closure))
#30 F:\\Coding\\Web\\Laravel\\agenda\\agenda\\vendor\\laravel\\framework\\src\\Illuminate\\Cookie\\Middleware\\EncryptCookies.php(74): Illuminate\\Pipeline\\Pipeline->Illuminate\\Pipeline\\{closure}(Object(Illuminate\\Http\\Request))
#31 F:\\Coding\\Web\\Laravel\\agenda\\agenda\\vendor\\laravel\\framework\\src\\Illuminate\\Pipeline\\Pipeline.php(208): Illuminate\\Cookie\\Middleware\\EncryptCookies->handle(Object(Illuminate\\Http\\Request), Object(Closure))
#32 F:\\Coding\\Web\\Laravel\\agenda\\agenda\\vendor\\laravel\\framework\\src\\Illuminate\\Pipeline\\Pipeline.php(126): Illuminate\\Pipeline\\Pipeline->Illuminate\\Pipeline\\{closure}(Object(Illuminate\\Http\\Request))
#33 F:\\Coding\\Web\\Laravel\\agenda\\agenda\\vendor\\laravel\\framework\\src\\Illuminate\\Routing\\Router.php(807): Illuminate\\Pipeline\\Pipeline->then(Object(Closure))
#34 F:\\Coding\\Web\\Laravel\\agenda\\agenda\\vendor\\laravel\\framework\\src\\Illuminate\\Routing\\Router.php(786): Illuminate\\Routing\\Router->runRouteWithinStack(Object(Illuminate\\Routing\\Route), Object(Illuminate\\Http\\Request))
#35 F:\\Coding\\Web\\Laravel\\agenda\\agenda\\vendor\\laravel\\framework\\src\\Illuminate\\Routing\\Router.php(750): Illuminate\\Routing\\Router->runRoute(Object(Illuminate\\Http\\Request), Object(Illuminate\\Routing\\Route))
#36 F:\\Coding\\Web\\Laravel\\agenda\\agenda\\vendor\\laravel\\framework\\src\\Illuminate\\Routing\\Router.php(739): Illuminate\\Routing\\Router->dispatchToRoute(Object(Illuminate\\Http\\Request))
#37 F:\\Coding\\Web\\Laravel\\agenda\\agenda\\vendor\\laravel\\framework\\src\\Illuminate\\Foundation\\Http\\Kernel.php(200): Illuminate\\Routing\\Router->dispatch(Object(Illuminate\\Http\\Request))
#38 F:\\Coding\\Web\\Laravel\\agenda\\agenda\\vendor\\laravel\\framework\\src\\Illuminate\\Pipeline\\Pipeline.php(169): Illuminate\\Foundation\\Http\\Kernel->Illuminate\\Foundation\\Http\\{closure}(Object(Illuminate\\Http\\Request))
#39 F:\\Coding\\Web\\Laravel\\agenda\\agenda\\vendor\\livewire\\livewire\\src\\Features\\SupportDisablingBackButtonCache\\DisableBackButtonCacheMiddleware.php(19): Illuminate\\Pipeline\\Pipeline->Illuminate\\Pipeline\\{closure}(Object(Illuminate\\Http\\Request))
#40 F:\\Coding\\Web\\Laravel\\agenda\\agenda\\vendor\\laravel\\framework\\src\\Illuminate\\Pipeline\\Pipeline.php(208): Livewire\\Features\\SupportDisablingBackButtonCache\\DisableBackButtonCacheMiddleware->handle(Object(Illuminate\\Http\\Request), Object(Closure))
#41 F:\\Coding\\Web\\Laravel\\agenda\\agenda\\vendor\\laravel\\framework\\src\\Illuminate\\Foundation\\Http\\Middleware\\ConvertEmptyStringsToNull.php(27): Illuminate\\Pipeline\\Pipeline->Illuminate\\Pipeline\\{closure}(Object(Illuminate\\Http\\Request))
#42 F:\\Coding\\Web\\Laravel\\agenda\\agenda\\vendor\\laravel\\framework\\src\\Illuminate\\Pipeline\\Pipeline.php(208): Illuminate\\Foundation\\Http\\Middleware\\ConvertEmptyStringsToNull->handle(Object(Illuminate\\Http\\Request), Object(Closure))
#43 F:\\Coding\\Web\\Laravel\\agenda\\agenda\\vendor\\laravel\\framework\\src\\Illuminate\\Foundation\\Http\\Middleware\\TrimStrings.php(47): Illuminate\\Pipeline\\Pipeline->Illuminate\\Pipeline\\{closure}(Object(Illuminate\\Http\\Request))
#44 F:\\Coding\\Web\\Laravel\\agenda\\agenda\\vendor\\laravel\\framework\\src\\Illuminate\\Pipeline\\Pipeline.php(208): Illuminate\\Foundation\\Http\\Middleware\\TrimStrings->handle(Object(Illuminate\\Http\\Request), Object(Closure))
#45 F:\\Coding\\Web\\Laravel\\agenda\\agenda\\vendor\\laravel\\framework\\src\\Illuminate\\Http\\Middleware\\ValidatePostSize.php(27): Illuminate\\Pipeline\\Pipeline->Illuminate\\Pipeline\\{closure}(Object(Illuminate\\Http\\Request))
#46 F:\\Coding\\Web\\Laravel\\agenda\\agenda\\vendor\\laravel\\framework\\src\\Illuminate\\Pipeline\\Pipeline.php(208): Illuminate\\Http\\Middleware\\ValidatePostSize->handle(Object(Illuminate\\Http\\Request), Object(Closure))
#47 F:\\Coding\\Web\\Laravel\\agenda\\agenda\\vendor\\laravel\\framework\\src\\Illuminate\\Foundation\\Http\\Middleware\\PreventRequestsDuringMaintenance.php(109): Illuminate\\Pipeline\\Pipeline->Illuminate\\Pipeline\\{closure}(Object(Illuminate\\Http\\Request))
#48 F:\\Coding\\Web\\Laravel\\agenda\\agenda\\vendor\\laravel\\framework\\src\\Illuminate\\Pipeline\\Pipeline.php(208): Illuminate\\Foundation\\Http\\Middleware\\PreventRequestsDuringMaintenance->handle(Object(Illuminate\\Http\\Request), Object(Closure))
#49 F:\\Coding\\Web\\Laravel\\agenda\\agenda\\vendor\\laravel\\framework\\src\\Illuminate\\Http\\Middleware\\HandleCors.php(48): Illuminate\\Pipeline\\Pipeline->Illuminate\\Pipeline\\{closure}(Object(Illuminate\\Http\\Request))
#50 F:\\Coding\\Web\\Laravel\\agenda\\agenda\\vendor\\laravel\\framework\\src\\Illuminate\\Pipeline\\Pipeline.php(208): Illuminate\\Http\\Middleware\\HandleCors->handle(Object(Illuminate\\Http\\Request), Object(Closure))
#51 F:\\Coding\\Web\\Laravel\\agenda\\agenda\\vendor\\laravel\\framework\\src\\Illuminate\\Http\\Middleware\\TrustProxies.php(58): Illuminate\\Pipeline\\Pipeline->Illuminate\\Pipeline\\{closure}(Object(Illuminate\\Http\\Request))
#52 F:\\Coding\\Web\\Laravel\\agenda\\agenda\\vendor\\laravel\\framework\\src\\Illuminate\\Pipeline\\Pipeline.php(208): Illuminate\\Http\\Middleware\\TrustProxies->handle(Object(Illuminate\\Http\\Request), Object(Closure))
#53 F:\\Coding\\Web\\Laravel\\agenda\\agenda\\vendor\\laravel\\framework\\src\\Illuminate\\Foundation\\Http\\Middleware\\InvokeDeferredCallbacks.php(22): Illuminate\\Pipeline\\Pipeline->Illuminate\\Pipeline\\{closure}(Object(Illuminate\\Http\\Request))
#54 F:\\Coding\\Web\\Laravel\\agenda\\agenda\\vendor\\laravel\\framework\\src\\Illuminate\\Pipeline\\Pipeline.php(208): Illuminate\\Foundation\\Http\\Middleware\\InvokeDeferredCallbacks->handle(Object(Illuminate\\Http\\Request), Object(Closure))
#55 F:\\Coding\\Web\\Laravel\\agenda\\agenda\\vendor\\laravel\\framework\\src\\Illuminate\\Http\\Middleware\\ValidatePathEncoding.php(26): Illuminate\\Pipeline\\Pipeline->Illuminate\\Pipeline\\{closure}(Object(Illuminate\\Http\\Request))
#56 F:\\Coding\\Web\\Laravel\\agenda\\agenda\\vendor\\laravel\\framework\\src\\Illuminate\\Pipeline\\Pipeline.php(208): Illuminate\\Http\\Middleware\\ValidatePathEncoding->handle(Object(Illuminate\\Http\\Request), Object(Closure))
#57 F:\\Coding\\Web\\Laravel\\agenda\\agenda\\vendor\\laravel\\framework\\src\\Illuminate\\Pipeline\\Pipeline.php(126): Illuminate\\Pipeline\\Pipeline->Illuminate\\Pipeline\\{closure}(Object(Illuminate\\Http\\Request))
#58 F:\\Coding\\Web\\Laravel\\agenda\\agenda\\vendor\\laravel\\framework\\src\\Illuminate\\Foundation\\Http\\Kernel.php(175): Illuminate\\Pipeline\\Pipeline->then(Object(Closure))
#59 F:\\Coding\\Web\\Laravel\\agenda\\agenda\\vendor\\laravel\\framework\\src\\Illuminate\\Foundation\\Http\\Kernel.php(144): Illuminate\\Foundation\\Http\\Kernel->sendRequestThroughRouter(Object(Illuminate\\Http\\Request))
#60 F:\\Coding\\Web\\Laravel\\agenda\\agenda\\vendor\\laravel\\framework\\src\\Illuminate\\Foundation\\Application.php(1219): Illuminate\\Foundation\\Http\\Kernel->handle(Object(Illuminate\\Http\\Request))
#61 F:\\Coding\\Web\\Laravel\\agenda\\agenda\\public\\index.php(20): Illuminate\\Foundation\\Application->handleRequest(Object(Illuminate\\Http\\Request))
#62 F:\\Coding\\Web\\Laravel\\agenda\\agenda\\vendor\\laravel\\framework\\src\\Illuminate\\Foundation\\resources\\server.php(23): require_once('F:\\\\Coding\\\\Web\\\\L...')
#63 {main}

[previous exception] [object] (Illuminate\\View\\ViewException(code: 0): Method App\\Livewire\\CalendarAdmin::getTimeOptions does not exist. (View: F:\\Coding\\Web\\Laravel\\agenda\\agenda\\resources\\views\\partials\\modal-create.blade.php) at F:\\Coding\\Web\\Laravel\\agenda\\agenda\\vendor\\livewire\\livewire\\src\\Component.php:136)
[stacktrace]
#0 F:\\Coding\\Web\\Laravel\\agenda\\agenda\\vendor\\livewire\\livewire\\src\\Mechanisms\\ExtendBlade\\ExtendedCompilerEngine.php(58): Illuminate\\View\\Engines\\CompilerEngine->handleViewException(Object(BadMethodCallException), 2)
#1 F:\\Coding\\Web\\Laravel\\agenda\\agenda\\vendor\\livewire\\livewire\\src\\Mechanisms\\ExtendBlade\\ExtendedCompilerEngine.php(40): Livewire\\Mechanisms\\ExtendBlade\\ExtendedCompilerEngine->handleViewException(Object(BadMethodCallException), 2)
#2 F:\\Coding\\Web\\Laravel\\agenda\\agenda\\vendor\\laravel\\framework\\src\\Illuminate\\View\\Engines\\CompilerEngine.php(76): Livewire\\Mechanisms\\ExtendBlade\\ExtendedCompilerEngine->evaluatePath('F:\\\\Coding\\\\Web\\\\L...', Array)
#3 F:\\Coding\\Web\\Laravel\\agenda\\agenda\\vendor\\livewire\\livewire\\src\\Mechanisms\\ExtendBlade\\ExtendedCompilerEngine.php(16): Illuminate\\View\\Engines\\CompilerEngine->get('F:\\\\Coding\\\\Web\\\\L...', Array)
#4 F:\\Coding\\Web\\Laravel\\agenda\\agenda\\vendor\\laravel\\framework\\src\\Illuminate\\View\\View.php(208): Livewire\\Mechanisms\\ExtendBlade\\ExtendedCompilerEngine->get('F:\\\\Coding\\\\Web\\\\L...', Array)
#5 F:\\Coding\\Web\\Laravel\\agenda\\agenda\\vendor\\laravel\\framework\\src\\Illuminate\\View\\View.php(191): Illuminate\\View\\View->getContents()
#6 F:\\Coding\\Web\\Laravel\\agenda\\agenda\\vendor\\laravel\\framework\\src\\Illuminate\\View\\View.php(160): Illuminate\\View\\View->renderContents()
#7 F:\\Coding\\Web\\Laravel\\agenda\\agenda\\storage\\framework\\views\\2402510ce86b8be5b981a90d88f2e006.php(17): Illuminate\\View\\View->render()
#8 F:\\Coding\\Web\\Laravel\\agenda\\agenda\\vendor\\livewire\\livewire\\src\\Mechanisms\\ExtendBlade\\ExtendedCompilerEngine.php(37): include('F:\\\\Coding\\\\Web\\\\L...')
#9 F:\\Coding\\Web\\Laravel\\agenda\\agenda\\vendor\\livewire\\livewire\\src\\Mechanisms\\ExtendBlade\\ExtendedCompilerEngine.php(38): App\\Livewire\\CalendarAdmin->Livewire\\Mechanisms\\ExtendBlade\\{closure}()
#10 F:\\Coding\\Web\\Laravel\\agenda\\agenda\\vendor\\laravel\\framework\\src\\Illuminate\\View\\Engines\\CompilerEngine.php(76): Livewire\\Mechanisms\\ExtendBlade\\ExtendedCompilerEngine->evaluatePath('F:\\\\Coding\\\\Web\\\\L...', Array)
#11 F:\\Coding\\Web\\Laravel\\agenda\\agenda\\vendor\\livewire\\livewire\\src\\Mechanisms\\ExtendBlade\\ExtendedCompilerEngine.php(16): Illuminate\\View\\Engines\\CompilerEngine->get('F:\\\\Coding\\\\Web\\\\L...', Array)
#12 F:\\Coding\\Web\\Laravel\\agenda\\agenda\\vendor\\laravel\\framework\\src\\Illuminate\\View\\View.php(208): Livewire\\Mechanisms\\ExtendBlade\\ExtendedCompilerEngine->get('F:\\\\Coding\\\\Web\\\\L...', Array)
#13 F:\\Coding\\Web\\Laravel\\agenda\\agenda\\vendor\\laravel\\framework\\src\\Illuminate\\View\\View.php(191): Illuminate\\View\\View->getContents()
#14 F:\\Coding\\Web\\Laravel\\agenda\\agenda\\vendor\\laravel\\framework\\src\\Illuminate\\View\\View.php(160): Illuminate\\View\\View->renderContents()
#15 F:\\Coding\\Web\\Laravel\\agenda\\agenda\\vendor\\livewire\\livewire\\src\\Mechanisms\\HandleComponents\\HandleComponents.php(259): Illuminate\\View\\View->render(Object(Closure))
#16 F:\\Coding\\Web\\Laravel\\agenda\\agenda\\vendor\\livewire\\livewire\\src\\Mechanisms\\HandleComponents\\HandleComponents.php(303): Livewire\\Mechanisms\\HandleComponents\\HandleComponents->Livewire\\Mechanisms\\HandleComponents\\{closure}()
#17 F:\\Coding\\Web\\Laravel\\agenda\\agenda\\vendor\\livewire\\livewire\\src\\Mechanisms\\HandleComponents\\HandleComponents.php(251): Livewire\\Mechanisms\\HandleComponents\\HandleComponents->trackInRenderStack(Object(App\\Livewire\\CalendarAdmin), Object(Closure))
#18 F:\\Coding\\Web\\Laravel\\agenda\\agenda\\vendor\\livewire\\livewire\\src\\Mechanisms\\HandleComponents\\HandleComponents.php(104): Livewire\\Mechanisms\\HandleComponents\\HandleComponents->render(Object(App\\Livewire\\CalendarAdmin))
#19 F:\\Coding\\Web\\Laravel\\agenda\\agenda\\vendor\\livewire\\livewire\\src\\LivewireManager.php(102): Livewire\\Mechanisms\\HandleComponents\\HandleComponents->update(Array, Array, Array)
#20 F:\\Coding\\Web\\Laravel\\agenda\\agenda\\vendor\\livewire\\volt\\src\\LivewireManager.php(35): Livewire\\LivewireManager->update(Array, Array, Array)
#21 F:\\Coding\\Web\\Laravel\\agenda\\agenda\\vendor\\livewire\\livewire\\src\\Mechanisms\\HandleRequests\\HandleRequests.php(94): Livewire\\Volt\\LivewireManager->update(Array, Array, Array)
#22 F:\\Coding\\Web\\Laravel\\agenda\\agenda\\vendor\\laravel\\framework\\src\\Illuminate\\Routing\\ControllerDispatcher.php(46): Livewire\\Mechanisms\\HandleRequests\\HandleRequests->handleUpdate()
#23 F:\\Coding\\Web\\Laravel\\agenda\\agenda\\vendor\\laravel\\framework\\src\\Illuminate\\Routing\\Route.php(265): Illuminate\\Routing\\ControllerDispatcher->dispatch(Object(Illuminate\\Routing\\Route), Object(Livewire\\Mechanisms\\HandleRequests\\HandleRequests), 'handleUpdate')
#24 F:\\Coding\\Web\\Laravel\\agenda\\agenda\\vendor\\laravel\\framework\\src\\Illuminate\\Routing\\Route.php(211): Illuminate\\Routing\\Route->runController()
#25 F:\\Coding\\Web\\Laravel\\agenda\\agenda\\vendor\\laravel\\framework\\src\\Illuminate\\Routing\\Router.php(808): Illuminate\\Routing\\Route->run()
#26 F:\\Coding\\Web\\Laravel\\agenda\\agenda\\vendor\\laravel\\framework\\src\\Illuminate\\Pipeline\\Pipeline.php(169): Illuminate\\Routing\\Router->Illuminate\\Routing\\{closure}(Object(Illuminate\\Http\\Request))
#27 F:\\Coding\\Web\\Laravel\\agenda\\agenda\\vendor\\laravel\\framework\\src\\Illuminate\\Routing\\Middleware\\SubstituteBindings.php(50): Illuminate\\Pipeline\\Pipeline->Illuminate\\Pipeline\\{closure}(Object(Illuminate\\Http\\Request))
#28 F:\\Coding\\Web\\Laravel\\agenda\\agenda\\vendor\\laravel\\framework\\src\\Illuminate\\Pipeline\\Pipeline.php(208): Illuminate\\Routing\\Middleware\\SubstituteBindings->handle(Object(Illuminate\\Http\\Request), Object(Closure))
#29 F:\\Coding\\Web\\Laravel\\agenda\\agenda\\vendor\\laravel\\framework\\src\\Illuminate\\Foundation\\Http\\Middleware\\VerifyCsrfToken.php(87): Illuminate\\Pipeline\\Pipeline->Illuminate\\Pipeline\\{closure}(Object(Illuminate\\Http\\Request))
#30 F:\\Coding\\Web\\Laravel\\agenda\\agenda\\vendor\\laravel\\framework\\src\\Illuminate\\Pipeline\\Pipeline.php(208): Illuminate\\Foundation\\Http\\Middleware\\VerifyCsrfToken->handle(Object(Illuminate\\Http\\Request), Object(Closure))
#31 F:\\Coding\\Web\\Laravel\\agenda\\agenda\\vendor\\laravel\\framework\\src\\Illuminate\\View\\Middleware\\ShareErrorsFromSession.php(48): Illuminate\\Pipeline\\Pipeline->Illuminate\\Pipeline\\{closure}(Object(Illuminate\\Http\\Request))
#32 F:\\Coding\\Web\\Laravel\\agenda\\agenda\\vendor\\laravel\\framework\\src\\Illuminate\\Pipeline\\Pipeline.php(208): Illuminate\\View\\Middleware\\ShareErrorsFromSession->handle(Object(Illuminate\\Http\\Request), Object(Closure))
#33 F:\\Coding\\Web\\Laravel\\agenda\\agenda\\vendor\\laravel\\framework\\src\\Illuminate\\Session\\Middleware\\StartSession.php(120): Illuminate\\Pipeline\\Pipeline->Illuminate\\Pipeline\\{closure}(Object(Illuminate\\Http\\Request))
#34 F:\\Coding\\Web\\Laravel\\agenda\\agenda\\vendor\\laravel\\framework\\src\\Illuminate\\Session\\Middleware\\StartSession.php(63): Illuminate\\Session\\Middleware\\StartSession->handleStatefulRequest(Object(Illuminate\\Http\\Request), Object(Illuminate\\Session\\Store), Object(Closure))
#35 F:\\Coding\\Web\\Laravel\\agenda\\agenda\\vendor\\laravel\\framework\\src\\Illuminate\\Pipeline\\Pipeline.php(208): Illuminate\\Session\\Middleware\\StartSession->handle(Object(Illuminate\\Http\\Request), Object(Closure))
#36 F:\\Coding\\Web\\Laravel\\agenda\\agenda\\vendor\\laravel\\framework\\src\\Illuminate\\Cookie\\Middleware\\AddQueuedCookiesToResponse.php(36): Illuminate\\Pipeline\\Pipeline->Illuminate\\Pipeline\\{closure}(Object(Illuminate\\Http\\Request))
#37 F:\\Coding\\Web\\Laravel\\agenda\\agenda\\vendor\\laravel\\framework\\src\\Illuminate\\Pipeline\\Pipeline.php(208): Illuminate\\Cookie\\Middleware\\AddQueuedCookiesToResponse->handle(Object(Illuminate\\Http\\Request), Object(Closure))
#38 F:\\Coding\\Web\\Laravel\\agenda\\agenda\\vendor\\laravel\\framework\\src\\Illuminate\\Cookie\\Middleware\\EncryptCookies.php(74): Illuminate\\Pipeline\\Pipeline->Illuminate\\Pipeline\\{closure}(Object(Illuminate\\Http\\Request))
#39 F:\\Coding\\Web\\Laravel\\agenda\\agenda\\vendor\\laravel\\framework\\src\\Illuminate\\Pipeline\\Pipeline.php(208): Illuminate\\Cookie\\Middleware\\EncryptCookies->handle(Object(Illuminate\\Http\\Request), Object(Closure))
#40 F:\\Coding\\Web\\Laravel\\agenda\\agenda\\vendor\\laravel\\framework\\src\\Illuminate\\Pipeline\\Pipeline.php(126): Illuminate\\Pipeline\\Pipeline->Illuminate\\Pipeline\\{closure}(Object(Illuminate\\Http\\Request))
#41 F:\\Coding\\Web\\Laravel\\agenda\\agenda\\vendor\\laravel\\framework\\src\\Illuminate\\Routing\\Router.php(807): Illuminate\\Pipeline\\Pipeline->then(Object(Closure))
#42 F:\\Coding\\Web\\Laravel\\agenda\\agenda\\vendor\\laravel\\framework\\src\\Illuminate\\Routing\\Router.php(786): Illuminate\\Routing\\Router->runRouteWithinStack(Object(Illuminate\\Routing\\Route), Object(Illuminate\\Http\\Request))
#43 F:\\Coding\\Web\\Laravel\\agenda\\agenda\\vendor\\laravel\\framework\\src\\Illuminate\\Routing\\Router.php(750): Illuminate\\Routing\\Router->runRoute(Object(Illuminate\\Http\\Request), Object(Illuminate\\Routing\\Route))
#44 F:\\Coding\\Web\\Laravel\\agenda\\agenda\\vendor\\laravel\\framework\\src\\Illuminate\\Routing\\Router.php(739): Illuminate\\Routing\\Router->dispatchToRoute(Object(Illuminate\\Http\\Request))
#45 F:\\Coding\\Web\\Laravel\\agenda\\agenda\\vendor\\laravel\\framework\\src\\Illuminate\\Foundation\\Http\\Kernel.php(200): Illuminate\\Routing\\Router->dispatch(Object(Illuminate\\Http\\Request))
#46 F:\\Coding\\Web\\Laravel\\agenda\\agenda\\vendor\\laravel\\framework\\src\\Illuminate\\Pipeline\\Pipeline.php(169): Illuminate\\Foundation\\Http\\Kernel->Illuminate\\Foundation\\Http\\{closure}(Object(Illuminate\\Http\\Request))
#47 F:\\Coding\\Web\\Laravel\\agenda\\agenda\\vendor\\livewire\\livewire\\src\\Features\\SupportDisablingBackButtonCache\\DisableBackButtonCacheMiddleware.php(19): Illuminate\\Pipeline\\Pipeline->Illuminate\\Pipeline\\{closure}(Object(Illuminate\\Http\\Request))
#48 F:\\Coding\\Web\\Laravel\\agenda\\agenda\\vendor\\laravel\\framework\\src\\Illuminate\\Pipeline\\Pipeline.php(208): Livewire\\Features\\SupportDisablingBackButtonCache\\DisableBackButtonCacheMiddleware->handle(Object(Illuminate\\Http\\Request), Object(Closure))
#49 F:\\Coding\\Web\\Laravel\\agenda\\agenda\\vendor\\laravel\\framework\\src\\Illuminate\\Foundation\\Http\\Middleware\\ConvertEmptyStringsToNull.php(27): Illuminate\\Pipeline\\Pipeline->Illuminate\\Pipeline\\{closure}(Object(Illuminate\\Http\\Request))
#50 F:\\Coding\\Web\\Laravel\\agenda\\agenda\\vendor\\laravel\\framework\\src\\Illuminate\\Pipeline\\Pipeline.php(208): Illuminate\\Foundation\\Http\\Middleware\\ConvertEmptyStringsToNull->handle(Object(Illuminate\\Http\\Request), Object(Closure))
#51 F:\\Coding\\Web\\Laravel\\agenda\\agenda\\vendor\\laravel\\framework\\src\\Illuminate\\Foundation\\Http\\Middleware\\TrimStrings.php(47): Illuminate\\Pipeline\\Pipeline->Illuminate\\Pipeline\\{closure}(Object(Illuminate\\Http\\Request))
#52 F:\\Coding\\Web\\Laravel\\agenda\\agenda\\vendor\\laravel\\framework\\src\\Illuminate\\Pipeline\\Pipeline.php(208): Illuminate\\Foundation\\Http\\Middleware\\TrimStrings->handle(Object(Illuminate\\Http\\Request), Object(Closure))
#53 F:\\Coding\\Web\\Laravel\\agenda\\agenda\\vendor\\laravel\\framework\\src\\Illuminate\\Http\\Middleware\\ValidatePostSize.php(27): Illuminate\\Pipeline\\Pipeline->Illuminate\\Pipeline\\{closure}(Object(Illuminate\\Http\\Request))
#54 F:\\Coding\\Web\\Laravel\\agenda\\agenda\\vendor\\laravel\\framework\\src\\Illuminate\\Pipeline\\Pipeline.php(208): Illuminate\\Http\\Middleware\\ValidatePostSize->handle(Object(Illuminate\\Http\\Request), Object(Closure))
#55 F:\\Coding\\Web\\Laravel\\agenda\\agenda\\vendor\\laravel\\framework\\src\\Illuminate\\Foundation\\Http\\Middleware\\PreventRequestsDuringMaintenance.php(109): Illuminate\\Pipeline\\Pipeline->Illuminate\\Pipeline\\{closure}(Object(Illuminate\\Http\\Request))
#56 F:\\Coding\\Web\\Laravel\\agenda\\agenda\\vendor\\laravel\\framework\\src\\Illuminate\\Pipeline\\Pipeline.php(208): Illuminate\\Foundation\\Http\\Middleware\\PreventRequestsDuringMaintenance->handle(Object(Illuminate\\Http\\Request), Object(Closure))
#57 F:\\Coding\\Web\\Laravel\\agenda\\agenda\\vendor\\laravel\\framework\\src\\Illuminate\\Http\\Middleware\\HandleCors.php(48): Illuminate\\Pipeline\\Pipeline->Illuminate\\Pipeline\\{closure}(Object(Illuminate\\Http\\Request))
#58 F:\\Coding\\Web\\Laravel\\agenda\\agenda\\vendor\\laravel\\framework\\src\\Illuminate\\Pipeline\\Pipeline.php(208): Illuminate\\Http\\Middleware\\HandleCors->handle(Object(Illuminate\\Http\\Request), Object(Closure))
#59 F:\\Coding\\Web\\Laravel\\agenda\\agenda\\vendor\\laravel\\framework\\src\\Illuminate\\Http\\Middleware\\TrustProxies.php(58): Illuminate\\Pipeline\\Pipeline->Illuminate\\Pipeline\\{closure}(Object(Illuminate\\Http\\Request))
#60 F:\\Coding\\Web\\Laravel\\agenda\\agenda\\vendor\\laravel\\framework\\src\\Illuminate\\Pipeline\\Pipeline.php(208): Illuminate\\Http\\Middleware\\TrustProxies->handle(Object(Illuminate\\Http\\Request), Object(Closure))
#61 F:\\Coding\\Web\\Laravel\\agenda\\agenda\\vendor\\laravel\\framework\\src\\Illuminate\\Foundation\\Http\\Middleware\\InvokeDeferredCallbacks.php(22): Illuminate\\Pipeline\\Pipeline->Illuminate\\Pipeline\\{closure}(Object(Illuminate\\Http\\Request))
#62 F:\\Coding\\Web\\Laravel\\agenda\\agenda\\vendor\\laravel\\framework\\src\\Illuminate\\Pipeline\\Pipeline.php(208): Illuminate\\Foundation\\Http\\Middleware\\InvokeDeferredCallbacks->handle(Object(Illuminate\\Http\\Request), Object(Closure))
#63 F:\\Coding\\Web\\Laravel\\agenda\\agenda\\vendor\\laravel\\framework\\src\\Illuminate\\Http\\Middleware\\ValidatePathEncoding.php(26): Illuminate\\Pipeline\\Pipeline->Illuminate\\Pipeline\\{closure}(Object(Illuminate\\Http\\Request))
#64 F:\\Coding\\Web\\Laravel\\agenda\\agenda\\vendor\\laravel\\framework\\src\\Illuminate\\Pipeline\\Pipeline.php(208): Illuminate\\Http\\Middleware\\ValidatePathEncoding->handle(Object(Illuminate\\Http\\Request), Object(Closure))
#65 F:\\Coding\\Web\\Laravel\\agenda\\agenda\\vendor\\laravel\\framework\\src\\Illuminate\\Pipeline\\Pipeline.php(126): Illuminate\\Pipeline\\Pipeline->Illuminate\\Pipeline\\{closure}(Object(Illuminate\\Http\\Request))
#66 F:\\Coding\\Web\\Laravel\\agenda\\agenda\\vendor\\laravel\\framework\\src\\Illuminate\\Foundation\\Http\\Kernel.php(175): Illuminate\\Pipeline\\Pipeline->then(Object(Closure))
#67 F:\\Coding\\Web\\Laravel\\agenda\\agenda\\vendor\\laravel\\framework\\src\\Illuminate\\Foundation\\Http\\Kernel.php(144): Illuminate\\Foundation\\Http\\Kernel->sendRequestThroughRouter(Object(Illuminate\\Http\\Request))
#68 F:\\Coding\\Web\\Laravel\\agenda\\agenda\\vendor\\laravel\\framework\\src\\Illuminate\\Foundation\\Application.php(1219): Illuminate\\Foundation\\Http\\Kernel->handle(Object(Illuminate\\Http\\Request))
#69 F:\\Coding\\Web\\Laravel\\agenda\\agenda\\public\\index.php(20): Illuminate\\Foundation\\Application->handleRequest(Object(Illuminate\\Http\\Request))
#70 F:\\Coding\\Web\\Laravel\\agenda\\agenda\\vendor\\laravel\\framework\\src\\Illuminate\\Foundation\\resources\\server.php(23): require_once('F:\\\\Coding\\\\Web\\\\L...')
#71 {main}

[previous exception] [object] (BadMethodCallException(code: 0): Method App\\Livewire\\CalendarAdmin::getTimeOptions does not exist. at F:\\Coding\\Web\\Laravel\\agenda\\agenda\\vendor\\livewire\\livewire\\src\\Component.php:136)
[stacktrace]
#0 F:\\Coding\\Web\\Laravel\\agenda\\agenda\\storage\\framework\\views\\c552173cff25057dfa4cae194d5a5944.php(117): Livewire\\Component->__call('getTimeOptions', Array)
#1 F:\\Coding\\Web\\Laravel\\agenda\\agenda\\vendor\\livewire\\livewire\\src\\Mechanisms\\ExtendBlade\\ExtendedCompilerEngine.php(37): include('F:\\\\Coding\\\\Web\\\\L...')
#2 F:\\Coding\\Web\\Laravel\\agenda\\agenda\\vendor\\livewire\\livewire\\src\\Mechanisms\\ExtendBlade\\ExtendedCompilerEngine.php(38): App\\Livewire\\CalendarAdmin->Livewire\\Mechanisms\\ExtendBlade\\{closure}()
#3 F:\\Coding\\Web\\Laravel\\agenda\\agenda\\vendor\\laravel\\framework\\src\\Illuminate\\View\\Engines\\CompilerEngine.php(76): Livewire\\Mechanisms\\ExtendBlade\\ExtendedCompilerEngine->evaluatePath('F:\\\\Coding\\\\Web\\\\L...', Array)
#4 F:\\Coding\\Web\\Laravel\\agenda\\agenda\\vendor\\livewire\\livewire\\src\\Mechanisms\\ExtendBlade\\ExtendedCompilerEngine.php(16): Illuminate\\View\\Engines\\CompilerEngine->get('F:\\\\Coding\\\\Web\\\\L...', Array)
#5 F:\\Coding\\Web\\Laravel\\agenda\\agenda\\vendor\\laravel\\framework\\src\\Illuminate\\View\\View.php(208): Livewire\\Mechanisms\\ExtendBlade\\ExtendedCompilerEngine->get('F:\\\\Coding\\\\Web\\\\L...', Array)
#6 F:\\Coding\\Web\\Laravel\\agenda\\agenda\\vendor\\laravel\\framework\\src\\Illuminate\\View\\View.php(191): Illuminate\\View\\View->getContents()
#7 F:\\Coding\\Web\\Laravel\\agenda\\agenda\\vendor\\laravel\\framework\\src\\Illuminate\\View\\View.php(160): Illuminate\\View\\View->renderContents()
#8 F:\\Coding\\Web\\Laravel\\agenda\\agenda\\storage\\framework\\views\\2402510ce86b8be5b981a90d88f2e006.php(17): Illuminate\\View\\View->render()
#9 F:\\Coding\\Web\\Laravel\\agenda\\agenda\\vendor\\livewire\\livewire\\src\\Mechanisms\\ExtendBlade\\ExtendedCompilerEngine.php(37): include('F:\\\\Coding\\\\Web\\\\L...')
#10 F:\\Coding\\Web\\Laravel\\agenda\\agenda\\vendor\\livewire\\livewire\\src\\Mechanisms\\ExtendBlade\\ExtendedCompilerEngine.php(38): App\\Livewire\\CalendarAdmin->Livewire\\Mechanisms\\ExtendBlade\\{closure}()
#11 F:\\Coding\\Web\\Laravel\\agenda\\agenda\\vendor\\laravel\\framework\\src\\Illuminate\\View\\Engines\\CompilerEngine.php(76): Livewire\\Mechanisms\\ExtendBlade\\ExtendedCompilerEngine->evaluatePath('F:\\\\Coding\\\\Web\\\\L...', Array)
#12 F:\\Coding\\Web\\Laravel\\agenda\\agenda\\vendor\\livewire\\livewire\\src\\Mechanisms\\ExtendBlade\\ExtendedCompilerEngine.php(16): Illuminate\\View\\Engines\\CompilerEngine->get('F:\\\\Coding\\\\Web\\\\L...', Array)
#13 F:\\Coding\\Web\\Laravel\\agenda\\agenda\\vendor\\laravel\\framework\\src\\Illuminate\\View\\View.php(208): Livewire\\Mechanisms\\ExtendBlade\\ExtendedCompilerEngine->get('F:\\\\Coding\\\\Web\\\\L...', Array)
#14 F:\\Coding\\Web\\Laravel\\agenda\\agenda\\vendor\\laravel\\framework\\src\\Illuminate\\View\\View.php(191): Illuminate\\View\\View->getContents()
#15 F:\\Coding\\Web\\Laravel\\agenda\\agenda\\vendor\\laravel\\framework\\src\\Illuminate\\View\\View.php(160): Illuminate\\View\\View->renderContents()
#16 F:\\Coding\\Web\\Laravel\\agenda\\agenda\\vendor\\livewire\\livewire\\src\\Mechanisms\\HandleComponents\\HandleComponents.php(259): Illuminate\\View\\View->render(Object(Closure))
#17 F:\\Coding\\Web\\Laravel\\agenda\\agenda\\vendor\\livewire\\livewire\\src\\Mechanisms\\HandleComponents\\HandleComponents.php(303): Livewire\\Mechanisms\\HandleComponents\\HandleComponents->Livewire\\Mechanisms\\HandleComponents\\{closure}()
#18 F:\\Coding\\Web\\Laravel\\agenda\\agenda\\vendor\\livewire\\livewire\\src\\Mechanisms\\HandleComponents\\HandleComponents.php(251): Livewire\\Mechanisms\\HandleComponents\\HandleComponents->trackInRenderStack(Object(App\\Livewire\\CalendarAdmin), Object(Closure))
#19 F:\\Coding\\Web\\Laravel\\agenda\\agenda\\vendor\\livewire\\livewire\\src\\Mechanisms\\HandleComponents\\HandleComponents.php(104): Livewire\\Mechanisms\\HandleComponents\\HandleComponents->render(Object(App\\Livewire\\CalendarAdmin))
#20 F:\\Coding\\Web\\Laravel\\agenda\\agenda\\vendor\\livewire\\livewire\\src\\LivewireManager.php(102): Livewire\\Mechanisms\\HandleComponents\\HandleComponents->update(Array, Array, Array)
#21 F:\\Coding\\Web\\Laravel\\agenda\\agenda\\vendor\\livewire\\volt\\src\\LivewireManager.php(35): Livewire\\LivewireManager->update(Array, Array, Array)
#22 F:\\Coding\\Web\\Laravel\\agenda\\agenda\\vendor\\livewire\\livewire\\src\\Mechanisms\\HandleRequests\\HandleRequests.php(94): Livewire\\Volt\\LivewireManager->update(Array, Array, Array)
#23 F:\\Coding\\Web\\Laravel\\agenda\\agenda\\vendor\\laravel\\framework\\src\\Illuminate\\Routing\\ControllerDispatcher.php(46): Livewire\\Mechanisms\\HandleRequests\\HandleRequests->handleUpdate()
#24 F:\\Coding\\Web\\Laravel\\agenda\\agenda\\vendor\\laravel\\framework\\src\\Illuminate\\Routing\\Route.php(265): Illuminate\\Routing\\ControllerDispatcher->dispatch(Object(Illuminate\\Routing\\Route), Object(Livewire\\Mechanisms\\HandleRequests\\HandleRequests), 'handleUpdate')
#25 F:\\Coding\\Web\\Laravel\\agenda\\agenda\\vendor\\laravel\\framework\\src\\Illuminate\\Routing\\Route.php(211): Illuminate\\Routing\\Route->runController()
#26 F:\\Coding\\Web\\Laravel\\agenda\\agenda\\vendor\\laravel\\framework\\src\\Illuminate\\Routing\\Router.php(808): Illuminate\\Routing\\Route->run()
#27 F:\\Coding\\Web\\Laravel\\agenda\\agenda\\vendor\\laravel\\framework\\src\\Illuminate\\Pipeline\\Pipeline.php(169): Illuminate\\Routing\\Router->Illuminate\\Routing\\{closure}(Object(Illuminate\\Http\\Request))
#28 F:\\Coding\\Web\\Laravel\\agenda\\agenda\\vendor\\laravel\\framework\\src\\Illuminate\\Routing\\Middleware\\SubstituteBindings.php(50): Illuminate\\Pipeline\\Pipeline->Illuminate\\Pipeline\\{closure}(Object(Illuminate\\Http\\Request))
#29 F:\\Coding\\Web\\Laravel\\agenda\\agenda\\vendor\\laravel\\framework\\src\\Illuminate\\Pipeline\\Pipeline.php(208): Illuminate\\Routing\\Middleware\\SubstituteBindings->handle(Object(Illuminate\\Http\\Request), Object(Closure))
#30 F:\\Coding\\Web\\Laravel\\agenda\\agenda\\vendor\\laravel\\framework\\src\\Illuminate\\Foundation\\Http\\Middleware\\VerifyCsrfToken.php(87): Illuminate\\Pipeline\\Pipeline->Illuminate\\Pipeline\\{closure}(Object(Illuminate\\Http\\Request))
#31 F:\\Coding\\Web\\Laravel\\agenda\\agenda\\vendor\\laravel\\framework\\src\\Illuminate\\Pipeline\\Pipeline.php(208): Illuminate\\Foundation\\Http\\Middleware\\VerifyCsrfToken->handle(Object(Illuminate\\Http\\Request), Object(Closure))
#32 F:\\Coding\\Web\\Laravel\\agenda\\agenda\\vendor\\laravel\\framework\\src\\Illuminate\\View\\Middleware\\ShareErrorsFromSession.php(48): Illuminate\\Pipeline\\Pipeline->Illuminate\\Pipeline\\{closure}(Object(Illuminate\\Http\\Request))
#33 F:\\Coding\\Web\\Laravel\\agenda\\agenda\\vendor\\laravel\\framework\\src\\Illuminate\\Pipeline\\Pipeline.php(208): Illuminate\\View\\Middleware\\ShareErrorsFromSession->handle(Object(Illuminate\\Http\\Request), Object(Closure))
#34 F:\\Coding\\Web\\Laravel\\agenda\\agenda\\vendor\\laravel\\framework\\src\\Illuminate\\Session\\Middleware\\StartSession.php(120): Illuminate\\Pipeline\\Pipeline->Illuminate\\Pipeline\\{closure}(Object(Illuminate\\Http\\Request))
#35 F:\\Coding\\Web\\Laravel\\agenda\\agenda\\vendor\\laravel\\framework\\src\\Illuminate\\Session\\Middleware\\StartSession.php(63): Illuminate\\Session\\Middleware\\StartSession->handleStatefulRequest(Object(Illuminate\\Http\\Request), Object(Illuminate\\Session\\Store), Object(Closure))
#36 F:\\Coding\\Web\\Laravel\\agenda\\agenda\\vendor\\laravel\\framework\\src\\Illuminate\\Pipeline\\Pipeline.php(208): Illuminate\\Session\\Middleware\\StartSession->handle(Object(Illuminate\\Http\\Request), Object(Closure))
#37 F:\\Coding\\Web\\Laravel\\agenda\\agenda\\vendor\\laravel\\framework\\src\\Illuminate\\Cookie\\Middleware\\AddQueuedCookiesToResponse.php(36): Illuminate\\Pipeline\\Pipeline->Illuminate\\Pipeline\\{closure}(Object(Illuminate\\Http\\Request))
#38 F:\\Coding\\Web\\Laravel\\agenda\\agenda\\vendor\\laravel\\framework\\src\\Illuminate\\Pipeline\\Pipeline.php(208): Illuminate\\Cookie\\Middleware\\AddQueuedCookiesToResponse->handle(Object(Illuminate\\Http\\Request), Object(Closure))
#39 F:\\Coding\\Web\\Laravel\\agenda\\agenda\\vendor\\laravel\\framework\\src\\Illuminate\\Cookie\\Middleware\\EncryptCookies.php(74): Illuminate\\Pipeline\\Pipeline->Illuminate\\Pipeline\\{closure}(Object(Illuminate\\Http\\Request))
#40 F:\\Coding\\Web\\Laravel\\agenda\\agenda\\vendor\\laravel\\framework\\src\\Illuminate\\Pipeline\\Pipeline.php(208): Illuminate\\Cookie\\Middleware\\EncryptCookies->handle(Object(Illuminate\\Http\\Request), Object(Closure))
#41 F:\\Coding\\Web\\Laravel\\agenda\\agenda\\vendor\\laravel\\framework\\src\\Illuminate\\Pipeline\\Pipeline.php(126): Illuminate\\Pipeline\\Pipeline->Illuminate\\Pipeline\\{closure}(Object(Illuminate\\Http\\Request))
#42 F:\\Coding\\Web\\Laravel\\agenda\\agenda\\vendor\\laravel\\framework\\src\\Illuminate\\Routing\\Router.php(807): Illuminate\\Pipeline\\Pipeline->then(Object(Closure))
#43 F:\\Coding\\Web\\Laravel\\agenda\\agenda\\vendor\\laravel\\framework\\src\\Illuminate\\Routing\\Router.php(786): Illuminate\\Routing\\Router->runRouteWithinStack(Object(Illuminate\\Routing\\Route), Object(Illuminate\\Http\\Request))
#44 F:\\Coding\\Web\\Laravel\\agenda\\agenda\\vendor\\laravel\\framework\\src\\Illuminate\\Routing\\Router.php(750): Illuminate\\Routing\\Router->runRoute(Object(Illuminate\\Http\\Request), Object(Illuminate\\Routing\\Route))
#45 F:\\Coding\\Web\\Laravel\\agenda\\agenda\\vendor\\laravel\\framework\\src\\Illuminate\\Routing\\Router.php(739): Illuminate\\Routing\\Router->dispatchToRoute(Object(Illuminate\\Http\\Request))
#46 F:\\Coding\\Web\\Laravel\\agenda\\agenda\\vendor\\laravel\\framework\\src\\Illuminate\\Foundation\\Http\\Kernel.php(200): Illuminate\\Routing\\Router->dispatch(Object(Illuminate\\Http\\Request))
#47 F:\\Coding\\Web\\Laravel\\agenda\\agenda\\vendor\\laravel\\framework\\src\\Illuminate\\Pipeline\\Pipeline.php(169): Illuminate\\Foundation\\Http\\Kernel->Illuminate\\Foundation\\Http\\{closure}(Object(Illuminate\\Http\\Request))
#48 F:\\Coding\\Web\\Laravel\\agenda\\agenda\\vendor\\livewire\\livewire\\src\\Features\\SupportDisablingBackButtonCache\\DisableBackButtonCacheMiddleware.php(19): Illuminate\\Pipeline\\Pipeline->Illuminate\\Pipeline\\{closure}(Object(Illuminate\\Http\\Request))
#49 F:\\Coding\\Web\\Laravel\\agenda\\agenda\\vendor\\laravel\\framework\\src\\Illuminate\\Pipeline\\Pipeline.php(208): Livewire\\Features\\SupportDisablingBackButtonCache\\DisableBackButtonCacheMiddleware->handle(Object(Illuminate\\Http\\Request), Object(Closure))
#50 F:\\Coding\\Web\\Laravel\\agenda\\agenda\\vendor\\laravel\\framework\\src\\Illuminate\\Foundation\\Http\\Middleware\\ConvertEmptyStringsToNull.php(27): Illuminate\\Pipeline\\Pipeline->Illuminate\\Pipeline\\{closure}(Object(Illuminate\\Http\\Request))
#51 F:\\Coding\\Web\\Laravel\\agenda\\agenda\\vendor\\laravel\\framework\\src\\Illuminate\\Pipeline\\Pipeline.php(208): Illuminate\\Foundation\\Http\\Middleware\\ConvertEmptyStringsToNull->handle(Object(Illuminate\\Http\\Request), Object(Closure))
#52 F:\\Coding\\Web\\Laravel\\agenda\\agenda\\vendor\\laravel\\framework\\src\\Illuminate\\Foundation\\Http\\Middleware\\TrimStrings.php(47): Illuminate\\Pipeline\\Pipeline->Illuminate\\Pipeline\\{closure}(Object(Illuminate\\Http\\Request))
#53 F:\\Coding\\Web\\Laravel\\agenda\\agenda\\vendor\\laravel\\framework\\src\\Illuminate\\Pipeline\\Pipeline.php(208): Illuminate\\Foundation\\Http\\Middleware\\TrimStrings->handle(Object(Illuminate\\Http\\Request), Object(Closure))
#54 F:\\Coding\\Web\\Laravel\\agenda\\agenda\\vendor\\laravel\\framework\\src\\Illuminate\\Http\\Middleware\\ValidatePostSize.php(27): Illuminate\\Pipeline\\Pipeline->Illuminate\\Pipeline\\{closure}(Object(Illuminate\\Http\\Request))
#55 F:\\Coding\\Web\\Laravel\\agenda\\agenda\\vendor\\laravel\\framework\\src\\Illuminate\\Pipeline\\Pipeline.php(208): Illuminate\\Http\\Middleware\\ValidatePostSize->handle(Object(Illuminate\\Http\\Request), Object(Closure))
#56 F:\\Coding\\Web\\Laravel\\agenda\\agenda\\vendor\\laravel\\framework\\src\\Illuminate\\Foundation\\Http\\Middleware\\PreventRequestsDuringMaintenance.php(109): Illuminate\\Pipeline\\Pipeline->Illuminate\\Pipeline\\{closure}(Object(Illuminate\\Http\\Request))
#57 F:\\Coding\\Web\\Laravel\\agenda\\agenda\\vendor\\laravel\\framework\\src\\Illuminate\\Pipeline\\Pipeline.php(208): Illuminate\\Foundation\\Http\\Middleware\\PreventRequestsDuringMaintenance->handle(Object(Illuminate\\Http\\Request), Object(Closure))
#58 F:\\Coding\\Web\\Laravel\\agenda\\agenda\\vendor\\laravel\\framework\\src\\Illuminate\\Http\\Middleware\\HandleCors.php(48): Illuminate\\Pipeline\\Pipeline->Illuminate\\Pipeline\\{closure}(Object(Illuminate\\Http\\Request))
#59 F:\\Coding\\Web\\Laravel\\agenda\\agenda\\vendor\\laravel\\framework\\src\\Illuminate\\Pipeline\\Pipeline.php(208): Illuminate\\Http\\Middleware\\HandleCors->handle(Object(Illuminate\\Http\\Request), Object(Closure))
#60 F:\\Coding\\Web\\Laravel\\agenda\\agenda\\vendor\\laravel\\framework\\src\\Illuminate\\Http\\Middleware\\TrustProxies.php(58): Illuminate\\Pipeline\\Pipeline->Illuminate\\Pipeline\\{closure}(Object(Illuminate\\Http\\Request))
#61 F:\\Coding\\Web\\Laravel\\agenda\\agenda\\vendor\\laravel\\framework\\src\\Illuminate\\Pipeline\\Pipeline.php(208): Illuminate\\Http\\Middleware\\TrustProxies->handle(Object(Illuminate\\Http\\Request), Object(Closure))
#62 F:\\Coding\\Web\\Laravel\\agenda\\agenda\\vendor\\laravel\\framework\\src\\Illuminate\\Foundation\\Http\\Middleware\\InvokeDeferredCallbacks.php(22): Illuminate\\Pipeline\\Pipeline->Illuminate\\Pipeline\\{closure}(Object(Illuminate\\Http\\Request))
#63 F:\\Coding\\Web\\Laravel\\agenda\\agenda\\vendor\\laravel\\framework\\src\\Illuminate\\Pipeline\\Pipeline.php(208): Illuminate\\Foundation\\Http\\Middleware\\InvokeDeferredCallbacks->handle(Object(Illuminate\\Http\\Request), Object(Closure))
#64 F:\\Coding\\Web\\Laravel\\agenda\\agenda\\vendor\\laravel\\framework\\src\\Illuminate\\Http\\Middleware\\ValidatePathEncoding.php(26): Illuminate\\Pipeline\\Pipeline->Illuminate\\Pipeline\\{closure}(Object(Illuminate\\Http\\Request))
#65 F:\\Coding\\Web\\Laravel\\agenda\\agenda\\vendor\\laravel\\framework\\src\\Illuminate\\Pipeline\\Pipeline.php(208): Illuminate\\Http\\Middleware\\ValidatePathEncoding->handle(Object(Illuminate\\Http\\Request), Object(Closure))
#66 F:\\Coding\\Web\\Laravel\\agenda\\agenda\\vendor\\laravel\\framework\\src\\Illuminate\\Pipeline\\Pipeline.php(126): Illuminate\\Pipeline\\Pipeline->Illuminate\\Pipeline\\{closure}(Object(Illuminate\\Http\\Request))
#67 F:\\Coding\\Web\\Laravel\\agenda\\agenda\\vendor\\laravel\\framework\\src\\Illuminate\\Foundation\\Http\\Kernel.php(175): Illuminate\\Pipeline\\Pipeline->then(Object(Closure))
#68 F:\\Coding\\Web\\Laravel\\agenda\\agenda\\vendor\\laravel\\framework\\src\\Illuminate\\Foundation\\Http\\Kernel.php(144): Illuminate\\Foundation\\Http\\Kernel->sendRequestThroughRouter(Object(Illuminate\\Http\\Request))
#69 F:\\Coding\\Web\\Laravel\\agenda\\agenda\\vendor\\laravel\\framework\\src\\Illuminate\\Foundation\\Application.php(1219): Illuminate\\Foundation\\Http\\Kernel->handle(Object(Illuminate\\Http\\Request))
#70 F:\\Coding\\Web\\Laravel\\agenda\\agenda\\public\\index.php(20): Illuminate\\Foundation\\Application->handleRequest(Object(Illuminate\\Http\\Request))
#71 F:\\Coding\\Web\\Laravel\\agenda\\agenda\\vendor\\laravel\\framework\\src\\Illuminate\\Foundation\\resources\\server.php(23): require_once('F:\\\\Coding\\\\Web\\\\L...')
#72 {main}
"} 
[2025-09-08 23:56:54] local.ERROR: Method App\Livewire\CalendarAdmin::getTimeOptions does not exist. (View: F:\Coding\Web\Laravel\agenda\agenda\resources\views\partials\modal-create.blade.php) (View: F:\Coding\Web\Laravel\agenda\agenda\resources\views\partials\modal-create.blade.php) {"userId":1,"exception":"[object] (Illuminate\\View\\ViewException(code: 0): Method App\\Livewire\\CalendarAdmin::getTimeOptions does not exist. (View: F:\\Coding\\Web\\Laravel\\agenda\\agenda\\resources\\views\\partials\\modal-create.blade.php) (View: F:\\Coding\\Web\\Laravel\\agenda\\agenda\\resources\\views\\partials\\modal-create.blade.php) at F:\\Coding\\Web\\Laravel\\agenda\\agenda\\vendor\\livewire\\livewire\\src\\Component.php:136)
[stacktrace]
#0 F:\\Coding\\Web\\Laravel\\agenda\\agenda\\vendor\\livewire\\livewire\\src\\Mechanisms\\ExtendBlade\\ExtendedCompilerEngine.php(58): Illuminate\\View\\Engines\\CompilerEngine->handleViewException(Object(Illuminate\\View\\ViewException), 1)
#1 F:\\Coding\\Web\\Laravel\\agenda\\agenda\\vendor\\livewire\\livewire\\src\\Mechanisms\\ExtendBlade\\ExtendedCompilerEngine.php(40): Livewire\\Mechanisms\\ExtendBlade\\ExtendedCompilerEngine->handleViewException(Object(Illuminate\\View\\ViewException), 1)
#2 F:\\Coding\\Web\\Laravel\\agenda\\agenda\\vendor\\laravel\\framework\\src\\Illuminate\\View\\Engines\\CompilerEngine.php(76): Livewire\\Mechanisms\\ExtendBlade\\ExtendedCompilerEngine->evaluatePath('F:\\\\Coding\\\\Web\\\\L...', Array)
#3 F:\\Coding\\Web\\Laravel\\agenda\\agenda\\vendor\\livewire\\livewire\\src\\Mechanisms\\ExtendBlade\\ExtendedCompilerEngine.php(16): Illuminate\\View\\Engines\\CompilerEngine->get('F:\\\\Coding\\\\Web\\\\L...', Array)
#4 F:\\Coding\\Web\\Laravel\\agenda\\agenda\\vendor\\laravel\\framework\\src\\Illuminate\\View\\View.php(208): Livewire\\Mechanisms\\ExtendBlade\\ExtendedCompilerEngine->get('F:\\\\Coding\\\\Web\\\\L...', Array)
#5 F:\\Coding\\Web\\Laravel\\agenda\\agenda\\vendor\\laravel\\framework\\src\\Illuminate\\View\\View.php(191): Illuminate\\View\\View->getContents()
#6 F:\\Coding\\Web\\Laravel\\agenda\\agenda\\vendor\\laravel\\framework\\src\\Illuminate\\View\\View.php(160): Illuminate\\View\\View->renderContents()
#7 F:\\Coding\\Web\\Laravel\\agenda\\agenda\\vendor\\livewire\\livewire\\src\\Mechanisms\\HandleComponents\\HandleComponents.php(259): Illuminate\\View\\View->render(Object(Closure))
#8 F:\\Coding\\Web\\Laravel\\agenda\\agenda\\vendor\\livewire\\livewire\\src\\Mechanisms\\HandleComponents\\HandleComponents.php(303): Livewire\\Mechanisms\\HandleComponents\\HandleComponents->Livewire\\Mechanisms\\HandleComponents\\{closure}()
#9 F:\\Coding\\Web\\Laravel\\agenda\\agenda\\vendor\\livewire\\livewire\\src\\Mechanisms\\HandleComponents\\HandleComponents.php(251): Livewire\\Mechanisms\\HandleComponents\\HandleComponents->trackInRenderStack(Object(App\\Livewire\\CalendarAdmin), Object(Closure))
#10 F:\\Coding\\Web\\Laravel\\agenda\\agenda\\vendor\\livewire\\livewire\\src\\Mechanisms\\HandleComponents\\HandleComponents.php(104): Livewire\\Mechanisms\\HandleComponents\\HandleComponents->render(Object(App\\Livewire\\CalendarAdmin))
#11 F:\\Coding\\Web\\Laravel\\agenda\\agenda\\vendor\\livewire\\livewire\\src\\LivewireManager.php(102): Livewire\\Mechanisms\\HandleComponents\\HandleComponents->update(Array, Array, Array)
#12 F:\\Coding\\Web\\Laravel\\agenda\\agenda\\vendor\\livewire\\volt\\src\\LivewireManager.php(35): Livewire\\LivewireManager->update(Array, Array, Array)
#13 F:\\Coding\\Web\\Laravel\\agenda\\agenda\\vendor\\livewire\\livewire\\src\\Mechanisms\\HandleRequests\\HandleRequests.php(94): Livewire\\Volt\\LivewireManager->update(Array, Array, Array)
#14 F:\\Coding\\Web\\Laravel\\agenda\\agenda\\vendor\\laravel\\framework\\src\\Illuminate\\Routing\\ControllerDispatcher.php(46): Livewire\\Mechanisms\\HandleRequests\\HandleRequests->handleUpdate()
#15 F:\\Coding\\Web\\Laravel\\agenda\\agenda\\vendor\\laravel\\framework\\src\\Illuminate\\Routing\\Route.php(265): Illuminate\\Routing\\ControllerDispatcher->dispatch(Object(Illuminate\\Routing\\Route), Object(Livewire\\Mechanisms\\HandleRequests\\HandleRequests), 'handleUpdate')
#16 F:\\Coding\\Web\\Laravel\\agenda\\agenda\\vendor\\laravel\\framework\\src\\Illuminate\\Routing\\Route.php(211): Illuminate\\Routing\\Route->runController()
#17 F:\\Coding\\Web\\Laravel\\agenda\\agenda\\vendor\\laravel\\framework\\src\\Illuminate\\Routing\\Router.php(808): Illuminate\\Routing\\Route->run()
#18 F:\\Coding\\Web\\Laravel\\agenda\\agenda\\vendor\\laravel\\framework\\src\\Illuminate\\Pipeline\\Pipeline.php(169): Illuminate\\Routing\\Router->Illuminate\\Routing\\{closure}(Object(Illuminate\\Http\\Request))
#19 F:\\Coding\\Web\\Laravel\\agenda\\agenda\\vendor\\laravel\\framework\\src\\Illuminate\\Routing\\Middleware\\SubstituteBindings.php(50): Illuminate\\Pipeline\\Pipeline->Illuminate\\Pipeline\\{closure}(Object(Illuminate\\Http\\Request))
#20 F:\\Coding\\Web\\Laravel\\agenda\\agenda\\vendor\\laravel\\framework\\src\\Illuminate\\Pipeline\\Pipeline.php(208): Illuminate\\Routing\\Middleware\\SubstituteBindings->handle(Object(Illuminate\\Http\\Request), Object(Closure))
#21 F:\\Coding\\Web\\Laravel\\agenda\\agenda\\vendor\\laravel\\framework\\src\\Illuminate\\Foundation\\Http\\Middleware\\VerifyCsrfToken.php(87): Illuminate\\Pipeline\\Pipeline->Illuminate\\Pipeline\\{closure}(Object(Illuminate\\Http\\Request))
#22 F:\\Coding\\Web\\Laravel\\agenda\\agenda\\vendor\\laravel\\framework\\src\\Illuminate\\Pipeline\\Pipeline.php(208): Illuminate\\Foundation\\Http\\Middleware\\VerifyCsrfToken->handle(Object(Illuminate\\Http\\Request), Object(Closure))
#23 F:\\Coding\\Web\\Laravel\\agenda\\agenda\\vendor\\laravel\\framework\\src\\Illuminate\\View\\Middleware\\ShareErrorsFromSession.php(48): Illuminate\\Pipeline\\Pipeline->Illuminate\\Pipeline\\{closure}(Object(Illuminate\\Http\\Request))
#24 F:\\Coding\\Web\\Laravel\\agenda\\agenda\\vendor\\laravel\\framework\\src\\Illuminate\\Pipeline\\Pipeline.php(208): Illuminate\\View\\Middleware\\ShareErrorsFromSession->handle(Object(Illuminate\\Http\\Request), Object(Closure))
#25 F:\\Coding\\Web\\Laravel\\agenda\\agenda\\vendor\\laravel\\framework\\src\\Illuminate\\Session\\Middleware\\StartSession.php(120): Illuminate\\Pipeline\\Pipeline->Illuminate\\Pipeline\\{closure}(Object(Illuminate\\Http\\Request))
#26 F:\\Coding\\Web\\Laravel\\agenda\\agenda\\vendor\\laravel\\framework\\src\\Illuminate\\Session\\Middleware\\StartSession.php(63): Illuminate\\Session\\Middleware\\StartSession->handleStatefulRequest(Object(Illuminate\\Http\\Request), Object(Illuminate\\Session\\Store), Object(Closure))
#27 F:\\Coding\\Web\\Laravel\\agenda\\agenda\\vendor\\laravel\\framework\\src\\Illuminate\\Pipeline\\Pipeline.php(208): Illuminate\\Session\\Middleware\\StartSession->handle(Object(Illuminate\\Http\\Request), Object(Closure))
#28 F:\\Coding\\Web\\Laravel\\agenda\\agenda\\vendor\\laravel\\framework\\src\\Illuminate\\Cookie\\Middleware\\AddQueuedCookiesToResponse.php(36): Illuminate\\Pipeline\\Pipeline->Illuminate\\Pipeline\\{closure}(Object(Illuminate\\Http\\Request))
#29 F:\\Coding\\Web\\Laravel\\agenda\\agenda\\vendor\\laravel\\framework\\src\\Illuminate\\Pipeline\\Pipeline.php(208): Illuminate\\Cookie\\Middleware\\AddQueuedCookiesToResponse->handle(Object(Illuminate\\Http\\Request), Object(Closure))
#30 F:\\Coding\\Web\\Laravel\\agenda\\agenda\\vendor\\laravel\\framework\\src\\Illuminate\\Cookie\\Middleware\\EncryptCookies.php(74): Illuminate\\Pipeline\\Pipeline->Illuminate\\Pipeline\\{closure}(Object(Illuminate\\Http\\Request))
#31 F:\\Coding\\Web\\Laravel\\agenda\\agenda\\vendor\\laravel\\framework\\src\\Illuminate\\Pipeline\\Pipeline.php(208): Illuminate\\Cookie\\Middleware\\EncryptCookies->handle(Object(Illuminate\\Http\\Request), Object(Closure))
#32 F:\\Coding\\Web\\Laravel\\agenda\\agenda\\vendor\\laravel\\framework\\src\\Illuminate\\Pipeline\\Pipeline.php(126): Illuminate\\Pipeline\\Pipeline->Illuminate\\Pipeline\\{closure}(Object(Illuminate\\Http\\Request))
#33 F:\\Coding\\Web\\Laravel\\agenda\\agenda\\vendor\\laravel\\framework\\src\\Illuminate\\Routing\\Router.php(807): Illuminate\\Pipeline\\Pipeline->then(Object(Closure))
#34 F:\\Coding\\Web\\Laravel\\agenda\\agenda\\vendor\\laravel\\framework\\src\\Illuminate\\Routing\\Router.php(786): Illuminate\\Routing\\Router->runRouteWithinStack(Object(Illuminate\\Routing\\Route), Object(Illuminate\\Http\\Request))
#35 F:\\Coding\\Web\\Laravel\\agenda\\agenda\\vendor\\laravel\\framework\\src\\Illuminate\\Routing\\Router.php(750): Illuminate\\Routing\\Router->runRoute(Object(Illuminate\\Http\\Request), Object(Illuminate\\Routing\\Route))
#36 F:\\Coding\\Web\\Laravel\\agenda\\agenda\\vendor\\laravel\\framework\\src\\Illuminate\\Routing\\Router.php(739): Illuminate\\Routing\\Router->dispatchToRoute(Object(Illuminate\\Http\\Request))
#37 F:\\Coding\\Web\\Laravel\\agenda\\agenda\\vendor\\laravel\\framework\\src\\Illuminate\\Foundation\\Http\\Kernel.php(200): Illuminate\\Routing\\Router->dispatch(Object(Illuminate\\Http\\Request))
#38 F:\\Coding\\Web\\Laravel\\agenda\\agenda\\vendor\\laravel\\framework\\src\\Illuminate\\Pipeline\\Pipeline.php(169): Illuminate\\Foundation\\Http\\Kernel->Illuminate\\Foundation\\Http\\{closure}(Object(Illuminate\\Http\\Request))
#39 F:\\Coding\\Web\\Laravel\\agenda\\agenda\\vendor\\livewire\\livewire\\src\\Features\\SupportDisablingBackButtonCache\\DisableBackButtonCacheMiddleware.php(19): Illuminate\\Pipeline\\Pipeline->Illuminate\\Pipeline\\{closure}(Object(Illuminate\\Http\\Request))
#40 F:\\Coding\\Web\\Laravel\\agenda\\agenda\\vendor\\laravel\\framework\\src\\Illuminate\\Pipeline\\Pipeline.php(208): Livewire\\Features\\SupportDisablingBackButtonCache\\DisableBackButtonCacheMiddleware->handle(Object(Illuminate\\Http\\Request), Object(Closure))
#41 F:\\Coding\\Web\\Laravel\\agenda\\agenda\\vendor\\laravel\\framework\\src\\Illuminate\\Foundation\\Http\\Middleware\\ConvertEmptyStringsToNull.php(27): Illuminate\\Pipeline\\Pipeline->Illuminate\\Pipeline\\{closure}(Object(Illuminate\\Http\\Request))
#42 F:\\Coding\\Web\\Laravel\\agenda\\agenda\\vendor\\laravel\\framework\\src\\Illuminate\\Pipeline\\Pipeline.php(208): Illuminate\\Foundation\\Http\\Middleware\\ConvertEmptyStringsToNull->handle(Object(Illuminate\\Http\\Request), Object(Closure))
#43 F:\\Coding\\Web\\Laravel\\agenda\\agenda\\vendor\\laravel\\framework\\src\\Illuminate\\Foundation\\Http\\Middleware\\TrimStrings.php(47): Illuminate\\Pipeline\\Pipeline->Illuminate\\Pipeline\\{closure}(Object(Illuminate\\Http\\Request))
#44 F:\\Coding\\Web\\Laravel\\agenda\\agenda\\vendor\\laravel\\framework\\src\\Illuminate\\Pipeline\\Pipeline.php(208): Illuminate\\Foundation\\Http\\Middleware\\TrimStrings->handle(Object(Illuminate\\Http\\Request), Object(Closure))
#45 F:\\Coding\\Web\\Laravel\\agenda\\agenda\\vendor\\laravel\\framework\\src\\Illuminate\\Http\\Middleware\\ValidatePostSize.php(27): Illuminate\\Pipeline\\Pipeline->Illuminate\\Pipeline\\{closure}(Object(Illuminate\\Http\\Request))
#46 F:\\Coding\\Web\\Laravel\\agenda\\agenda\\vendor\\laravel\\framework\\src\\Illuminate\\Pipeline\\Pipeline.php(208): Illuminate\\Http\\Middleware\\ValidatePostSize->handle(Object(Illuminate\\Http\\Request), Object(Closure))
#47 F:\\Coding\\Web\\Laravel\\agenda\\agenda\\vendor\\laravel\\framework\\src\\Illuminate\\Foundation\\Http\\Middleware\\PreventRequestsDuringMaintenance.php(109): Illuminate\\Pipeline\\Pipeline->Illuminate\\Pipeline\\{closure}(Object(Illuminate\\Http\\Request))
#48 F:\\Coding\\Web\\Laravel\\agenda\\agenda\\vendor\\laravel\\framework\\src\\Illuminate\\Pipeline\\Pipeline.php(208): Illuminate\\Foundation\\Http\\Middleware\\PreventRequestsDuringMaintenance->handle(Object(Illuminate\\Http\\Request), Object(Closure))
#49 F:\\Coding\\Web\\Laravel\\agenda\\agenda\\vendor\\laravel\\framework\\src\\Illuminate\\Http\\Middleware\\HandleCors.php(48): Illuminate\\Pipeline\\Pipeline->Illuminate\\Pipeline\\{closure}(Object(Illuminate\\Http\\Request))
#50 F:\\Coding\\Web\\Laravel\\agenda\\agenda\\vendor\\laravel\\framework\\src\\Illuminate\\Pipeline\\Pipeline.php(208): Illuminate\\Http\\Middleware\\HandleCors->handle(Object(Illuminate\\Http\\Request), Object(Closure))
#51 F:\\Coding\\Web\\Laravel\\agenda\\agenda\\vendor\\laravel\\framework\\src\\Illuminate\\Http\\Middleware\\TrustProxies.php(58): Illuminate\\Pipeline\\Pipeline->Illuminate\\Pipeline\\{closure}(Object(Illuminate\\Http\\Request))
#52 F:\\Coding\\Web\\Laravel\\agenda\\agenda\\vendor\\laravel\\framework\\src\\Illuminate\\Pipeline\\Pipeline.php(208): Illuminate\\Http\\Middleware\\TrustProxies->handle(Object(Illuminate\\Http\\Request), Object(Closure))
#53 F:\\Coding\\Web\\Laravel\\agenda\\agenda\\vendor\\laravel\\framework\\src\\Illuminate\\Foundation\\Http\\Middleware\\InvokeDeferredCallbacks.php(22): Illuminate\\Pipeline\\Pipeline->Illuminate\\Pipeline\\{closure}(Object(Illuminate\\Http\\Request))
#54 F:\\Coding\\Web\\Laravel\\agenda\\agenda\\vendor\\laravel\\framework\\src\\Illuminate\\Pipeline\\Pipeline.php(208): Illuminate\\Foundation\\Http\\Middleware\\InvokeDeferredCallbacks->handle(Object(Illuminate\\Http\\Request), Object(Closure))
#55 F:\\Coding\\Web\\Laravel\\agenda\\agenda\\vendor\\laravel\\framework\\src\\Illuminate\\Http\\Middleware\\ValidatePathEncoding.php(26): Illuminate\\Pipeline\\Pipeline->Illuminate\\Pipeline\\{closure}(Object(Illuminate\\Http\\Request))
#56 F:\\Coding\\Web\\Laravel\\agenda\\agenda\\vendor\\laravel\\framework\\src\\Illuminate\\Pipeline\\Pipeline.php(208): Illuminate\\Http\\Middleware\\ValidatePathEncoding->handle(Object(Illuminate\\Http\\Request), Object(Closure))
#57 F:\\Coding\\Web\\Laravel\\agenda\\agenda\\vendor\\laravel\\framework\\src\\Illuminate\\Pipeline\\Pipeline.php(126): Illuminate\\Pipeline\\Pipeline->Illuminate\\Pipeline\\{closure}(Object(Illuminate\\Http\\Request))
#58 F:\\Coding\\Web\\Laravel\\agenda\\agenda\\vendor\\laravel\\framework\\src\\Illuminate\\Foundation\\Http\\Kernel.php(175): Illuminate\\Pipeline\\Pipeline->then(Object(Closure))
#59 F:\\Coding\\Web\\Laravel\\agenda\\agenda\\vendor\\laravel\\framework\\src\\Illuminate\\Foundation\\Http\\Kernel.php(144): Illuminate\\Foundation\\Http\\Kernel->sendRequestThroughRouter(Object(Illuminate\\Http\\Request))
#60 F:\\Coding\\Web\\Laravel\\agenda\\agenda\\vendor\\laravel\\framework\\src\\Illuminate\\Foundation\\Application.php(1219): Illuminate\\Foundation\\Http\\Kernel->handle(Object(Illuminate\\Http\\Request))
#61 F:\\Coding\\Web\\Laravel\\agenda\\agenda\\public\\index.php(20): Illuminate\\Foundation\\Application->handleRequest(Object(Illuminate\\Http\\Request))
#62 F:\\Coding\\Web\\Laravel\\agenda\\agenda\\vendor\\laravel\\framework\\src\\Illuminate\\Foundation\\resources\\server.php(23): require_once('F:\\\\Coding\\\\Web\\\\L...')
#63 {main}

[previous exception] [object] (Illuminate\\View\\ViewException(code: 0): Method App\\Livewire\\CalendarAdmin::getTimeOptions does not exist. (View: F:\\Coding\\Web\\Laravel\\agenda\\agenda\\resources\\views\\partials\\modal-create.blade.php) at F:\\Coding\\Web\\Laravel\\agenda\\agenda\\vendor\\livewire\\livewire\\src\\Component.php:136)
[stacktrace]
#0 F:\\Coding\\Web\\Laravel\\agenda\\agenda\\vendor\\livewire\\livewire\\src\\Mechanisms\\ExtendBlade\\ExtendedCompilerEngine.php(58): Illuminate\\View\\Engines\\CompilerEngine->handleViewException(Object(BadMethodCallException), 2)
#1 F:\\Coding\\Web\\Laravel\\agenda\\agenda\\vendor\\livewire\\livewire\\src\\Mechanisms\\ExtendBlade\\ExtendedCompilerEngine.php(40): Livewire\\Mechanisms\\ExtendBlade\\ExtendedCompilerEngine->handleViewException(Object(BadMethodCallException), 2)
#2 F:\\Coding\\Web\\Laravel\\agenda\\agenda\\vendor\\laravel\\framework\\src\\Illuminate\\View\\Engines\\CompilerEngine.php(76): Livewire\\Mechanisms\\ExtendBlade\\ExtendedCompilerEngine->evaluatePath('F:\\\\Coding\\\\Web\\\\L...', Array)
#3 F:\\Coding\\Web\\Laravel\\agenda\\agenda\\vendor\\livewire\\livewire\\src\\Mechanisms\\ExtendBlade\\ExtendedCompilerEngine.php(16): Illuminate\\View\\Engines\\CompilerEngine->get('F:\\\\Coding\\\\Web\\\\L...', Array)
#4 F:\\Coding\\Web\\Laravel\\agenda\\agenda\\vendor\\laravel\\framework\\src\\Illuminate\\View\\View.php(208): Livewire\\Mechanisms\\ExtendBlade\\ExtendedCompilerEngine->get('F:\\\\Coding\\\\Web\\\\L...', Array)
#5 F:\\Coding\\Web\\Laravel\\agenda\\agenda\\vendor\\laravel\\framework\\src\\Illuminate\\View\\View.php(191): Illuminate\\View\\View->getContents()
#6 F:\\Coding\\Web\\Laravel\\agenda\\agenda\\vendor\\laravel\\framework\\src\\Illuminate\\View\\View.php(160): Illuminate\\View\\View->renderContents()
#7 F:\\Coding\\Web\\Laravel\\agenda\\agenda\\storage\\framework\\views\\2402510ce86b8be5b981a90d88f2e006.php(17): Illuminate\\View\\View->render()
#8 F:\\Coding\\Web\\Laravel\\agenda\\agenda\\vendor\\livewire\\livewire\\src\\Mechanisms\\ExtendBlade\\ExtendedCompilerEngine.php(37): include('F:\\\\Coding\\\\Web\\\\L...')
#9 F:\\Coding\\Web\\Laravel\\agenda\\agenda\\vendor\\livewire\\livewire\\src\\Mechanisms\\ExtendBlade\\ExtendedCompilerEngine.php(38): App\\Livewire\\CalendarAdmin->Livewire\\Mechanisms\\ExtendBlade\\{closure}()
#10 F:\\Coding\\Web\\Laravel\\agenda\\agenda\\vendor\\laravel\\framework\\src\\Illuminate\\View\\Engines\\CompilerEngine.php(76): Livewire\\Mechanisms\\ExtendBlade\\ExtendedCompilerEngine->evaluatePath('F:\\\\Coding\\\\Web\\\\L...', Array)
#11 F:\\Coding\\Web\\Laravel\\agenda\\agenda\\vendor\\livewire\\livewire\\src\\Mechanisms\\ExtendBlade\\ExtendedCompilerEngine.php(16): Illuminate\\View\\Engines\\CompilerEngine->get('F:\\\\Coding\\\\Web\\\\L...', Array)
#12 F:\\Coding\\Web\\Laravel\\agenda\\agenda\\vendor\\laravel\\framework\\src\\Illuminate\\View\\View.php(208): Livewire\\Mechanisms\\ExtendBlade\\ExtendedCompilerEngine->get('F:\\\\Coding\\\\Web\\\\L...', Array)
#13 F:\\Coding\\Web\\Laravel\\agenda\\agenda\\vendor\\laravel\\framework\\src\\Illuminate\\View\\View.php(191): Illuminate\\View\\View->getContents()
#14 F:\\Coding\\Web\\Laravel\\agenda\\agenda\\vendor\\laravel\\framework\\src\\Illuminate\\View\\View.php(160): Illuminate\\View\\View->renderContents()
#15 F:\\Coding\\Web\\Laravel\\agenda\\agenda\\vendor\\livewire\\livewire\\src\\Mechanisms\\HandleComponents\\HandleComponents.php(259): Illuminate\\View\\View->render(Object(Closure))
#16 F:\\Coding\\Web\\Laravel\\agenda\\agenda\\vendor\\livewire\\livewire\\src\\Mechanisms\\HandleComponents\\HandleComponents.php(303): Livewire\\Mechanisms\\HandleComponents\\HandleComponents->Livewire\\Mechanisms\\HandleComponents\\{closure}()
#17 F:\\Coding\\Web\\Laravel\\agenda\\agenda\\vendor\\livewire\\livewire\\src\\Mechanisms\\HandleComponents\\HandleComponents.php(251): Livewire\\Mechanisms\\HandleComponents\\HandleComponents->trackInRenderStack(Object(App\\Livewire\\CalendarAdmin), Object(Closure))
#18 F:\\Coding\\Web\\Laravel\\agenda\\agenda\\vendor\\livewire\\livewire\\src\\Mechanisms\\HandleComponents\\HandleComponents.php(104): Livewire\\Mechanisms\\HandleComponents\\HandleComponents->render(Object(App\\Livewire\\CalendarAdmin))
#19 F:\\Coding\\Web\\Laravel\\agenda\\agenda\\vendor\\livewire\\livewire\\src\\LivewireManager.php(102): Livewire\\Mechanisms\\HandleComponents\\HandleComponents->update(Array, Array, Array)
#20 F:\\Coding\\Web\\Laravel\\agenda\\agenda\\vendor\\livewire\\volt\\src\\LivewireManager.php(35): Livewire\\LivewireManager->update(Array, Array, Array)
#21 F:\\Coding\\Web\\Laravel\\agenda\\agenda\\vendor\\livewire\\livewire\\src\\Mechanisms\\HandleRequests\\HandleRequests.php(94): Livewire\\Volt\\LivewireManager->update(Array, Array, Array)
#22 F:\\Coding\\Web\\Laravel\\agenda\\agenda\\vendor\\laravel\\framework\\src\\Illuminate\\Routing\\ControllerDispatcher.php(46): Livewire\\Mechanisms\\HandleRequests\\HandleRequests->handleUpdate()
#23 F:\\Coding\\Web\\Laravel\\agenda\\agenda\\vendor\\laravel\\framework\\src\\Illuminate\\Routing\\Route.php(265): Illuminate\\Routing\\ControllerDispatcher->dispatch(Object(Illuminate\\Routing\\Route), Object(Livewire\\Mechanisms\\HandleRequests\\HandleRequests), 'handleUpdate')
#24 F:\\Coding\\Web\\Laravel\\agenda\\agenda\\vendor\\laravel\\framework\\src\\Illuminate\\Routing\\Route.php(211): Illuminate\\Routing\\Route->runController()
#25 F:\\Coding\\Web\\Laravel\\agenda\\agenda\\vendor\\laravel\\framework\\src\\Illuminate\\Routing\\Router.php(808): Illuminate\\Routing\\Route->run()
#26 F:\\Coding\\Web\\Laravel\\agenda\\agenda\\vendor\\laravel\\framework\\src\\Illuminate\\Pipeline\\Pipeline.php(169): Illuminate\\Routing\\Router->Illuminate\\Routing\\{closure}(Object(Illuminate\\Http\\Request))
#27 F:\\Coding\\Web\\Laravel\\agenda\\agenda\\vendor\\laravel\\framework\\src\\Illuminate\\Routing\\Middleware\\SubstituteBindings.php(50): Illuminate\\Pipeline\\Pipeline->Illuminate\\Pipeline\\{closure}(Object(Illuminate\\Http\\Request))
#28 F:\\Coding\\Web\\Laravel\\agenda\\agenda\\vendor\\laravel\\framework\\src\\Illuminate\\Pipeline\\Pipeline.php(208): Illuminate\\Routing\\Middleware\\SubstituteBindings->handle(Object(Illuminate\\Http\\Request), Object(Closure))
#29 F:\\Coding\\Web\\Laravel\\agenda\\agenda\\vendor\\laravel\\framework\\src\\Illuminate\\Foundation\\Http\\Middleware\\VerifyCsrfToken.php(87): Illuminate\\Pipeline\\Pipeline->Illuminate\\Pipeline\\{closure}(Object(Illuminate\\Http\\Request))
#30 F:\\Coding\\Web\\Laravel\\agenda\\agenda\\vendor\\laravel\\framework\\src\\Illuminate\\Pipeline\\Pipeline.php(208): Illuminate\\Foundation\\Http\\Middleware\\VerifyCsrfToken->handle(Object(Illuminate\\Http\\Request), Object(Closure))
#31 F:\\Coding\\Web\\Laravel\\agenda\\agenda\\vendor\\laravel\\framework\\src\\Illuminate\\View\\Middleware\\ShareErrorsFromSession.php(48): Illuminate\\Pipeline\\Pipeline->Illuminate\\Pipeline\\{closure}(Object(Illuminate\\Http\\Request))
#32 F:\\Coding\\Web\\Laravel\\agenda\\agenda\\vendor\\laravel\\framework\\src\\Illuminate\\Pipeline\\Pipeline.php(208): Illuminate\\View\\Middleware\\ShareErrorsFromSession->handle(Object(Illuminate\\Http\\Request), Object(Closure))
#33 F:\\Coding\\Web\\Laravel\\agenda\\agenda\\vendor\\laravel\\framework\\src\\Illuminate\\Session\\Middleware\\StartSession.php(120): Illuminate\\Pipeline\\Pipeline->Illuminate\\Pipeline\\{closure}(Object(Illuminate\\Http\\Request))
#34 F:\\Coding\\Web\\Laravel\\agenda\\agenda\\vendor\\laravel\\framework\\src\\Illuminate\\Session\\Middleware\\StartSession.php(63): Illuminate\\Session\\Middleware\\StartSession->handleStatefulRequest(Object(Illuminate\\Http\\Request), Object(Illuminate\\Session\\Store), Object(Closure))
#35 F:\\Coding\\Web\\Laravel\\agenda\\agenda\\vendor\\laravel\\framework\\src\\Illuminate\\Pipeline\\Pipeline.php(208): Illuminate\\Session\\Middleware\\StartSession->handle(Object(Illuminate\\Http\\Request), Object(Closure))
#36 F:\\Coding\\Web\\Laravel\\agenda\\agenda\\vendor\\laravel\\framework\\src\\Illuminate\\Cookie\\Middleware\\AddQueuedCookiesToResponse.php(36): Illuminate\\Pipeline\\Pipeline->Illuminate\\Pipeline\\{closure}(Object(Illuminate\\Http\\Request))
#37 F:\\Coding\\Web\\Laravel\\agenda\\agenda\\vendor\\laravel\\framework\\src\\Illuminate\\Pipeline\\Pipeline.php(208): Illuminate\\Cookie\\Middleware\\AddQueuedCookiesToResponse->handle(Object(Illuminate\\Http\\Request), Object(Closure))
#38 F:\\Coding\\Web\\Laravel\\agenda\\agenda\\vendor\\laravel\\framework\\src\\Illuminate\\Cookie\\Middleware\\EncryptCookies.php(74): Illuminate\\Pipeline\\Pipeline->Illuminate\\Pipeline\\{closure}(Object(Illuminate\\Http\\Request))
#39 F:\\Coding\\Web\\Laravel\\agenda\\agenda\\vendor\\laravel\\framework\\src\\Illuminate\\Pipeline\\Pipeline.php(208): Illuminate\\Cookie\\Middleware\\EncryptCookies->handle(Object(Illuminate\\Http\\Request), Object(Closure))
#40 F:\\Coding\\Web\\Laravel\\agenda\\agenda\\vendor\\laravel\\framework\\src\\Illuminate\\Pipeline\\Pipeline.php(126): Illuminate\\Pipeline\\Pipeline->Illuminate\\Pipeline\\{closure}(Object(Illuminate\\Http\\Request))
#41 F:\\Coding\\Web\\Laravel\\agenda\\agenda\\vendor\\laravel\\framework\\src\\Illuminate\\Routing\\Router.php(807): Illuminate\\Pipeline\\Pipeline->then(Object(Closure))
#42 F:\\Coding\\Web\\Laravel\\agenda\\agenda\\vendor\\laravel\\framework\\src\\Illuminate\\Routing\\Router.php(786): Illuminate\\Routing\\Router->runRouteWithinStack(Object(Illuminate\\Routing\\Route), Object(Illuminate\\Http\\Request))
#43 F:\\Coding\\Web\\Laravel\\agenda\\agenda\\vendor\\laravel\\framework\\src\\Illuminate\\Routing\\Router.php(750): Illuminate\\Routing\\Router->runRoute(Object(Illuminate\\Http\\Request), Object(Illuminate\\Routing\\Route))
#44 F:\\Coding\\Web\\Laravel\\agenda\\agenda\\vendor\\laravel\\framework\\src\\Illuminate\\Routing\\Router.php(739): Illuminate\\Routing\\Router->dispatchToRoute(Object(Illuminate\\Http\\Request))
#45 F:\\Coding\\Web\\Laravel\\agenda\\agenda\\vendor\\laravel\\framework\\src\\Illuminate\\Foundation\\Http\\Kernel.php(200): Illuminate\\Routing\\Router->dispatch(Object(Illuminate\\Http\\Request))
#46 F:\\Coding\\Web\\Laravel\\agenda\\agenda\\vendor\\laravel\\framework\\src\\Illuminate\\Pipeline\\Pipeline.php(169): Illuminate\\Foundation\\Http\\Kernel->Illuminate\\Foundation\\Http\\{closure}(Object(Illuminate\\Http\\Request))
#47 F:\\Coding\\Web\\Laravel\\agenda\\agenda\\vendor\\livewire\\livewire\\src\\Features\\SupportDisablingBackButtonCache\\DisableBackButtonCacheMiddleware.php(19): Illuminate\\Pipeline\\Pipeline->Illuminate\\Pipeline\\{closure}(Object(Illuminate\\Http\\Request))
#48 F:\\Coding\\Web\\Laravel\\agenda\\agenda\\vendor\\laravel\\framework\\src\\Illuminate\\Pipeline\\Pipeline.php(208): Livewire\\Features\\SupportDisablingBackButtonCache\\DisableBackButtonCacheMiddleware->handle(Object(Illuminate\\Http\\Request), Object(Closure))
#49 F:\\Coding\\Web\\Laravel\\agenda\\agenda\\vendor\\laravel\\framework\\src\\Illuminate\\Foundation\\Http\\Middleware\\ConvertEmptyStringsToNull.php(27): Illuminate\\Pipeline\\Pipeline->Illuminate\\Pipeline\\{closure}(Object(Illuminate\\Http\\Request))
#50 F:\\Coding\\Web\\Laravel\\agenda\\agenda\\vendor\\laravel\\framework\\src\\Illuminate\\Pipeline\\Pipeline.php(208): Illuminate\\Foundation\\Http\\Middleware\\ConvertEmptyStringsToNull->handle(Object(Illuminate\\Http\\Request), Object(Closure))
#51 F:\\Coding\\Web\\Laravel\\agenda\\agenda\\vendor\\laravel\\framework\\src\\Illuminate\\Foundation\\Http\\Middleware\\TrimStrings.php(47): Illuminate\\Pipeline\\Pipeline->Illuminate\\Pipeline\\{closure}(Object(Illuminate\\Http\\Request))
#52 F:\\Coding\\Web\\Laravel\\agenda\\agenda\\vendor\\laravel\\framework\\src\\Illuminate\\Pipeline\\Pipeline.php(208): Illuminate\\Foundation\\Http\\Middleware\\TrimStrings->handle(Object(Illuminate\\Http\\Request), Object(Closure))
#53 F:\\Coding\\Web\\Laravel\\agenda\\agenda\\vendor\\laravel\\framework\\src\\Illuminate\\Http\\Middleware\\ValidatePostSize.php(27): Illuminate\\Pipeline\\Pipeline->Illuminate\\Pipeline\\{closure}(Object(Illuminate\\Http\\Request))
#54 F:\\Coding\\Web\\Laravel\\agenda\\agenda\\vendor\\laravel\\framework\\src\\Illuminate\\Pipeline\\Pipeline.php(208): Illuminate\\Http\\Middleware\\ValidatePostSize->handle(Object(Illuminate\\Http\\Request), Object(Closure))
#55 F:\\Coding\\Web\\Laravel\\agenda\\agenda\\vendor\\laravel\\framework\\src\\Illuminate\\Foundation\\Http\\Middleware\\PreventRequestsDuringMaintenance.php(109): Illuminate\\Pipeline\\Pipeline->Illuminate\\Pipeline\\{closure}(Object(Illuminate\\Http\\Request))
#56 F:\\Coding\\Web\\Laravel\\agenda\\agenda\\vendor\\laravel\\framework\\src\\Illuminate\\Pipeline\\Pipeline.php(208): Illuminate\\Foundation\\Http\\Middleware\\PreventRequestsDuringMaintenance->handle(Object(Illuminate\\Http\\Request), Object(Closure))
#57 F:\\Coding\\Web\\Laravel\\agenda\\agenda\\vendor\\laravel\\framework\\src\\Illuminate\\Http\\Middleware\\HandleCors.php(48): Illuminate\\Pipeline\\Pipeline->Illuminate\\Pipeline\\{closure}(Object(Illuminate\\Http\\Request))
#58 F:\\Coding\\Web\\Laravel\\agenda\\agenda\\vendor\\laravel\\framework\\src\\Illuminate\\Pipeline\\Pipeline.php(208): Illuminate\\Http\\Middleware\\HandleCors->handle(Object(Illuminate\\Http\\Request), Object(Closure))
#59 F:\\Coding\\Web\\Laravel\\agenda\\agenda\\vendor\\laravel\\framework\\src\\Illuminate\\Http\\Middleware\\TrustProxies.php(58): Illuminate\\Pipeline\\Pipeline->Illuminate\\Pipeline\\{closure}(Object(Illuminate\\Http\\Request))
#60 F:\\Coding\\Web\\Laravel\\agenda\\agenda\\vendor\\laravel\\framework\\src\\Illuminate\\Pipeline\\Pipeline.php(208): Illuminate\\Http\\Middleware\\TrustProxies->handle(Object(Illuminate\\Http\\Request), Object(Closure))
#61 F:\\Coding\\Web\\Laravel\\agenda\\agenda\\vendor\\laravel\\framework\\src\\Illuminate\\Foundation\\Http\\Middleware\\InvokeDeferredCallbacks.php(22): Illuminate\\Pipeline\\Pipeline->Illuminate\\Pipeline\\{closure}(Object(Illuminate\\Http\\Request))
#62 F:\\Coding\\Web\\Laravel\\agenda\\agenda\\vendor\\laravel\\framework\\src\\Illuminate\\Pipeline\\Pipeline.php(208): Illuminate\\Foundation\\Http\\Middleware\\InvokeDeferredCallbacks->handle(Object(Illuminate\\Http\\Request), Object(Closure))
#63 F:\\Coding\\Web\\Laravel\\agenda\\agenda\\vendor\\laravel\\framework\\src\\Illuminate\\Http\\Middleware\\ValidatePathEncoding.php(26): Illuminate\\Pipeline\\Pipeline->Illuminate\\Pipeline\\{closure}(Object(Illuminate\\Http\\Request))
#64 F:\\Coding\\Web\\Laravel\\agenda\\agenda\\vendor\\laravel\\framework\\src\\Illuminate\\Pipeline\\Pipeline.php(208): Illuminate\\Http\\Middleware\\ValidatePathEncoding->handle(Object(Illuminate\\Http\\Request), Object(Closure))
#65 F:\\Coding\\Web\\Laravel\\agenda\\agenda\\vendor\\laravel\\framework\\src\\Illuminate\\Pipeline\\Pipeline.php(126): Illuminate\\Pipeline\\Pipeline->Illuminate\\Pipeline\\{closure}(Object(Illuminate\\Http\\Request))
#66 F:\\Coding\\Web\\Laravel\\agenda\\agenda\\vendor\\laravel\\framework\\src\\Illuminate\\Foundation\\Http\\Kernel.php(175): Illuminate\\Pipeline\\Pipeline->then(Object(Closure))
#67 F:\\Coding\\Web\\Laravel\\agenda\\agenda\\vendor\\laravel\\framework\\src\\Illuminate\\Foundation\\Http\\Kernel.php(144): Illuminate\\Foundation\\Http\\Kernel->sendRequestThroughRouter(Object(Illuminate\\Http\\Request))
#68 F:\\Coding\\Web\\Laravel\\agenda\\agenda\\vendor\\laravel\\framework\\src\\Illuminate\\Foundation\\Application.php(1219): Illuminate\\Foundation\\Http\\Kernel->handle(Object(Illuminate\\Http\\Request))
#69 F:\\Coding\\Web\\Laravel\\agenda\\agenda\\public\\index.php(20): Illuminate\\Foundation\\Application->handleRequest(Object(Illuminate\\Http\\Request))
#70 F:\\Coding\\Web\\Laravel\\agenda\\agenda\\vendor\\laravel\\framework\\src\\Illuminate\\Foundation\\resources\\server.php(23): require_once('F:\\\\Coding\\\\Web\\\\L...')
#71 {main}

[previous exception] [object] (BadMethodCallException(code: 0): Method App\\Livewire\\CalendarAdmin::getTimeOptions does not exist. at F:\\Coding\\Web\\Laravel\\agenda\\agenda\\vendor\\livewire\\livewire\\src\\Component.php:136)
[stacktrace]
#0 F:\\Coding\\Web\\Laravel\\agenda\\agenda\\storage\\framework\\views\\c552173cff25057dfa4cae194d5a5944.php(117): Livewire\\Component->__call('getTimeOptions', Array)
#1 F:\\Coding\\Web\\Laravel\\agenda\\agenda\\vendor\\livewire\\livewire\\src\\Mechanisms\\ExtendBlade\\ExtendedCompilerEngine.php(37): include('F:\\\\Coding\\\\Web\\\\L...')
#2 F:\\Coding\\Web\\Laravel\\agenda\\agenda\\vendor\\livewire\\livewire\\src\\Mechanisms\\ExtendBlade\\ExtendedCompilerEngine.php(38): App\\Livewire\\CalendarAdmin->Livewire\\Mechanisms\\ExtendBlade\\{closure}()
#3 F:\\Coding\\Web\\Laravel\\agenda\\agenda\\vendor\\laravel\\framework\\src\\Illuminate\\View\\Engines\\CompilerEngine.php(76): Livewire\\Mechanisms\\ExtendBlade\\ExtendedCompilerEngine->evaluatePath('F:\\\\Coding\\\\Web\\\\L...', Array)
#4 F:\\Coding\\Web\\Laravel\\agenda\\agenda\\vendor\\livewire\\livewire\\src\\Mechanisms\\ExtendBlade\\ExtendedCompilerEngine.php(16): Illuminate\\View\\Engines\\CompilerEngine->get('F:\\\\Coding\\\\Web\\\\L...', Array)
#5 F:\\Coding\\Web\\Laravel\\agenda\\agenda\\vendor\\laravel\\framework\\src\\Illuminate\\View\\View.php(208): Livewire\\Mechanisms\\ExtendBlade\\ExtendedCompilerEngine->get('F:\\\\Coding\\\\Web\\\\L...', Array)
#6 F:\\Coding\\Web\\Laravel\\agenda\\agenda\\vendor\\laravel\\framework\\src\\Illuminate\\View\\View.php(191): Illuminate\\View\\View->getContents()
#7 F:\\Coding\\Web\\Laravel\\agenda\\agenda\\vendor\\laravel\\framework\\src\\Illuminate\\View\\View.php(160): Illuminate\\View\\View->renderContents()
#8 F:\\Coding\\Web\\Laravel\\agenda\\agenda\\storage\\framework\\views\\2402510ce86b8be5b981a90d88f2e006.php(17): Illuminate\\View\\View->render()
#9 F:\\Coding\\Web\\Laravel\\agenda\\agenda\\vendor\\livewire\\livewire\\src\\Mechanisms\\ExtendBlade\\ExtendedCompilerEngine.php(37): include('F:\\\\Coding\\\\Web\\\\L...')
#10 F:\\Coding\\Web\\Laravel\\agenda\\agenda\\vendor\\livewire\\livewire\\src\\Mechanisms\\ExtendBlade\\ExtendedCompilerEngine.php(38): App\\Livewire\\CalendarAdmin->Livewire\\Mechanisms\\ExtendBlade\\{closure}()
#11 F:\\Coding\\Web\\Laravel\\agenda\\agenda\\vendor\\laravel\\framework\\src\\Illuminate\\View\\Engines\\CompilerEngine.php(76): Livewire\\Mechanisms\\ExtendBlade\\ExtendedCompilerEngine->evaluatePath('F:\\\\Coding\\\\Web\\\\L...', Array)
#12 F:\\Coding\\Web\\Laravel\\agenda\\agenda\\vendor\\livewire\\livewire\\src\\Mechanisms\\ExtendBlade\\ExtendedCompilerEngine.php(16): Illuminate\\View\\Engines\\CompilerEngine->get('F:\\\\Coding\\\\Web\\\\L...', Array)
#13 F:\\Coding\\Web\\Laravel\\agenda\\agenda\\vendor\\laravel\\framework\\src\\Illuminate\\View\\View.php(208): Livewire\\Mechanisms\\ExtendBlade\\ExtendedCompilerEngine->get('F:\\\\Coding\\\\Web\\\\L...', Array)
#14 F:\\Coding\\Web\\Laravel\\agenda\\agenda\\vendor\\laravel\\framework\\src\\Illuminate\\View\\View.php(191): Illuminate\\View\\View->getContents()
#15 F:\\Coding\\Web\\Laravel\\agenda\\agenda\\vendor\\laravel\\framework\\src\\Illuminate\\View\\View.php(160): Illuminate\\View\\View->renderContents()
#16 F:\\Coding\\Web\\Laravel\\agenda\\agenda\\vendor\\livewire\\livewire\\src\\Mechanisms\\HandleComponents\\HandleComponents.php(259): Illuminate\\View\\View->render(Object(Closure))
#17 F:\\Coding\\Web\\Laravel\\agenda\\agenda\\vendor\\livewire\\livewire\\src\\Mechanisms\\HandleComponents\\HandleComponents.php(303): Livewire\\Mechanisms\\HandleComponents\\HandleComponents->Livewire\\Mechanisms\\HandleComponents\\{closure}()
#18 F:\\Coding\\Web\\Laravel\\agenda\\agenda\\vendor\\livewire\\livewire\\src\\Mechanisms\\HandleComponents\\HandleComponents.php(251): Livewire\\Mechanisms\\HandleComponents\\HandleComponents->trackInRenderStack(Object(App\\Livewire\\CalendarAdmin), Object(Closure))
#19 F:\\Coding\\Web\\Laravel\\agenda\\agenda\\vendor\\livewire\\livewire\\src\\Mechanisms\\HandleComponents\\HandleComponents.php(104): Livewire\\Mechanisms\\HandleComponents\\HandleComponents->render(Object(App\\Livewire\\CalendarAdmin))
#20 F:\\Coding\\Web\\Laravel\\agenda\\agenda\\vendor\\livewire\\livewire\\src\\LivewireManager.php(102): Livewire\\Mechanisms\\HandleComponents\\HandleComponents->update(Array, Array, Array)
#21 F:\\Coding\\Web\\Laravel\\agenda\\agenda\\vendor\\livewire\\volt\\src\\LivewireManager.php(35): Livewire\\LivewireManager->update(Array, Array, Array)
#22 F:\\Coding\\Web\\Laravel\\agenda\\agenda\\vendor\\livewire\\livewire\\src\\Mechanisms\\HandleRequests\\HandleRequests.php(94): Livewire\\Volt\\LivewireManager->update(Array, Array, Array)
#23 F:\\Coding\\Web\\Laravel\\agenda\\agenda\\vendor\\laravel\\framework\\src\\Illuminate\\Routing\\ControllerDispatcher.php(46): Livewire\\Mechanisms\\HandleRequests\\HandleRequests->handleUpdate()
#24 F:\\Coding\\Web\\Laravel\\agenda\\agenda\\vendor\\laravel\\framework\\src\\Illuminate\\Routing\\Route.php(265): Illuminate\\Routing\\ControllerDispatcher->dispatch(Object(Illuminate\\Routing\\Route), Object(Livewire\\Mechanisms\\HandleRequests\\HandleRequests), 'handleUpdate')
#25 F:\\Coding\\Web\\Laravel\\agenda\\agenda\\vendor\\laravel\\framework\\src\\Illuminate\\Routing\\Route.php(211): Illuminate\\Routing\\Route->runController()
#26 F:\\Coding\\Web\\Laravel\\agenda\\agenda\\vendor\\laravel\\framework\\src\\Illuminate\\Routing\\Router.php(808): Illuminate\\Routing\\Route->run()
#27 F:\\Coding\\Web\\Laravel\\agenda\\agenda\\vendor\\laravel\\framework\\src\\Illuminate\\Pipeline\\Pipeline.php(169): Illuminate\\Routing\\Router->Illuminate\\Routing\\{closure}(Object(Illuminate\\Http\\Request))
#28 F:\\Coding\\Web\\Laravel\\agenda\\agenda\\vendor\\laravel\\framework\\src\\Illuminate\\Routing\\Middleware\\SubstituteBindings.php(50): Illuminate\\Pipeline\\Pipeline->Illuminate\\Pipeline\\{closure}(Object(Illuminate\\Http\\Request))
#29 F:\\Coding\\Web\\Laravel\\agenda\\agenda\\vendor\\laravel\\framework\\src\\Illuminate\\Pipeline\\Pipeline.php(208): Illuminate\\Routing\\Middleware\\SubstituteBindings->handle(Object(Illuminate\\Http\\Request), Object(Closure))
#30 F:\\Coding\\Web\\Laravel\\agenda\\agenda\\vendor\\laravel\\framework\\src\\Illuminate\\Foundation\\Http\\Middleware\\VerifyCsrfToken.php(87): Illuminate\\Pipeline\\Pipeline->Illuminate\\Pipeline\\{closure}(Object(Illuminate\\Http\\Request))
#31 F:\\Coding\\Web\\Laravel\\agenda\\agenda\\vendor\\laravel\\framework\\src\\Illuminate\\Pipeline\\Pipeline.php(208): Illuminate\\Foundation\\Http\\Middleware\\VerifyCsrfToken->handle(Object(Illuminate\\Http\\Request), Object(Closure))
#32 F:\\Coding\\Web\\Laravel\\agenda\\agenda\\vendor\\laravel\\framework\\src\\Illuminate\\View\\Middleware\\ShareErrorsFromSession.php(48): Illuminate\\Pipeline\\Pipeline->Illuminate\\Pipeline\\{closure}(Object(Illuminate\\Http\\Request))
#33 F:\\Coding\\Web\\Laravel\\agenda\\agenda\\vendor\\laravel\\framework\\src\\Illuminate\\Pipeline\\Pipeline.php(208): Illuminate\\View\\Middleware\\ShareErrorsFromSession->handle(Object(Illuminate\\Http\\Request), Object(Closure))
#34 F:\\Coding\\Web\\Laravel\\agenda\\agenda\\vendor\\laravel\\framework\\src\\Illuminate\\Session\\Middleware\\StartSession.php(120): Illuminate\\Pipeline\\Pipeline->Illuminate\\Pipeline\\{closure}(Object(Illuminate\\Http\\Request))
#35 F:\\Coding\\Web\\Laravel\\agenda\\agenda\\vendor\\laravel\\framework\\src\\Illuminate\\Session\\Middleware\\StartSession.php(63): Illuminate\\Session\\Middleware\\StartSession->handleStatefulRequest(Object(Illuminate\\Http\\Request), Object(Illuminate\\Session\\Store), Object(Closure))
#36 F:\\Coding\\Web\\Laravel\\agenda\\agenda\\vendor\\laravel\\framework\\src\\Illuminate\\Pipeline\\Pipeline.php(208): Illuminate\\Session\\Middleware\\StartSession->handle(Object(Illuminate\\Http\\Request), Object(Closure))
#37 F:\\Coding\\Web\\Laravel\\agenda\\agenda\\vendor\\laravel\\framework\\src\\Illuminate\\Cookie\\Middleware\\AddQueuedCookiesToResponse.php(36): Illuminate\\Pipeline\\Pipeline->Illuminate\\Pipeline\\{closure}(Object(Illuminate\\Http\\Request))
#38 F:\\Coding\\Web\\Laravel\\agenda\\agenda\\vendor\\laravel\\framework\\src\\Illuminate\\Pipeline\\Pipeline.php(208): Illuminate\\Cookie\\Middleware\\AddQueuedCookiesToResponse->handle(Object(Illuminate\\Http\\Request), Object(Closure))
#39 F:\\Coding\\Web\\Laravel\\agenda\\agenda\\vendor\\laravel\\framework\\src\\Illuminate\\Cookie\\Middleware\\EncryptCookies.php(74): Illuminate\\Pipeline\\Pipeline->Illuminate\\Pipeline\\{closure}(Object(Illuminate\\Http\\Request))
#40 F:\\Coding\\Web\\Laravel\\agenda\\agenda\\vendor\\laravel\\framework\\src\\Illuminate\\Pipeline\\Pipeline.php(208): Illuminate\\Cookie\\Middleware\\EncryptCookies->handle(Object(Illuminate\\Http\\Request), Object(Closure))
#41 F:\\Coding\\Web\\Laravel\\agenda\\agenda\\vendor\\laravel\\framework\\src\\Illuminate\\Pipeline\\Pipeline.php(126): Illuminate\\Pipeline\\Pipeline->Illuminate\\Pipeline\\{closure}(Object(Illuminate\\Http\\Request))
#42 F:\\Coding\\Web\\Laravel\\agenda\\agenda\\vendor\\laravel\\framework\\src\\Illuminate\\Routing\\Router.php(807): Illuminate\\Pipeline\\Pipeline->then(Object(Closure))
#43 F:\\Coding\\Web\\Laravel\\agenda\\agenda\\vendor\\laravel\\framework\\src\\Illuminate\\Routing\\Router.php(786): Illuminate\\Routing\\Router->runRouteWithinStack(Object(Illuminate\\Routing\\Route), Object(Illuminate\\Http\\Request))
#44 F:\\Coding\\Web\\Laravel\\agenda\\agenda\\vendor\\laravel\\framework\\src\\Illuminate\\Routing\\Router.php(750): Illuminate\\Routing\\Router->runRoute(Object(Illuminate\\Http\\Request), Object(Illuminate\\Routing\\Route))
#45 F:\\Coding\\Web\\Laravel\\agenda\\agenda\\vendor\\laravel\\framework\\src\\Illuminate\\Routing\\Router.php(739): Illuminate\\Routing\\Router->dispatchToRoute(Object(Illuminate\\Http\\Request))
#46 F:\\Coding\\Web\\Laravel\\agenda\\agenda\\vendor\\laravel\\framework\\src\\Illuminate\\Foundation\\Http\\Kernel.php(200): Illuminate\\Routing\\Router->dispatch(Object(Illuminate\\Http\\Request))
#47 F:\\Coding\\Web\\Laravel\\agenda\\agenda\\vendor\\laravel\\framework\\src\\Illuminate\\Pipeline\\Pipeline.php(169): Illuminate\\Foundation\\Http\\Kernel->Illuminate\\Foundation\\Http\\{closure}(Object(Illuminate\\Http\\Request))
#48 F:\\Coding\\Web\\Laravel\\agenda\\agenda\\vendor\\livewire\\livewire\\src\\Features\\SupportDisablingBackButtonCache\\DisableBackButtonCacheMiddleware.php(19): Illuminate\\Pipeline\\Pipeline->Illuminate\\Pipeline\\{closure}(Object(Illuminate\\Http\\Request))
#49 F:\\Coding\\Web\\Laravel\\agenda\\agenda\\vendor\\laravel\\framework\\src\\Illuminate\\Pipeline\\Pipeline.php(208): Livewire\\Features\\SupportDisablingBackButtonCache\\DisableBackButtonCacheMiddleware->handle(Object(Illuminate\\Http\\Request), Object(Closure))
#50 F:\\Coding\\Web\\Laravel\\agenda\\agenda\\vendor\\laravel\\framework\\src\\Illuminate\\Foundation\\Http\\Middleware\\ConvertEmptyStringsToNull.php(27): Illuminate\\Pipeline\\Pipeline->Illuminate\\Pipeline\\{closure}(Object(Illuminate\\Http\\Request))
#51 F:\\Coding\\Web\\Laravel\\agenda\\agenda\\vendor\\laravel\\framework\\src\\Illuminate\\Pipeline\\Pipeline.php(208): Illuminate\\Foundation\\Http\\Middleware\\ConvertEmptyStringsToNull->handle(Object(Illuminate\\Http\\Request), Object(Closure))
#52 F:\\Coding\\Web\\Laravel\\agenda\\agenda\\vendor\\laravel\\framework\\src\\Illuminate\\Foundation\\Http\\Middleware\\TrimStrings.php(47): Illuminate\\Pipeline\\Pipeline->Illuminate\\Pipeline\\{closure}(Object(Illuminate\\Http\\Request))
#53 F:\\Coding\\Web\\Laravel\\agenda\\agenda\\vendor\\laravel\\framework\\src\\Illuminate\\Pipeline\\Pipeline.php(208): Illuminate\\Foundation\\Http\\Middleware\\TrimStrings->handle(Object(Illuminate\\Http\\Request), Object(Closure))
#54 F:\\Coding\\Web\\Laravel\\agenda\\agenda\\vendor\\laravel\\framework\\src\\Illuminate\\Http\\Middleware\\ValidatePostSize.php(27): Illuminate\\Pipeline\\Pipeline->Illuminate\\Pipeline\\{closure}(Object(Illuminate\\Http\\Request))
#55 F:\\Coding\\Web\\Laravel\\agenda\\agenda\\vendor\\laravel\\framework\\src\\Illuminate\\Pipeline\\Pipeline.php(208): Illuminate\\Http\\Middleware\\ValidatePostSize->handle(Object(Illuminate\\Http\\Request), Object(Closure))
#56 F:\\Coding\\Web\\Laravel\\agenda\\agenda\\vendor\\laravel\\framework\\src\\Illuminate\\Foundation\\Http\\Middleware\\PreventRequestsDuringMaintenance.php(109): Illuminate\\Pipeline\\Pipeline->Illuminate\\Pipeline\\{closure}(Object(Illuminate\\Http\\Request))
#57 F:\\Coding\\Web\\Laravel\\agenda\\agenda\\vendor\\laravel\\framework\\src\\Illuminate\\Pipeline\\Pipeline.php(208): Illuminate\\Foundation\\Http\\Middleware\\PreventRequestsDuringMaintenance->handle(Object(Illuminate\\Http\\Request), Object(Closure))
#58 F:\\Coding\\Web\\Laravel\\agenda\\agenda\\vendor\\laravel\\framework\\src\\Illuminate\\Http\\Middleware\\HandleCors.php(48): Illuminate\\Pipeline\\Pipeline->Illuminate\\Pipeline\\{closure}(Object(Illuminate\\Http\\Request))
#59 F:\\Coding\\Web\\Laravel\\agenda\\agenda\\vendor\\laravel\\framework\\src\\Illuminate\\Pipeline\\Pipeline.php(208): Illuminate\\Http\\Middleware\\HandleCors->handle(Object(Illuminate\\Http\\Request), Object(Closure))
#60 F:\\Coding\\Web\\Laravel\\agenda\\agenda\\vendor\\laravel\\framework\\src\\Illuminate\\Http\\Middleware\\TrustProxies.php(58): Illuminate\\Pipeline\\Pipeline->Illuminate\\Pipeline\\{closure}(Object(Illuminate\\Http\\Request))
#61 F:\\Coding\\Web\\Laravel\\agenda\\agenda\\vendor\\laravel\\framework\\src\\Illuminate\\Pipeline\\Pipeline.php(208): Illuminate\\Http\\Middleware\\TrustProxies->handle(Object(Illuminate\\Http\\Request), Object(Closure))
#62 F:\\Coding\\Web\\Laravel\\agenda\\agenda\\vendor\\laravel\\framework\\src\\Illuminate\\Foundation\\Http\\Middleware\\InvokeDeferredCallbacks.php(22): Illuminate\\Pipeline\\Pipeline->Illuminate\\Pipeline\\{closure}(Object(Illuminate\\Http\\Request))
#63 F:\\Coding\\Web\\Laravel\\agenda\\agenda\\vendor\\laravel\\framework\\src\\Illuminate\\Pipeline\\Pipeline.php(208): Illuminate\\Foundation\\Http\\Middleware\\InvokeDeferredCallbacks->handle(Object(Illuminate\\Http\\Request), Object(Closure))
#64 F:\\Coding\\Web\\Laravel\\agenda\\agenda\\vendor\\laravel\\framework\\src\\Illuminate\\Http\\Middleware\\ValidatePathEncoding.php(26): Illuminate\\Pipeline\\Pipeline->Illuminate\\Pipeline\\{closure}(Object(Illuminate\\Http\\Request))
#65 F:\\Coding\\Web\\Laravel\\agenda\\agenda\\vendor\\laravel\\framework\\src\\Illuminate\\Pipeline\\Pipeline.php(208): Illuminate\\Http\\Middleware\\ValidatePathEncoding->handle(Object(Illuminate\\Http\\Request), Object(Closure))
#66 F:\\Coding\\Web\\Laravel\\agenda\\agenda\\vendor\\laravel\\framework\\src\\Illuminate\\Pipeline\\Pipeline.php(126): Illuminate\\Pipeline\\Pipeline->Illuminate\\Pipeline\\{closure}(Object(Illuminate\\Http\\Request))
#67 F:\\Coding\\Web\\Laravel\\agenda\\agenda\\vendor\\laravel\\framework\\src\\Illuminate\\Foundation\\Http\\Kernel.php(175): Illuminate\\Pipeline\\Pipeline->then(Object(Closure))
#68 F:\\Coding\\Web\\Laravel\\agenda\\agenda\\vendor\\laravel\\framework\\src\\Illuminate\\Foundation\\Http\\Kernel.php(144): Illuminate\\Foundation\\Http\\Kernel->sendRequestThroughRouter(Object(Illuminate\\Http\\Request))
#69 F:\\Coding\\Web\\Laravel\\agenda\\agenda\\vendor\\laravel\\framework\\src\\Illuminate\\Foundation\\Application.php(1219): Illuminate\\Foundation\\Http\\Kernel->handle(Object(Illuminate\\Http\\Request))
#70 F:\\Coding\\Web\\Laravel\\agenda\\agenda\\public\\index.php(20): Illuminate\\Foundation\\Application->handleRequest(Object(Illuminate\\Http\\Request))
#71 F:\\Coding\\Web\\Laravel\\agenda\\agenda\\vendor\\laravel\\framework\\src\\Illuminate\\Foundation\\resources\\server.php(23): require_once('F:\\\\Coding\\\\Web\\\\L...')
#72 {main}
"} 
[2025-09-08 23:56:57] local.ERROR: Method App\Livewire\CalendarAdmin::getTimeOptions does not exist. (View: F:\Coding\Web\Laravel\agenda\agenda\resources\views\partials\modal-create.blade.php) (View: F:\Coding\Web\Laravel\agenda\agenda\resources\views\partials\modal-create.blade.php) {"userId":1,"exception":"[object] (Illuminate\\View\\ViewException(code: 0): Method App\\Livewire\\CalendarAdmin::getTimeOptions does not exist. (View: F:\\Coding\\Web\\Laravel\\agenda\\agenda\\resources\\views\\partials\\modal-create.blade.php) (View: F:\\Coding\\Web\\Laravel\\agenda\\agenda\\resources\\views\\partials\\modal-create.blade.php) at F:\\Coding\\Web\\Laravel\\agenda\\agenda\\vendor\\livewire\\livewire\\src\\Component.php:136)
[stacktrace]
#0 F:\\Coding\\Web\\Laravel\\agenda\\agenda\\vendor\\livewire\\livewire\\src\\Mechanisms\\ExtendBlade\\ExtendedCompilerEngine.php(58): Illuminate\\View\\Engines\\CompilerEngine->handleViewException(Object(Illuminate\\View\\ViewException), 1)
#1 F:\\Coding\\Web\\Laravel\\agenda\\agenda\\vendor\\livewire\\livewire\\src\\Mechanisms\\ExtendBlade\\ExtendedCompilerEngine.php(40): Livewire\\Mechanisms\\ExtendBlade\\ExtendedCompilerEngine->handleViewException(Object(Illuminate\\View\\ViewException), 1)
#2 F:\\Coding\\Web\\Laravel\\agenda\\agenda\\vendor\\laravel\\framework\\src\\Illuminate\\View\\Engines\\CompilerEngine.php(76): Livewire\\Mechanisms\\ExtendBlade\\ExtendedCompilerEngine->evaluatePath('F:\\\\Coding\\\\Web\\\\L...', Array)
#3 F:\\Coding\\Web\\Laravel\\agenda\\agenda\\vendor\\livewire\\livewire\\src\\Mechanisms\\ExtendBlade\\ExtendedCompilerEngine.php(16): Illuminate\\View\\Engines\\CompilerEngine->get('F:\\\\Coding\\\\Web\\\\L...', Array)
#4 F:\\Coding\\Web\\Laravel\\agenda\\agenda\\vendor\\laravel\\framework\\src\\Illuminate\\View\\View.php(208): Livewire\\Mechanisms\\ExtendBlade\\ExtendedCompilerEngine->get('F:\\\\Coding\\\\Web\\\\L...', Array)
#5 F:\\Coding\\Web\\Laravel\\agenda\\agenda\\vendor\\laravel\\framework\\src\\Illuminate\\View\\View.php(191): Illuminate\\View\\View->getContents()
#6 F:\\Coding\\Web\\Laravel\\agenda\\agenda\\vendor\\laravel\\framework\\src\\Illuminate\\View\\View.php(160): Illuminate\\View\\View->renderContents()
#7 F:\\Coding\\Web\\Laravel\\agenda\\agenda\\vendor\\livewire\\livewire\\src\\Mechanisms\\HandleComponents\\HandleComponents.php(259): Illuminate\\View\\View->render(Object(Closure))
#8 F:\\Coding\\Web\\Laravel\\agenda\\agenda\\vendor\\livewire\\livewire\\src\\Mechanisms\\HandleComponents\\HandleComponents.php(303): Livewire\\Mechanisms\\HandleComponents\\HandleComponents->Livewire\\Mechanisms\\HandleComponents\\{closure}()
#9 F:\\Coding\\Web\\Laravel\\agenda\\agenda\\vendor\\livewire\\livewire\\src\\Mechanisms\\HandleComponents\\HandleComponents.php(251): Livewire\\Mechanisms\\HandleComponents\\HandleComponents->trackInRenderStack(Object(App\\Livewire\\CalendarAdmin), Object(Closure))
#10 F:\\Coding\\Web\\Laravel\\agenda\\agenda\\vendor\\livewire\\livewire\\src\\Mechanisms\\HandleComponents\\HandleComponents.php(104): Livewire\\Mechanisms\\HandleComponents\\HandleComponents->render(Object(App\\Livewire\\CalendarAdmin))
#11 F:\\Coding\\Web\\Laravel\\agenda\\agenda\\vendor\\livewire\\livewire\\src\\LivewireManager.php(102): Livewire\\Mechanisms\\HandleComponents\\HandleComponents->update(Array, Array, Array)
#12 F:\\Coding\\Web\\Laravel\\agenda\\agenda\\vendor\\livewire\\volt\\src\\LivewireManager.php(35): Livewire\\LivewireManager->update(Array, Array, Array)
#13 F:\\Coding\\Web\\Laravel\\agenda\\agenda\\vendor\\livewire\\livewire\\src\\Mechanisms\\HandleRequests\\HandleRequests.php(94): Livewire\\Volt\\LivewireManager->update(Array, Array, Array)
#14 F:\\Coding\\Web\\Laravel\\agenda\\agenda\\vendor\\laravel\\framework\\src\\Illuminate\\Routing\\ControllerDispatcher.php(46): Livewire\\Mechanisms\\HandleRequests\\HandleRequests->handleUpdate()
#15 F:\\Coding\\Web\\Laravel\\agenda\\agenda\\vendor\\laravel\\framework\\src\\Illuminate\\Routing\\Route.php(265): Illuminate\\Routing\\ControllerDispatcher->dispatch(Object(Illuminate\\Routing\\Route), Object(Livewire\\Mechanisms\\HandleRequests\\HandleRequests), 'handleUpdate')
#16 F:\\Coding\\Web\\Laravel\\agenda\\agenda\\vendor\\laravel\\framework\\src\\Illuminate\\Routing\\Route.php(211): Illuminate\\Routing\\Route->runController()
#17 F:\\Coding\\Web\\Laravel\\agenda\\agenda\\vendor\\laravel\\framework\\src\\Illuminate\\Routing\\Router.php(808): Illuminate\\Routing\\Route->run()
#18 F:\\Coding\\Web\\Laravel\\agenda\\agenda\\vendor\\laravel\\framework\\src\\Illuminate\\Pipeline\\Pipeline.php(169): Illuminate\\Routing\\Router->Illuminate\\Routing\\{closure}(Object(Illuminate\\Http\\Request))
#19 F:\\Coding\\Web\\Laravel\\agenda\\agenda\\vendor\\laravel\\framework\\src\\Illuminate\\Routing\\Middleware\\SubstituteBindings.php(50): Illuminate\\Pipeline\\Pipeline->Illuminate\\Pipeline\\{closure}(Object(Illuminate\\Http\\Request))
#20 F:\\Coding\\Web\\Laravel\\agenda\\agenda\\vendor\\laravel\\framework\\src\\Illuminate\\Pipeline\\Pipeline.php(208): Illuminate\\Routing\\Middleware\\SubstituteBindings->handle(Object(Illuminate\\Http\\Request), Object(Closure))
#21 F:\\Coding\\Web\\Laravel\\agenda\\agenda\\vendor\\laravel\\framework\\src\\Illuminate\\Foundation\\Http\\Middleware\\VerifyCsrfToken.php(87): Illuminate\\Pipeline\\Pipeline->Illuminate\\Pipeline\\{closure}(Object(Illuminate\\Http\\Request))
#22 F:\\Coding\\Web\\Laravel\\agenda\\agenda\\vendor\\laravel\\framework\\src\\Illuminate\\Pipeline\\Pipeline.php(208): Illuminate\\Foundation\\Http\\Middleware\\VerifyCsrfToken->handle(Object(Illuminate\\Http\\Request), Object(Closure))
#23 F:\\Coding\\Web\\Laravel\\agenda\\agenda\\vendor\\laravel\\framework\\src\\Illuminate\\View\\Middleware\\ShareErrorsFromSession.php(48): Illuminate\\Pipeline\\Pipeline->Illuminate\\Pipeline\\{closure}(Object(Illuminate\\Http\\Request))
#24 F:\\Coding\\Web\\Laravel\\agenda\\agenda\\vendor\\laravel\\framework\\src\\Illuminate\\Pipeline\\Pipeline.php(208): Illuminate\\View\\Middleware\\ShareErrorsFromSession->handle(Object(Illuminate\\Http\\Request), Object(Closure))
#25 F:\\Coding\\Web\\Laravel\\agenda\\agenda\\vendor\\laravel\\framework\\src\\Illuminate\\Session\\Middleware\\StartSession.php(120): Illuminate\\Pipeline\\Pipeline->Illuminate\\Pipeline\\{closure}(Object(Illuminate\\Http\\Request))
#26 F:\\Coding\\Web\\Laravel\\agenda\\agenda\\vendor\\laravel\\framework\\src\\Illuminate\\Session\\Middleware\\StartSession.php(63): Illuminate\\Session\\Middleware\\StartSession->handleStatefulRequest(Object(Illuminate\\Http\\Request), Object(Illuminate\\Session\\Store), Object(Closure))
#27 F:\\Coding\\Web\\Laravel\\agenda\\agenda\\vendor\\laravel\\framework\\src\\Illuminate\\Pipeline\\Pipeline.php(208): Illuminate\\Session\\Middleware\\StartSession->handle(Object(Illuminate\\Http\\Request), Object(Closure))
#28 F:\\Coding\\Web\\Laravel\\agenda\\agenda\\vendor\\laravel\\framework\\src\\Illuminate\\Cookie\\Middleware\\AddQueuedCookiesToResponse.php(36): Illuminate\\Pipeline\\Pipeline->Illuminate\\Pipeline\\{closure}(Object(Illuminate\\Http\\Request))
#29 F:\\Coding\\Web\\Laravel\\agenda\\agenda\\vendor\\laravel\\framework\\src\\Illuminate\\Pipeline\\Pipeline.php(208): Illuminate\\Cookie\\Middleware\\AddQueuedCookiesToResponse->handle(Object(Illuminate\\Http\\Request), Object(Closure))
#30 F:\\Coding\\Web\\Laravel\\agenda\\agenda\\vendor\\laravel\\framework\\src\\Illuminate\\Cookie\\Middleware\\EncryptCookies.php(74): Illuminate\\Pipeline\\Pipeline->Illuminate\\Pipeline\\{closure}(Object(Illuminate\\Http\\Request))
#31 F:\\Coding\\Web\\Laravel\\agenda\\agenda\\vendor\\laravel\\framework\\src\\Illuminate\\Pipeline\\Pipeline.php(208): Illuminate\\Cookie\\Middleware\\EncryptCookies->handle(Object(Illuminate\\Http\\Request), Object(Closure))
#32 F:\\Coding\\Web\\Laravel\\agenda\\agenda\\vendor\\laravel\\framework\\src\\Illuminate\\Pipeline\\Pipeline.php(126): Illuminate\\Pipeline\\Pipeline->Illuminate\\Pipeline\\{closure}(Object(Illuminate\\Http\\Request))
#33 F:\\Coding\\Web\\Laravel\\agenda\\agenda\\vendor\\laravel\\framework\\src\\Illuminate\\Routing\\Router.php(807): Illuminate\\Pipeline\\Pipeline->then(Object(Closure))
#34 F:\\Coding\\Web\\Laravel\\agenda\\agenda\\vendor\\laravel\\framework\\src\\Illuminate\\Routing\\Router.php(786): Illuminate\\Routing\\Router->runRouteWithinStack(Object(Illuminate\\Routing\\Route), Object(Illuminate\\Http\\Request))
#35 F:\\Coding\\Web\\Laravel\\agenda\\agenda\\vendor\\laravel\\framework\\src\\Illuminate\\Routing\\Router.php(750): Illuminate\\Routing\\Router->runRoute(Object(Illuminate\\Http\\Request), Object(Illuminate\\Routing\\Route))
#36 F:\\Coding\\Web\\Laravel\\agenda\\agenda\\vendor\\laravel\\framework\\src\\Illuminate\\Routing\\Router.php(739): Illuminate\\Routing\\Router->dispatchToRoute(Object(Illuminate\\Http\\Request))
#37 F:\\Coding\\Web\\Laravel\\agenda\\agenda\\vendor\\laravel\\framework\\src\\Illuminate\\Foundation\\Http\\Kernel.php(200): Illuminate\\Routing\\Router->dispatch(Object(Illuminate\\Http\\Request))
#38 F:\\Coding\\Web\\Laravel\\agenda\\agenda\\vendor\\laravel\\framework\\src\\Illuminate\\Pipeline\\Pipeline.php(169): Illuminate\\Foundation\\Http\\Kernel->Illuminate\\Foundation\\Http\\{closure}(Object(Illuminate\\Http\\Request))
#39 F:\\Coding\\Web\\Laravel\\agenda\\agenda\\vendor\\livewire\\livewire\\src\\Features\\SupportDisablingBackButtonCache\\DisableBackButtonCacheMiddleware.php(19): Illuminate\\Pipeline\\Pipeline->Illuminate\\Pipeline\\{closure}(Object(Illuminate\\Http\\Request))
#40 F:\\Coding\\Web\\Laravel\\agenda\\agenda\\vendor\\laravel\\framework\\src\\Illuminate\\Pipeline\\Pipeline.php(208): Livewire\\Features\\SupportDisablingBackButtonCache\\DisableBackButtonCacheMiddleware->handle(Object(Illuminate\\Http\\Request), Object(Closure))
#41 F:\\Coding\\Web\\Laravel\\agenda\\agenda\\vendor\\laravel\\framework\\src\\Illuminate\\Foundation\\Http\\Middleware\\ConvertEmptyStringsToNull.php(27): Illuminate\\Pipeline\\Pipeline->Illuminate\\Pipeline\\{closure}(Object(Illuminate\\Http\\Request))
#42 F:\\Coding\\Web\\Laravel\\agenda\\agenda\\vendor\\laravel\\framework\\src\\Illuminate\\Pipeline\\Pipeline.php(208): Illuminate\\Foundation\\Http\\Middleware\\ConvertEmptyStringsToNull->handle(Object(Illuminate\\Http\\Request), Object(Closure))
#43 F:\\Coding\\Web\\Laravel\\agenda\\agenda\\vendor\\laravel\\framework\\src\\Illuminate\\Foundation\\Http\\Middleware\\TrimStrings.php(47): Illuminate\\Pipeline\\Pipeline->Illuminate\\Pipeline\\{closure}(Object(Illuminate\\Http\\Request))
#44 F:\\Coding\\Web\\Laravel\\agenda\\agenda\\vendor\\laravel\\framework\\src\\Illuminate\\Pipeline\\Pipeline.php(208): Illuminate\\Foundation\\Http\\Middleware\\TrimStrings->handle(Object(Illuminate\\Http\\Request), Object(Closure))
#45 F:\\Coding\\Web\\Laravel\\agenda\\agenda\\vendor\\laravel\\framework\\src\\Illuminate\\Http\\Middleware\\ValidatePostSize.php(27): Illuminate\\Pipeline\\Pipeline->Illuminate\\Pipeline\\{closure}(Object(Illuminate\\Http\\Request))
#46 F:\\Coding\\Web\\Laravel\\agenda\\agenda\\vendor\\laravel\\framework\\src\\Illuminate\\Pipeline\\Pipeline.php(208): Illuminate\\Http\\Middleware\\ValidatePostSize->handle(Object(Illuminate\\Http\\Request), Object(Closure))
#47 F:\\Coding\\Web\\Laravel\\agenda\\agenda\\vendor\\laravel\\framework\\src\\Illuminate\\Foundation\\Http\\Middleware\\PreventRequestsDuringMaintenance.php(109): Illuminate\\Pipeline\\Pipeline->Illuminate\\Pipeline\\{closure}(Object(Illuminate\\Http\\Request))
#48 F:\\Coding\\Web\\Laravel\\agenda\\agenda\\vendor\\laravel\\framework\\src\\Illuminate\\Pipeline\\Pipeline.php(208): Illuminate\\Foundation\\Http\\Middleware\\PreventRequestsDuringMaintenance->handle(Object(Illuminate\\Http\\Request), Object(Closure))
#49 F:\\Coding\\Web\\Laravel\\agenda\\agenda\\vendor\\laravel\\framework\\src\\Illuminate\\Http\\Middleware\\HandleCors.php(48): Illuminate\\Pipeline\\Pipeline->Illuminate\\Pipeline\\{closure}(Object(Illuminate\\Http\\Request))
#50 F:\\Coding\\Web\\Laravel\\agenda\\agenda\\vendor\\laravel\\framework\\src\\Illuminate\\Pipeline\\Pipeline.php(208): Illuminate\\Http\\Middleware\\HandleCors->handle(Object(Illuminate\\Http\\Request), Object(Closure))
#51 F:\\Coding\\Web\\Laravel\\agenda\\agenda\\vendor\\laravel\\framework\\src\\Illuminate\\Http\\Middleware\\TrustProxies.php(58): Illuminate\\Pipeline\\Pipeline->Illuminate\\Pipeline\\{closure}(Object(Illuminate\\Http\\Request))
#52 F:\\Coding\\Web\\Laravel\\agenda\\agenda\\vendor\\laravel\\framework\\src\\Illuminate\\Pipeline\\Pipeline.php(208): Illuminate\\Http\\Middleware\\TrustProxies->handle(Object(Illuminate\\Http\\Request), Object(Closure))
#53 F:\\Coding\\Web\\Laravel\\agenda\\agenda\\vendor\\laravel\\framework\\src\\Illuminate\\Foundation\\Http\\Middleware\\InvokeDeferredCallbacks.php(22): Illuminate\\Pipeline\\Pipeline->Illuminate\\Pipeline\\{closure}(Object(Illuminate\\Http\\Request))
#54 F:\\Coding\\Web\\Laravel\\agenda\\agenda\\vendor\\laravel\\framework\\src\\Illuminate\\Pipeline\\Pipeline.php(208): Illuminate\\Foundation\\Http\\Middleware\\InvokeDeferredCallbacks->handle(Object(Illuminate\\Http\\Request), Object(Closure))
#55 F:\\Coding\\Web\\Laravel\\agenda\\agenda\\vendor\\laravel\\framework\\src\\Illuminate\\Http\\Middleware\\ValidatePathEncoding.php(26): Illuminate\\Pipeline\\Pipeline->Illuminate\\Pipeline\\{closure}(Object(Illuminate\\Http\\Request))
#56 F:\\Coding\\Web\\Laravel\\agenda\\agenda\\vendor\\laravel\\framework\\src\\Illuminate\\Pipeline\\Pipeline.php(208): Illuminate\\Http\\Middleware\\ValidatePathEncoding->handle(Object(Illuminate\\Http\\Request), Object(Closure))
#57 F:\\Coding\\Web\\Laravel\\agenda\\agenda\\vendor\\laravel\\framework\\src\\Illuminate\\Pipeline\\Pipeline.php(126): Illuminate\\Pipeline\\Pipeline->Illuminate\\Pipeline\\{closure}(Object(Illuminate\\Http\\Request))
#58 F:\\Coding\\Web\\Laravel\\agenda\\agenda\\vendor\\laravel\\framework\\src\\Illuminate\\Foundation\\Http\\Kernel.php(175): Illuminate\\Pipeline\\Pipeline->then(Object(Closure))
#59 F:\\Coding\\Web\\Laravel\\agenda\\agenda\\vendor\\laravel\\framework\\src\\Illuminate\\Foundation\\Http\\Kernel.php(144): Illuminate\\Foundation\\Http\\Kernel->sendRequestThroughRouter(Object(Illuminate\\Http\\Request))
#60 F:\\Coding\\Web\\Laravel\\agenda\\agenda\\vendor\\laravel\\framework\\src\\Illuminate\\Foundation\\Application.php(1219): Illuminate\\Foundation\\Http\\Kernel->handle(Object(Illuminate\\Http\\Request))
#61 F:\\Coding\\Web\\Laravel\\agenda\\agenda\\public\\index.php(20): Illuminate\\Foundation\\Application->handleRequest(Object(Illuminate\\Http\\Request))
#62 F:\\Coding\\Web\\Laravel\\agenda\\agenda\\vendor\\laravel\\framework\\src\\Illuminate\\Foundation\\resources\\server.php(23): require_once('F:\\\\Coding\\\\Web\\\\L...')
#63 {main}

[previous exception] [object] (Illuminate\\View\\ViewException(code: 0): Method App\\Livewire\\CalendarAdmin::getTimeOptions does not exist. (View: F:\\Coding\\Web\\Laravel\\agenda\\agenda\\resources\\views\\partials\\modal-create.blade.php) at F:\\Coding\\Web\\Laravel\\agenda\\agenda\\vendor\\livewire\\livewire\\src\\Component.php:136)
[stacktrace]
#0 F:\\Coding\\Web\\Laravel\\agenda\\agenda\\vendor\\livewire\\livewire\\src\\Mechanisms\\ExtendBlade\\ExtendedCompilerEngine.php(58): Illuminate\\View\\Engines\\CompilerEngine->handleViewException(Object(BadMethodCallException), 2)
#1 F:\\Coding\\Web\\Laravel\\agenda\\agenda\\vendor\\livewire\\livewire\\src\\Mechanisms\\ExtendBlade\\ExtendedCompilerEngine.php(40): Livewire\\Mechanisms\\ExtendBlade\\ExtendedCompilerEngine->handleViewException(Object(BadMethodCallException), 2)
#2 F:\\Coding\\Web\\Laravel\\agenda\\agenda\\vendor\\laravel\\framework\\src\\Illuminate\\View\\Engines\\CompilerEngine.php(76): Livewire\\Mechanisms\\ExtendBlade\\ExtendedCompilerEngine->evaluatePath('F:\\\\Coding\\\\Web\\\\L...', Array)
#3 F:\\Coding\\Web\\Laravel\\agenda\\agenda\\vendor\\livewire\\livewire\\src\\Mechanisms\\ExtendBlade\\ExtendedCompilerEngine.php(16): Illuminate\\View\\Engines\\CompilerEngine->get('F:\\\\Coding\\\\Web\\\\L...', Array)
#4 F:\\Coding\\Web\\Laravel\\agenda\\agenda\\vendor\\laravel\\framework\\src\\Illuminate\\View\\View.php(208): Livewire\\Mechanisms\\ExtendBlade\\ExtendedCompilerEngine->get('F:\\\\Coding\\\\Web\\\\L...', Array)
#5 F:\\Coding\\Web\\Laravel\\agenda\\agenda\\vendor\\laravel\\framework\\src\\Illuminate\\View\\View.php(191): Illuminate\\View\\View->getContents()
#6 F:\\Coding\\Web\\Laravel\\agenda\\agenda\\vendor\\laravel\\framework\\src\\Illuminate\\View\\View.php(160): Illuminate\\View\\View->renderContents()
#7 F:\\Coding\\Web\\Laravel\\agenda\\agenda\\storage\\framework\\views\\2402510ce86b8be5b981a90d88f2e006.php(17): Illuminate\\View\\View->render()
#8 F:\\Coding\\Web\\Laravel\\agenda\\agenda\\vendor\\livewire\\livewire\\src\\Mechanisms\\ExtendBlade\\ExtendedCompilerEngine.php(37): include('F:\\\\Coding\\\\Web\\\\L...')
#9 F:\\Coding\\Web\\Laravel\\agenda\\agenda\\vendor\\livewire\\livewire\\src\\Mechanisms\\ExtendBlade\\ExtendedCompilerEngine.php(38): App\\Livewire\\CalendarAdmin->Livewire\\Mechanisms\\ExtendBlade\\{closure}()
#10 F:\\Coding\\Web\\Laravel\\agenda\\agenda\\vendor\\laravel\\framework\\src\\Illuminate\\View\\Engines\\CompilerEngine.php(76): Livewire\\Mechanisms\\ExtendBlade\\ExtendedCompilerEngine->evaluatePath('F:\\\\Coding\\\\Web\\\\L...', Array)
#11 F:\\Coding\\Web\\Laravel\\agenda\\agenda\\vendor\\livewire\\livewire\\src\\Mechanisms\\ExtendBlade\\ExtendedCompilerEngine.php(16): Illuminate\\View\\Engines\\CompilerEngine->get('F:\\\\Coding\\\\Web\\\\L...', Array)
#12 F:\\Coding\\Web\\Laravel\\agenda\\agenda\\vendor\\laravel\\framework\\src\\Illuminate\\View\\View.php(208): Livewire\\Mechanisms\\ExtendBlade\\ExtendedCompilerEngine->get('F:\\\\Coding\\\\Web\\\\L...', Array)
#13 F:\\Coding\\Web\\Laravel\\agenda\\agenda\\vendor\\laravel\\framework\\src\\Illuminate\\View\\View.php(191): Illuminate\\View\\View->getContents()
#14 F:\\Coding\\Web\\Laravel\\agenda\\agenda\\vendor\\laravel\\framework\\src\\Illuminate\\View\\View.php(160): Illuminate\\View\\View->renderContents()
#15 F:\\Coding\\Web\\Laravel\\agenda\\agenda\\vendor\\livewire\\livewire\\src\\Mechanisms\\HandleComponents\\HandleComponents.php(259): Illuminate\\View\\View->render(Object(Closure))
#16 F:\\Coding\\Web\\Laravel\\agenda\\agenda\\vendor\\livewire\\livewire\\src\\Mechanisms\\HandleComponents\\HandleComponents.php(303): Livewire\\Mechanisms\\HandleComponents\\HandleComponents->Livewire\\Mechanisms\\HandleComponents\\{closure}()
#17 F:\\Coding\\Web\\Laravel\\agenda\\agenda\\vendor\\livewire\\livewire\\src\\Mechanisms\\HandleComponents\\HandleComponents.php(251): Livewire\\Mechanisms\\HandleComponents\\HandleComponents->trackInRenderStack(Object(App\\Livewire\\CalendarAdmin), Object(Closure))
#18 F:\\Coding\\Web\\Laravel\\agenda\\agenda\\vendor\\livewire\\livewire\\src\\Mechanisms\\HandleComponents\\HandleComponents.php(104): Livewire\\Mechanisms\\HandleComponents\\HandleComponents->render(Object(App\\Livewire\\CalendarAdmin))
#19 F:\\Coding\\Web\\Laravel\\agenda\\agenda\\vendor\\livewire\\livewire\\src\\LivewireManager.php(102): Livewire\\Mechanisms\\HandleComponents\\HandleComponents->update(Array, Array, Array)
#20 F:\\Coding\\Web\\Laravel\\agenda\\agenda\\vendor\\livewire\\volt\\src\\LivewireManager.php(35): Livewire\\LivewireManager->update(Array, Array, Array)
#21 F:\\Coding\\Web\\Laravel\\agenda\\agenda\\vendor\\livewire\\livewire\\src\\Mechanisms\\HandleRequests\\HandleRequests.php(94): Livewire\\Volt\\LivewireManager->update(Array, Array, Array)
#22 F:\\Coding\\Web\\Laravel\\agenda\\agenda\\vendor\\laravel\\framework\\src\\Illuminate\\Routing\\ControllerDispatcher.php(46): Livewire\\Mechanisms\\HandleRequests\\HandleRequests->handleUpdate()
#23 F:\\Coding\\Web\\Laravel\\agenda\\agenda\\vendor\\laravel\\framework\\src\\Illuminate\\Routing\\Route.php(265): Illuminate\\Routing\\ControllerDispatcher->dispatch(Object(Illuminate\\Routing\\Route), Object(Livewire\\Mechanisms\\HandleRequests\\HandleRequests), 'handleUpdate')
#24 F:\\Coding\\Web\\Laravel\\agenda\\agenda\\vendor\\laravel\\framework\\src\\Illuminate\\Routing\\Route.php(211): Illuminate\\Routing\\Route->runController()
#25 F:\\Coding\\Web\\Laravel\\agenda\\agenda\\vendor\\laravel\\framework\\src\\Illuminate\\Routing\\Router.php(808): Illuminate\\Routing\\Route->run()
#26 F:\\Coding\\Web\\Laravel\\agenda\\agenda\\vendor\\laravel\\framework\\src\\Illuminate\\Pipeline\\Pipeline.php(169): Illuminate\\Routing\\Router->Illuminate\\Routing\\{closure}(Object(Illuminate\\Http\\Request))
#27 F:\\Coding\\Web\\Laravel\\agenda\\agenda\\vendor\\laravel\\framework\\src\\Illuminate\\Routing\\Middleware\\SubstituteBindings.php(50): Illuminate\\Pipeline\\Pipeline->Illuminate\\Pipeline\\{closure}(Object(Illuminate\\Http\\Request))
#28 F:\\Coding\\Web\\Laravel\\agenda\\agenda\\vendor\\laravel\\framework\\src\\Illuminate\\Pipeline\\Pipeline.php(208): Illuminate\\Routing\\Middleware\\SubstituteBindings->handle(Object(Illuminate\\Http\\Request), Object(Closure))
#29 F:\\Coding\\Web\\Laravel\\agenda\\agenda\\vendor\\laravel\\framework\\src\\Illuminate\\Foundation\\Http\\Middleware\\VerifyCsrfToken.php(87): Illuminate\\Pipeline\\Pipeline->Illuminate\\Pipeline\\{closure}(Object(Illuminate\\Http\\Request))
#30 F:\\Coding\\Web\\Laravel\\agenda\\agenda\\vendor\\laravel\\framework\\src\\Illuminate\\Pipeline\\Pipeline.php(208): Illuminate\\Foundation\\Http\\Middleware\\VerifyCsrfToken->handle(Object(Illuminate\\Http\\Request), Object(Closure))
#31 F:\\Coding\\Web\\Laravel\\agenda\\agenda\\vendor\\laravel\\framework\\src\\Illuminate\\View\\Middleware\\ShareErrorsFromSession.php(48): Illuminate\\Pipeline\\Pipeline->Illuminate\\Pipeline\\{closure}(Object(Illuminate\\Http\\Request))
#32 F:\\Coding\\Web\\Laravel\\agenda\\agenda\\vendor\\laravel\\framework\\src\\Illuminate\\Pipeline\\Pipeline.php(208): Illuminate\\View\\Middleware\\ShareErrorsFromSession->handle(Object(Illuminate\\Http\\Request), Object(Closure))
#33 F:\\Coding\\Web\\Laravel\\agenda\\agenda\\vendor\\laravel\\framework\\src\\Illuminate\\Session\\Middleware\\StartSession.php(120): Illuminate\\Pipeline\\Pipeline->Illuminate\\Pipeline\\{closure}(Object(Illuminate\\Http\\Request))
#34 F:\\Coding\\Web\\Laravel\\agenda\\agenda\\vendor\\laravel\\framework\\src\\Illuminate\\Session\\Middleware\\StartSession.php(63): Illuminate\\Session\\Middleware\\StartSession->handleStatefulRequest(Object(Illuminate\\Http\\Request), Object(Illuminate\\Session\\Store), Object(Closure))
#35 F:\\Coding\\Web\\Laravel\\agenda\\agenda\\vendor\\laravel\\framework\\src\\Illuminate\\Pipeline\\Pipeline.php(208): Illuminate\\Session\\Middleware\\StartSession->handle(Object(Illuminate\\Http\\Request), Object(Closure))
#36 F:\\Coding\\Web\\Laravel\\agenda\\agenda\\vendor\\laravel\\framework\\src\\Illuminate\\Cookie\\Middleware\\AddQueuedCookiesToResponse.php(36): Illuminate\\Pipeline\\Pipeline->Illuminate\\Pipeline\\{closure}(Object(Illuminate\\Http\\Request))
#37 F:\\Coding\\Web\\Laravel\\agenda\\agenda\\vendor\\laravel\\framework\\src\\Illuminate\\Pipeline\\Pipeline.php(208): Illuminate\\Cookie\\Middleware\\AddQueuedCookiesToResponse->handle(Object(Illuminate\\Http\\Request), Object(Closure))
#38 F:\\Coding\\Web\\Laravel\\agenda\\agenda\\vendor\\laravel\\framework\\src\\Illuminate\\Cookie\\Middleware\\EncryptCookies.php(74): Illuminate\\Pipeline\\Pipeline->Illuminate\\Pipeline\\{closure}(Object(Illuminate\\Http\\Request))
#39 F:\\Coding\\Web\\Laravel\\agenda\\agenda\\vendor\\laravel\\framework\\src\\Illuminate\\Pipeline\\Pipeline.php(208): Illuminate\\Cookie\\Middleware\\EncryptCookies->handle(Object(Illuminate\\Http\\Request), Object(Closure))
#40 F:\\Coding\\Web\\Laravel\\agenda\\agenda\\vendor\\laravel\\framework\\src\\Illuminate\\Pipeline\\Pipeline.php(126): Illuminate\\Pipeline\\Pipeline->Illuminate\\Pipeline\\{closure}(Object(Illuminate\\Http\\Request))
#41 F:\\Coding\\Web\\Laravel\\agenda\\agenda\\vendor\\laravel\\framework\\src\\Illuminate\\Routing\\Router.php(807): Illuminate\\Pipeline\\Pipeline->then(Object(Closure))
#42 F:\\Coding\\Web\\Laravel\\agenda\\agenda\\vendor\\laravel\\framework\\src\\Illuminate\\Routing\\Router.php(786): Illuminate\\Routing\\Router->runRouteWithinStack(Object(Illuminate\\Routing\\Route), Object(Illuminate\\Http\\Request))
#43 F:\\Coding\\Web\\Laravel\\agenda\\agenda\\vendor\\laravel\\framework\\src\\Illuminate\\Routing\\Router.php(750): Illuminate\\Routing\\Router->runRoute(Object(Illuminate\\Http\\Request), Object(Illuminate\\Routing\\Route))
#44 F:\\Coding\\Web\\Laravel\\agenda\\agenda\\vendor\\laravel\\framework\\src\\Illuminate\\Routing\\Router.php(739): Illuminate\\Routing\\Router->dispatchToRoute(Object(Illuminate\\Http\\Request))
#45 F:\\Coding\\Web\\Laravel\\agenda\\agenda\\vendor\\laravel\\framework\\src\\Illuminate\\Foundation\\Http\\Kernel.php(200): Illuminate\\Routing\\Router->dispatch(Object(Illuminate\\Http\\Request))
#46 F:\\Coding\\Web\\Laravel\\agenda\\agenda\\vendor\\laravel\\framework\\src\\Illuminate\\Pipeline\\Pipeline.php(169): Illuminate\\Foundation\\Http\\Kernel->Illuminate\\Foundation\\Http\\{closure}(Object(Illuminate\\Http\\Request))
#47 F:\\Coding\\Web\\Laravel\\agenda\\agenda\\vendor\\livewire\\livewire\\src\\Features\\SupportDisablingBackButtonCache\\DisableBackButtonCacheMiddleware.php(19): Illuminate\\Pipeline\\Pipeline->Illuminate\\Pipeline\\{closure}(Object(Illuminate\\Http\\Request))
#48 F:\\Coding\\Web\\Laravel\\agenda\\agenda\\vendor\\laravel\\framework\\src\\Illuminate\\Pipeline\\Pipeline.php(208): Livewire\\Features\\SupportDisablingBackButtonCache\\DisableBackButtonCacheMiddleware->handle(Object(Illuminate\\Http\\Request), Object(Closure))
#49 F:\\Coding\\Web\\Laravel\\agenda\\agenda\\vendor\\laravel\\framework\\src\\Illuminate\\Foundation\\Http\\Middleware\\ConvertEmptyStringsToNull.php(27): Illuminate\\Pipeline\\Pipeline->Illuminate\\Pipeline\\{closure}(Object(Illuminate\\Http\\Request))
#50 F:\\Coding\\Web\\Laravel\\agenda\\agenda\\vendor\\laravel\\framework\\src\\Illuminate\\Pipeline\\Pipeline.php(208): Illuminate\\Foundation\\Http\\Middleware\\ConvertEmptyStringsToNull->handle(Object(Illuminate\\Http\\Request), Object(Closure))
#51 F:\\Coding\\Web\\Laravel\\agenda\\agenda\\vendor\\laravel\\framework\\src\\Illuminate\\Foundation\\Http\\Middleware\\TrimStrings.php(47): Illuminate\\Pipeline\\Pipeline->Illuminate\\Pipeline\\{closure}(Object(Illuminate\\Http\\Request))
#52 F:\\Coding\\Web\\Laravel\\agenda\\agenda\\vendor\\laravel\\framework\\src\\Illuminate\\Pipeline\\Pipeline.php(208): Illuminate\\Foundation\\Http\\Middleware\\TrimStrings->handle(Object(Illuminate\\Http\\Request), Object(Closure))
#53 F:\\Coding\\Web\\Laravel\\agenda\\agenda\\vendor\\laravel\\framework\\src\\Illuminate\\Http\\Middleware\\ValidatePostSize.php(27): Illuminate\\Pipeline\\Pipeline->Illuminate\\Pipeline\\{closure}(Object(Illuminate\\Http\\Request))
#54 F:\\Coding\\Web\\Laravel\\agenda\\agenda\\vendor\\laravel\\framework\\src\\Illuminate\\Pipeline\\Pipeline.php(208): Illuminate\\Http\\Middleware\\ValidatePostSize->handle(Object(Illuminate\\Http\\Request), Object(Closure))
#55 F:\\Coding\\Web\\Laravel\\agenda\\agenda\\vendor\\laravel\\framework\\src\\Illuminate\\Foundation\\Http\\Middleware\\PreventRequestsDuringMaintenance.php(109): Illuminate\\Pipeline\\Pipeline->Illuminate\\Pipeline\\{closure}(Object(Illuminate\\Http\\Request))
#56 F:\\Coding\\Web\\Laravel\\agenda\\agenda\\vendor\\laravel\\framework\\src\\Illuminate\\Pipeline\\Pipeline.php(208): Illuminate\\Foundation\\Http\\Middleware\\PreventRequestsDuringMaintenance->handle(Object(Illuminate\\Http\\Request), Object(Closure))
#57 F:\\Coding\\Web\\Laravel\\agenda\\agenda\\vendor\\laravel\\framework\\src\\Illuminate\\Http\\Middleware\\HandleCors.php(48): Illuminate\\Pipeline\\Pipeline->Illuminate\\Pipeline\\{closure}(Object(Illuminate\\Http\\Request))
#58 F:\\Coding\\Web\\Laravel\\agenda\\agenda\\vendor\\laravel\\framework\\src\\Illuminate\\Pipeline\\Pipeline.php(208): Illuminate\\Http\\Middleware\\HandleCors->handle(Object(Illuminate\\Http\\Request), Object(Closure))
#59 F:\\Coding\\Web\\Laravel\\agenda\\agenda\\vendor\\laravel\\framework\\src\\Illuminate\\Http\\Middleware\\TrustProxies.php(58): Illuminate\\Pipeline\\Pipeline->Illuminate\\Pipeline\\{closure}(Object(Illuminate\\Http\\Request))
#60 F:\\Coding\\Web\\Laravel\\agenda\\agenda\\vendor\\laravel\\framework\\src\\Illuminate\\Pipeline\\Pipeline.php(208): Illuminate\\Http\\Middleware\\TrustProxies->handle(Object(Illuminate\\Http\\Request), Object(Closure))
#61 F:\\Coding\\Web\\Laravel\\agenda\\agenda\\vendor\\laravel\\framework\\src\\Illuminate\\Foundation\\Http\\Middleware\\InvokeDeferredCallbacks.php(22): Illuminate\\Pipeline\\Pipeline->Illuminate\\Pipeline\\{closure}(Object(Illuminate\\Http\\Request))
#62 F:\\Coding\\Web\\Laravel\\agenda\\agenda\\vendor\\laravel\\framework\\src\\Illuminate\\Pipeline\\Pipeline.php(208): Illuminate\\Foundation\\Http\\Middleware\\InvokeDeferredCallbacks->handle(Object(Illuminate\\Http\\Request), Object(Closure))
#63 F:\\Coding\\Web\\Laravel\\agenda\\agenda\\vendor\\laravel\\framework\\src\\Illuminate\\Http\\Middleware\\ValidatePathEncoding.php(26): Illuminate\\Pipeline\\Pipeline->Illuminate\\Pipeline\\{closure}(Object(Illuminate\\Http\\Request))
#64 F:\\Coding\\Web\\Laravel\\agenda\\agenda\\vendor\\laravel\\framework\\src\\Illuminate\\Pipeline\\Pipeline.php(208): Illuminate\\Http\\Middleware\\ValidatePathEncoding->handle(Object(Illuminate\\Http\\Request), Object(Closure))
#65 F:\\Coding\\Web\\Laravel\\agenda\\agenda\\vendor\\laravel\\framework\\src\\Illuminate\\Pipeline\\Pipeline.php(126): Illuminate\\Pipeline\\Pipeline->Illuminate\\Pipeline\\{closure}(Object(Illuminate\\Http\\Request))
#66 F:\\Coding\\Web\\Laravel\\agenda\\agenda\\vendor\\laravel\\framework\\src\\Illuminate\\Foundation\\Http\\Kernel.php(175): Illuminate\\Pipeline\\Pipeline->then(Object(Closure))
#67 F:\\Coding\\Web\\Laravel\\agenda\\agenda\\vendor\\laravel\\framework\\src\\Illuminate\\Foundation\\Http\\Kernel.php(144): Illuminate\\Foundation\\Http\\Kernel->sendRequestThroughRouter(Object(Illuminate\\Http\\Request))
#68 F:\\Coding\\Web\\Laravel\\agenda\\agenda\\vendor\\laravel\\framework\\src\\Illuminate\\Foundation\\Application.php(1219): Illuminate\\Foundation\\Http\\Kernel->handle(Object(Illuminate\\Http\\Request))
#69 F:\\Coding\\Web\\Laravel\\agenda\\agenda\\public\\index.php(20): Illuminate\\Foundation\\Application->handleRequest(Object(Illuminate\\Http\\Request))
#70 F:\\Coding\\Web\\Laravel\\agenda\\agenda\\vendor\\laravel\\framework\\src\\Illuminate\\Foundation\\resources\\server.php(23): require_once('F:\\\\Coding\\\\Web\\\\L...')
#71 {main}

[previous exception] [object] (BadMethodCallException(code: 0): Method App\\Livewire\\CalendarAdmin::getTimeOptions does not exist. at F:\\Coding\\Web\\Laravel\\agenda\\agenda\\vendor\\livewire\\livewire\\src\\Component.php:136)
[stacktrace]
#0 F:\\Coding\\Web\\Laravel\\agenda\\agenda\\storage\\framework\\views\\c552173cff25057dfa4cae194d5a5944.php(117): Livewire\\Component->__call('getTimeOptions', Array)
#1 F:\\Coding\\Web\\Laravel\\agenda\\agenda\\vendor\\livewire\\livewire\\src\\Mechanisms\\ExtendBlade\\ExtendedCompilerEngine.php(37): include('F:\\\\Coding\\\\Web\\\\L...')
#2 F:\\Coding\\Web\\Laravel\\agenda\\agenda\\vendor\\livewire\\livewire\\src\\Mechanisms\\ExtendBlade\\ExtendedCompilerEngine.php(38): App\\Livewire\\CalendarAdmin->Livewire\\Mechanisms\\ExtendBlade\\{closure}()
#3 F:\\Coding\\Web\\Laravel\\agenda\\agenda\\vendor\\laravel\\framework\\src\\Illuminate\\View\\Engines\\CompilerEngine.php(76): Livewire\\Mechanisms\\ExtendBlade\\ExtendedCompilerEngine->evaluatePath('F:\\\\Coding\\\\Web\\\\L...', Array)
#4 F:\\Coding\\Web\\Laravel\\agenda\\agenda\\vendor\\livewire\\livewire\\src\\Mechanisms\\ExtendBlade\\ExtendedCompilerEngine.php(16): Illuminate\\View\\Engines\\CompilerEngine->get('F:\\\\Coding\\\\Web\\\\L...', Array)
#5 F:\\Coding\\Web\\Laravel\\agenda\\agenda\\vendor\\laravel\\framework\\src\\Illuminate\\View\\View.php(208): Livewire\\Mechanisms\\ExtendBlade\\ExtendedCompilerEngine->get('F:\\\\Coding\\\\Web\\\\L...', Array)
#6 F:\\Coding\\Web\\Laravel\\agenda\\agenda\\vendor\\laravel\\framework\\src\\Illuminate\\View\\View.php(191): Illuminate\\View\\View->getContents()
#7 F:\\Coding\\Web\\Laravel\\agenda\\agenda\\vendor\\laravel\\framework\\src\\Illuminate\\View\\View.php(160): Illuminate\\View\\View->renderContents()
#8 F:\\Coding\\Web\\Laravel\\agenda\\agenda\\storage\\framework\\views\\2402510ce86b8be5b981a90d88f2e006.php(17): Illuminate\\View\\View->render()
#9 F:\\Coding\\Web\\Laravel\\agenda\\agenda\\vendor\\livewire\\livewire\\src\\Mechanisms\\ExtendBlade\\ExtendedCompilerEngine.php(37): include('F:\\\\Coding\\\\Web\\\\L...')
#10 F:\\Coding\\Web\\Laravel\\agenda\\agenda\\vendor\\livewire\\livewire\\src\\Mechanisms\\ExtendBlade\\ExtendedCompilerEngine.php(38): App\\Livewire\\CalendarAdmin->Livewire\\Mechanisms\\ExtendBlade\\{closure}()
#11 F:\\Coding\\Web\\Laravel\\agenda\\agenda\\vendor\\laravel\\framework\\src\\Illuminate\\View\\Engines\\CompilerEngine.php(76): Livewire\\Mechanisms\\ExtendBlade\\ExtendedCompilerEngine->evaluatePath('F:\\\\Coding\\\\Web\\\\L...', Array)
#12 F:\\Coding\\Web\\Laravel\\agenda\\agenda\\vendor\\livewire\\livewire\\src\\Mechanisms\\ExtendBlade\\ExtendedCompilerEngine.php(16): Illuminate\\View\\Engines\\CompilerEngine->get('F:\\\\Coding\\\\Web\\\\L...', Array)
#13 F:\\Coding\\Web\\Laravel\\agenda\\agenda\\vendor\\laravel\\framework\\src\\Illuminate\\View\\View.php(208): Livewire\\Mechanisms\\ExtendBlade\\ExtendedCompilerEngine->get('F:\\\\Coding\\\\Web\\\\L...', Array)
#14 F:\\Coding\\Web\\Laravel\\agenda\\agenda\\vendor\\laravel\\framework\\src\\Illuminate\\View\\View.php(191): Illuminate\\View\\View->getContents()
#15 F:\\Coding\\Web\\Laravel\\agenda\\agenda\\vendor\\laravel\\framework\\src\\Illuminate\\View\\View.php(160): Illuminate\\View\\View->renderContents()
#16 F:\\Coding\\Web\\Laravel\\agenda\\agenda\\vendor\\livewire\\livewire\\src\\Mechanisms\\HandleComponents\\HandleComponents.php(259): Illuminate\\View\\View->render(Object(Closure))
#17 F:\\Coding\\Web\\Laravel\\agenda\\agenda\\vendor\\livewire\\livewire\\src\\Mechanisms\\HandleComponents\\HandleComponents.php(303): Livewire\\Mechanisms\\HandleComponents\\HandleComponents->Livewire\\Mechanisms\\HandleComponents\\{closure}()
#18 F:\\Coding\\Web\\Laravel\\agenda\\agenda\\vendor\\livewire\\livewire\\src\\Mechanisms\\HandleComponents\\HandleComponents.php(251): Livewire\\Mechanisms\\HandleComponents\\HandleComponents->trackInRenderStack(Object(App\\Livewire\\CalendarAdmin), Object(Closure))
#19 F:\\Coding\\Web\\Laravel\\agenda\\agenda\\vendor\\livewire\\livewire\\src\\Mechanisms\\HandleComponents\\HandleComponents.php(104): Livewire\\Mechanisms\\HandleComponents\\HandleComponents->render(Object(App\\Livewire\\CalendarAdmin))
#20 F:\\Coding\\Web\\Laravel\\agenda\\agenda\\vendor\\livewire\\livewire\\src\\LivewireManager.php(102): Livewire\\Mechanisms\\HandleComponents\\HandleComponents->update(Array, Array, Array)
#21 F:\\Coding\\Web\\Laravel\\agenda\\agenda\\vendor\\livewire\\volt\\src\\LivewireManager.php(35): Livewire\\LivewireManager->update(Array, Array, Array)
#22 F:\\Coding\\Web\\Laravel\\agenda\\agenda\\vendor\\livewire\\livewire\\src\\Mechanisms\\HandleRequests\\HandleRequests.php(94): Livewire\\Volt\\LivewireManager->update(Array, Array, Array)
#23 F:\\Coding\\Web\\Laravel\\agenda\\agenda\\vendor\\laravel\\framework\\src\\Illuminate\\Routing\\ControllerDispatcher.php(46): Livewire\\Mechanisms\\HandleRequests\\HandleRequests->handleUpdate()
#24 F:\\Coding\\Web\\Laravel\\agenda\\agenda\\vendor\\laravel\\framework\\src\\Illuminate\\Routing\\Route.php(265): Illuminate\\Routing\\ControllerDispatcher->dispatch(Object(Illuminate\\Routing\\Route), Object(Livewire\\Mechanisms\\HandleRequests\\HandleRequests), 'handleUpdate')
#25 F:\\Coding\\Web\\Laravel\\agenda\\agenda\\vendor\\laravel\\framework\\src\\Illuminate\\Routing\\Route.php(211): Illuminate\\Routing\\Route->runController()
#26 F:\\Coding\\Web\\Laravel\\agenda\\agenda\\vendor\\laravel\\framework\\src\\Illuminate\\Routing\\Router.php(808): Illuminate\\Routing\\Route->run()
#27 F:\\Coding\\Web\\Laravel\\agenda\\agenda\\vendor\\laravel\\framework\\src\\Illuminate\\Pipeline\\Pipeline.php(169): Illuminate\\Routing\\Router->Illuminate\\Routing\\{closure}(Object(Illuminate\\Http\\Request))
#28 F:\\Coding\\Web\\Laravel\\agenda\\agenda\\vendor\\laravel\\framework\\src\\Illuminate\\Routing\\Middleware\\SubstituteBindings.php(50): Illuminate\\Pipeline\\Pipeline->Illuminate\\Pipeline\\{closure}(Object(Illuminate\\Http\\Request))
#29 F:\\Coding\\Web\\Laravel\\agenda\\agenda\\vendor\\laravel\\framework\\src\\Illuminate\\Pipeline\\Pipeline.php(208): Illuminate\\Routing\\Middleware\\SubstituteBindings->handle(Object(Illuminate\\Http\\Request), Object(Closure))
#30 F:\\Coding\\Web\\Laravel\\agenda\\agenda\\vendor\\laravel\\framework\\src\\Illuminate\\Foundation\\Http\\Middleware\\VerifyCsrfToken.php(87): Illuminate\\Pipeline\\Pipeline->Illuminate\\Pipeline\\{closure}(Object(Illuminate\\Http\\Request))
#31 F:\\Coding\\Web\\Laravel\\agenda\\agenda\\vendor\\laravel\\framework\\src\\Illuminate\\Pipeline\\Pipeline.php(208): Illuminate\\Foundation\\Http\\Middleware\\VerifyCsrfToken->handle(Object(Illuminate\\Http\\Request), Object(Closure))
#32 F:\\Coding\\Web\\Laravel\\agenda\\agenda\\vendor\\laravel\\framework\\src\\Illuminate\\View\\Middleware\\ShareErrorsFromSession.php(48): Illuminate\\Pipeline\\Pipeline->Illuminate\\Pipeline\\{closure}(Object(Illuminate\\Http\\Request))
#33 F:\\Coding\\Web\\Laravel\\agenda\\agenda\\vendor\\laravel\\framework\\src\\Illuminate\\Pipeline\\Pipeline.php(208): Illuminate\\View\\Middleware\\ShareErrorsFromSession->handle(Object(Illuminate\\Http\\Request), Object(Closure))
#34 F:\\Coding\\Web\\Laravel\\agenda\\agenda\\vendor\\laravel\\framework\\src\\Illuminate\\Session\\Middleware\\StartSession.php(120): Illuminate\\Pipeline\\Pipeline->Illuminate\\Pipeline\\{closure}(Object(Illuminate\\Http\\Request))
#35 F:\\Coding\\Web\\Laravel\\agenda\\agenda\\vendor\\laravel\\framework\\src\\Illuminate\\Session\\Middleware\\StartSession.php(63): Illuminate\\Session\\Middleware\\StartSession->handleStatefulRequest(Object(Illuminate\\Http\\Request), Object(Illuminate\\Session\\Store), Object(Closure))
#36 F:\\Coding\\Web\\Laravel\\agenda\\agenda\\vendor\\laravel\\framework\\src\\Illuminate\\Pipeline\\Pipeline.php(208): Illuminate\\Session\\Middleware\\StartSession->handle(Object(Illuminate\\Http\\Request), Object(Closure))
#37 F:\\Coding\\Web\\Laravel\\agenda\\agenda\\vendor\\laravel\\framework\\src\\Illuminate\\Cookie\\Middleware\\AddQueuedCookiesToResponse.php(36): Illuminate\\Pipeline\\Pipeline->Illuminate\\Pipeline\\{closure}(Object(Illuminate\\Http\\Request))
#38 F:\\Coding\\Web\\Laravel\\agenda\\agenda\\vendor\\laravel\\framework\\src\\Illuminate\\Pipeline\\Pipeline.php(208): Illuminate\\Cookie\\Middleware\\AddQueuedCookiesToResponse->handle(Object(Illuminate\\Http\\Request), Object(Closure))
#39 F:\\Coding\\Web\\Laravel\\agenda\\agenda\\vendor\\laravel\\framework\\src\\Illuminate\\Cookie\\Middleware\\EncryptCookies.php(74): Illuminate\\Pipeline\\Pipeline->Illuminate\\Pipeline\\{closure}(Object(Illuminate\\Http\\Request))
#40 F:\\Coding\\Web\\Laravel\\agenda\\agenda\\vendor\\laravel\\framework\\src\\Illuminate\\Pipeline\\Pipeline.php(208): Illuminate\\Cookie\\Middleware\\EncryptCookies->handle(Object(Illuminate\\Http\\Request), Object(Closure))
#41 F:\\Coding\\Web\\Laravel\\agenda\\agenda\\vendor\\laravel\\framework\\src\\Illuminate\\Pipeline\\Pipeline.php(126): Illuminate\\Pipeline\\Pipeline->Illuminate\\Pipeline\\{closure}(Object(Illuminate\\Http\\Request))
#42 F:\\Coding\\Web\\Laravel\\agenda\\agenda\\vendor\\laravel\\framework\\src\\Illuminate\\Routing\\Router.php(807): Illuminate\\Pipeline\\Pipeline->then(Object(Closure))
#43 F:\\Coding\\Web\\Laravel\\agenda\\agenda\\vendor\\laravel\\framework\\src\\Illuminate\\Routing\\Router.php(786): Illuminate\\Routing\\Router->runRouteWithinStack(Object(Illuminate\\Routing\\Route), Object(Illuminate\\Http\\Request))
#44 F:\\Coding\\Web\\Laravel\\agenda\\agenda\\vendor\\laravel\\framework\\src\\Illuminate\\Routing\\Router.php(750): Illuminate\\Routing\\Router->runRoute(Object(Illuminate\\Http\\Request), Object(Illuminate\\Routing\\Route))
#45 F:\\Coding\\Web\\Laravel\\agenda\\agenda\\vendor\\laravel\\framework\\src\\Illuminate\\Routing\\Router.php(739): Illuminate\\Routing\\Router->dispatchToRoute(Object(Illuminate\\Http\\Request))
#46 F:\\Coding\\Web\\Laravel\\agenda\\agenda\\vendor\\laravel\\framework\\src\\Illuminate\\Foundation\\Http\\Kernel.php(200): Illuminate\\Routing\\Router->dispatch(Object(Illuminate\\Http\\Request))
#47 F:\\Coding\\Web\\Laravel\\agenda\\agenda\\vendor\\laravel\\framework\\src\\Illuminate\\Pipeline\\Pipeline.php(169): Illuminate\\Foundation\\Http\\Kernel->Illuminate\\Foundation\\Http\\{closure}(Object(Illuminate\\Http\\Request))
#48 F:\\Coding\\Web\\Laravel\\agenda\\agenda\\vendor\\livewire\\livewire\\src\\Features\\SupportDisablingBackButtonCache\\DisableBackButtonCacheMiddleware.php(19): Illuminate\\Pipeline\\Pipeline->Illuminate\\Pipeline\\{closure}(Object(Illuminate\\Http\\Request))
#49 F:\\Coding\\Web\\Laravel\\agenda\\agenda\\vendor\\laravel\\framework\\src\\Illuminate\\Pipeline\\Pipeline.php(208): Livewire\\Features\\SupportDisablingBackButtonCache\\DisableBackButtonCacheMiddleware->handle(Object(Illuminate\\Http\\Request), Object(Closure))
#50 F:\\Coding\\Web\\Laravel\\agenda\\agenda\\vendor\\laravel\\framework\\src\\Illuminate\\Foundation\\Http\\Middleware\\ConvertEmptyStringsToNull.php(27): Illuminate\\Pipeline\\Pipeline->Illuminate\\Pipeline\\{closure}(Object(Illuminate\\Http\\Request))
#51 F:\\Coding\\Web\\Laravel\\agenda\\agenda\\vendor\\laravel\\framework\\src\\Illuminate\\Pipeline\\Pipeline.php(208): Illuminate\\Foundation\\Http\\Middleware\\ConvertEmptyStringsToNull->handle(Object(Illuminate\\Http\\Request), Object(Closure))
#52 F:\\Coding\\Web\\Laravel\\agenda\\agenda\\vendor\\laravel\\framework\\src\\Illuminate\\Foundation\\Http\\Middleware\\TrimStrings.php(47): Illuminate\\Pipeline\\Pipeline->Illuminate\\Pipeline\\{closure}(Object(Illuminate\\Http\\Request))
#53 F:\\Coding\\Web\\Laravel\\agenda\\agenda\\vendor\\laravel\\framework\\src\\Illuminate\\Pipeline\\Pipeline.php(208): Illuminate\\Foundation\\Http\\Middleware\\TrimStrings->handle(Object(Illuminate\\Http\\Request), Object(Closure))
#54 F:\\Coding\\Web\\Laravel\\agenda\\agenda\\vendor\\laravel\\framework\\src\\Illuminate\\Http\\Middleware\\ValidatePostSize.php(27): Illuminate\\Pipeline\\Pipeline->Illuminate\\Pipeline\\{closure}(Object(Illuminate\\Http\\Request))
#55 F:\\Coding\\Web\\Laravel\\agenda\\agenda\\vendor\\laravel\\framework\\src\\Illuminate\\Pipeline\\Pipeline.php(208): Illuminate\\Http\\Middleware\\ValidatePostSize->handle(Object(Illuminate\\Http\\Request), Object(Closure))
#56 F:\\Coding\\Web\\Laravel\\agenda\\agenda\\vendor\\laravel\\framework\\src\\Illuminate\\Foundation\\Http\\Middleware\\PreventRequestsDuringMaintenance.php(109): Illuminate\\Pipeline\\Pipeline->Illuminate\\Pipeline\\{closure}(Object(Illuminate\\Http\\Request))
#57 F:\\Coding\\Web\\Laravel\\agenda\\agenda\\vendor\\laravel\\framework\\src\\Illuminate\\Pipeline\\Pipeline.php(208): Illuminate\\Foundation\\Http\\Middleware\\PreventRequestsDuringMaintenance->handle(Object(Illuminate\\Http\\Request), Object(Closure))
#58 F:\\Coding\\Web\\Laravel\\agenda\\agenda\\vendor\\laravel\\framework\\src\\Illuminate\\Http\\Middleware\\HandleCors.php(48): Illuminate\\Pipeline\\Pipeline->Illuminate\\Pipeline\\{closure}(Object(Illuminate\\Http\\Request))
#59 F:\\Coding\\Web\\Laravel\\agenda\\agenda\\vendor\\laravel\\framework\\src\\Illuminate\\Pipeline\\Pipeline.php(208): Illuminate\\Http\\Middleware\\HandleCors->handle(Object(Illuminate\\Http\\Request), Object(Closure))
#60 F:\\Coding\\Web\\Laravel\\agenda\\agenda\\vendor\\laravel\\framework\\src\\Illuminate\\Http\\Middleware\\TrustProxies.php(58): Illuminate\\Pipeline\\Pipeline->Illuminate\\Pipeline\\{closure}(Object(Illuminate\\Http\\Request))
#61 F:\\Coding\\Web\\Laravel\\agenda\\agenda\\vendor\\laravel\\framework\\src\\Illuminate\\Pipeline\\Pipeline.php(208): Illuminate\\Http\\Middleware\\TrustProxies->handle(Object(Illuminate\\Http\\Request), Object(Closure))
#62 F:\\Coding\\Web\\Laravel\\agenda\\agenda\\vendor\\laravel\\framework\\src\\Illuminate\\Foundation\\Http\\Middleware\\InvokeDeferredCallbacks.php(22): Illuminate\\Pipeline\\Pipeline->Illuminate\\Pipeline\\{closure}(Object(Illuminate\\Http\\Request))
#63 F:\\Coding\\Web\\Laravel\\agenda\\agenda\\vendor\\laravel\\framework\\src\\Illuminate\\Pipeline\\Pipeline.php(208): Illuminate\\Foundation\\Http\\Middleware\\InvokeDeferredCallbacks->handle(Object(Illuminate\\Http\\Request), Object(Closure))
#64 F:\\Coding\\Web\\Laravel\\agenda\\agenda\\vendor\\laravel\\framework\\src\\Illuminate\\Http\\Middleware\\ValidatePathEncoding.php(26): Illuminate\\Pipeline\\Pipeline->Illuminate\\Pipeline\\{closure}(Object(Illuminate\\Http\\Request))
#65 F:\\Coding\\Web\\Laravel\\agenda\\agenda\\vendor\\laravel\\framework\\src\\Illuminate\\Pipeline\\Pipeline.php(208): Illuminate\\Http\\Middleware\\ValidatePathEncoding->handle(Object(Illuminate\\Http\\Request), Object(Closure))
#66 F:\\Coding\\Web\\Laravel\\agenda\\agenda\\vendor\\laravel\\framework\\src\\Illuminate\\Pipeline\\Pipeline.php(126): Illuminate\\Pipeline\\Pipeline->Illuminate\\Pipeline\\{closure}(Object(Illuminate\\Http\\Request))
#67 F:\\Coding\\Web\\Laravel\\agenda\\agenda\\vendor\\laravel\\framework\\src\\Illuminate\\Foundation\\Http\\Kernel.php(175): Illuminate\\Pipeline\\Pipeline->then(Object(Closure))
#68 F:\\Coding\\Web\\Laravel\\agenda\\agenda\\vendor\\laravel\\framework\\src\\Illuminate\\Foundation\\Http\\Kernel.php(144): Illuminate\\Foundation\\Http\\Kernel->sendRequestThroughRouter(Object(Illuminate\\Http\\Request))
#69 F:\\Coding\\Web\\Laravel\\agenda\\agenda\\vendor\\laravel\\framework\\src\\Illuminate\\Foundation\\Application.php(1219): Illuminate\\Foundation\\Http\\Kernel->handle(Object(Illuminate\\Http\\Request))
#70 F:\\Coding\\Web\\Laravel\\agenda\\agenda\\public\\index.php(20): Illuminate\\Foundation\\Application->handleRequest(Object(Illuminate\\Http\\Request))
#71 F:\\Coding\\Web\\Laravel\\agenda\\agenda\\vendor\\laravel\\framework\\src\\Illuminate\\Foundation\\resources\\server.php(23): require_once('F:\\\\Coding\\\\Web\\\\L...')
#72 {main}
"} 
[2025-09-08 23:56:59] local.ERROR: Method App\Livewire\CalendarAdmin::getTimeOptions does not exist. (View: F:\Coding\Web\Laravel\agenda\agenda\resources\views\partials\modal-create.blade.php) (View: F:\Coding\Web\Laravel\agenda\agenda\resources\views\partials\modal-create.blade.php) {"userId":1,"exception":"[object] (Illuminate\\View\\ViewException(code: 0): Method App\\Livewire\\CalendarAdmin::getTimeOptions does not exist. (View: F:\\Coding\\Web\\Laravel\\agenda\\agenda\\resources\\views\\partials\\modal-create.blade.php) (View: F:\\Coding\\Web\\Laravel\\agenda\\agenda\\resources\\views\\partials\\modal-create.blade.php) at F:\\Coding\\Web\\Laravel\\agenda\\agenda\\vendor\\livewire\\livewire\\src\\Component.php:136)
[stacktrace]
#0 F:\\Coding\\Web\\Laravel\\agenda\\agenda\\vendor\\livewire\\livewire\\src\\Mechanisms\\ExtendBlade\\ExtendedCompilerEngine.php(58): Illuminate\\View\\Engines\\CompilerEngine->handleViewException(Object(Illuminate\\View\\ViewException), 1)
#1 F:\\Coding\\Web\\Laravel\\agenda\\agenda\\vendor\\livewire\\livewire\\src\\Mechanisms\\ExtendBlade\\ExtendedCompilerEngine.php(40): Livewire\\Mechanisms\\ExtendBlade\\ExtendedCompilerEngine->handleViewException(Object(Illuminate\\View\\ViewException), 1)
#2 F:\\Coding\\Web\\Laravel\\agenda\\agenda\\vendor\\laravel\\framework\\src\\Illuminate\\View\\Engines\\CompilerEngine.php(76): Livewire\\Mechanisms\\ExtendBlade\\ExtendedCompilerEngine->evaluatePath('F:\\\\Coding\\\\Web\\\\L...', Array)
#3 F:\\Coding\\Web\\Laravel\\agenda\\agenda\\vendor\\livewire\\livewire\\src\\Mechanisms\\ExtendBlade\\ExtendedCompilerEngine.php(16): Illuminate\\View\\Engines\\CompilerEngine->get('F:\\\\Coding\\\\Web\\\\L...', Array)
#4 F:\\Coding\\Web\\Laravel\\agenda\\agenda\\vendor\\laravel\\framework\\src\\Illuminate\\View\\View.php(208): Livewire\\Mechanisms\\ExtendBlade\\ExtendedCompilerEngine->get('F:\\\\Coding\\\\Web\\\\L...', Array)
#5 F:\\Coding\\Web\\Laravel\\agenda\\agenda\\vendor\\laravel\\framework\\src\\Illuminate\\View\\View.php(191): Illuminate\\View\\View->getContents()
#6 F:\\Coding\\Web\\Laravel\\agenda\\agenda\\vendor\\laravel\\framework\\src\\Illuminate\\View\\View.php(160): Illuminate\\View\\View->renderContents()
#7 F:\\Coding\\Web\\Laravel\\agenda\\agenda\\vendor\\livewire\\livewire\\src\\Mechanisms\\HandleComponents\\HandleComponents.php(259): Illuminate\\View\\View->render(Object(Closure))
#8 F:\\Coding\\Web\\Laravel\\agenda\\agenda\\vendor\\livewire\\livewire\\src\\Mechanisms\\HandleComponents\\HandleComponents.php(303): Livewire\\Mechanisms\\HandleComponents\\HandleComponents->Livewire\\Mechanisms\\HandleComponents\\{closure}()
#9 F:\\Coding\\Web\\Laravel\\agenda\\agenda\\vendor\\livewire\\livewire\\src\\Mechanisms\\HandleComponents\\HandleComponents.php(251): Livewire\\Mechanisms\\HandleComponents\\HandleComponents->trackInRenderStack(Object(App\\Livewire\\CalendarAdmin), Object(Closure))
#10 F:\\Coding\\Web\\Laravel\\agenda\\agenda\\vendor\\livewire\\livewire\\src\\Mechanisms\\HandleComponents\\HandleComponents.php(104): Livewire\\Mechanisms\\HandleComponents\\HandleComponents->render(Object(App\\Livewire\\CalendarAdmin))
#11 F:\\Coding\\Web\\Laravel\\agenda\\agenda\\vendor\\livewire\\livewire\\src\\LivewireManager.php(102): Livewire\\Mechanisms\\HandleComponents\\HandleComponents->update(Array, Array, Array)
#12 F:\\Coding\\Web\\Laravel\\agenda\\agenda\\vendor\\livewire\\volt\\src\\LivewireManager.php(35): Livewire\\LivewireManager->update(Array, Array, Array)
#13 F:\\Coding\\Web\\Laravel\\agenda\\agenda\\vendor\\livewire\\livewire\\src\\Mechanisms\\HandleRequests\\HandleRequests.php(94): Livewire\\Volt\\LivewireManager->update(Array, Array, Array)
#14 F:\\Coding\\Web\\Laravel\\agenda\\agenda\\vendor\\laravel\\framework\\src\\Illuminate\\Routing\\ControllerDispatcher.php(46): Livewire\\Mechanisms\\HandleRequests\\HandleRequests->handleUpdate()
#15 F:\\Coding\\Web\\Laravel\\agenda\\agenda\\vendor\\laravel\\framework\\src\\Illuminate\\Routing\\Route.php(265): Illuminate\\Routing\\ControllerDispatcher->dispatch(Object(Illuminate\\Routing\\Route), Object(Livewire\\Mechanisms\\HandleRequests\\HandleRequests), 'handleUpdate')
#16 F:\\Coding\\Web\\Laravel\\agenda\\agenda\\vendor\\laravel\\framework\\src\\Illuminate\\Routing\\Route.php(211): Illuminate\\Routing\\Route->runController()
#17 F:\\Coding\\Web\\Laravel\\agenda\\agenda\\vendor\\laravel\\framework\\src\\Illuminate\\Routing\\Router.php(808): Illuminate\\Routing\\Route->run()
#18 F:\\Coding\\Web\\Laravel\\agenda\\agenda\\vendor\\laravel\\framework\\src\\Illuminate\\Pipeline\\Pipeline.php(169): Illuminate\\Routing\\Router->Illuminate\\Routing\\{closure}(Object(Illuminate\\Http\\Request))
#19 F:\\Coding\\Web\\Laravel\\agenda\\agenda\\vendor\\laravel\\framework\\src\\Illuminate\\Routing\\Middleware\\SubstituteBindings.php(50): Illuminate\\Pipeline\\Pipeline->Illuminate\\Pipeline\\{closure}(Object(Illuminate\\Http\\Request))
#20 F:\\Coding\\Web\\Laravel\\agenda\\agenda\\vendor\\laravel\\framework\\src\\Illuminate\\Pipeline\\Pipeline.php(208): Illuminate\\Routing\\Middleware\\SubstituteBindings->handle(Object(Illuminate\\Http\\Request), Object(Closure))
#21 F:\\Coding\\Web\\Laravel\\agenda\\agenda\\vendor\\laravel\\framework\\src\\Illuminate\\Foundation\\Http\\Middleware\\VerifyCsrfToken.php(87): Illuminate\\Pipeline\\Pipeline->Illuminate\\Pipeline\\{closure}(Object(Illuminate\\Http\\Request))
#22 F:\\Coding\\Web\\Laravel\\agenda\\agenda\\vendor\\laravel\\framework\\src\\Illuminate\\Pipeline\\Pipeline.php(208): Illuminate\\Foundation\\Http\\Middleware\\VerifyCsrfToken->handle(Object(Illuminate\\Http\\Request), Object(Closure))
#23 F:\\Coding\\Web\\Laravel\\agenda\\agenda\\vendor\\laravel\\framework\\src\\Illuminate\\View\\Middleware\\ShareErrorsFromSession.php(48): Illuminate\\Pipeline\\Pipeline->Illuminate\\Pipeline\\{closure}(Object(Illuminate\\Http\\Request))
#24 F:\\Coding\\Web\\Laravel\\agenda\\agenda\\vendor\\laravel\\framework\\src\\Illuminate\\Pipeline\\Pipeline.php(208): Illuminate\\View\\Middleware\\ShareErrorsFromSession->handle(Object(Illuminate\\Http\\Request), Object(Closure))
#25 F:\\Coding\\Web\\Laravel\\agenda\\agenda\\vendor\\laravel\\framework\\src\\Illuminate\\Session\\Middleware\\StartSession.php(120): Illuminate\\Pipeline\\Pipeline->Illuminate\\Pipeline\\{closure}(Object(Illuminate\\Http\\Request))
#26 F:\\Coding\\Web\\Laravel\\agenda\\agenda\\vendor\\laravel\\framework\\src\\Illuminate\\Session\\Middleware\\StartSession.php(63): Illuminate\\Session\\Middleware\\StartSession->handleStatefulRequest(Object(Illuminate\\Http\\Request), Object(Illuminate\\Session\\Store), Object(Closure))
#27 F:\\Coding\\Web\\Laravel\\agenda\\agenda\\vendor\\laravel\\framework\\src\\Illuminate\\Pipeline\\Pipeline.php(208): Illuminate\\Session\\Middleware\\StartSession->handle(Object(Illuminate\\Http\\Request), Object(Closure))
#28 F:\\Coding\\Web\\Laravel\\agenda\\agenda\\vendor\\laravel\\framework\\src\\Illuminate\\Cookie\\Middleware\\AddQueuedCookiesToResponse.php(36): Illuminate\\Pipeline\\Pipeline->Illuminate\\Pipeline\\{closure}(Object(Illuminate\\Http\\Request))
#29 F:\\Coding\\Web\\Laravel\\agenda\\agenda\\vendor\\laravel\\framework\\src\\Illuminate\\Pipeline\\Pipeline.php(208): Illuminate\\Cookie\\Middleware\\AddQueuedCookiesToResponse->handle(Object(Illuminate\\Http\\Request), Object(Closure))
#30 F:\\Coding\\Web\\Laravel\\agenda\\agenda\\vendor\\laravel\\framework\\src\\Illuminate\\Cookie\\Middleware\\EncryptCookies.php(74): Illuminate\\Pipeline\\Pipeline->Illuminate\\Pipeline\\{closure}(Object(Illuminate\\Http\\Request))
#31 F:\\Coding\\Web\\Laravel\\agenda\\agenda\\vendor\\laravel\\framework\\src\\Illuminate\\Pipeline\\Pipeline.php(208): Illuminate\\Cookie\\Middleware\\EncryptCookies->handle(Object(Illuminate\\Http\\Request), Object(Closure))
#32 F:\\Coding\\Web\\Laravel\\agenda\\agenda\\vendor\\laravel\\framework\\src\\Illuminate\\Pipeline\\Pipeline.php(126): Illuminate\\Pipeline\\Pipeline->Illuminate\\Pipeline\\{closure}(Object(Illuminate\\Http\\Request))
#33 F:\\Coding\\Web\\Laravel\\agenda\\agenda\\vendor\\laravel\\framework\\src\\Illuminate\\Routing\\Router.php(807): Illuminate\\Pipeline\\Pipeline->then(Object(Closure))
#34 F:\\Coding\\Web\\Laravel\\agenda\\agenda\\vendor\\laravel\\framework\\src\\Illuminate\\Routing\\Router.php(786): Illuminate\\Routing\\Router->runRouteWithinStack(Object(Illuminate\\Routing\\Route), Object(Illuminate\\Http\\Request))
#35 F:\\Coding\\Web\\Laravel\\agenda\\agenda\\vendor\\laravel\\framework\\src\\Illuminate\\Routing\\Router.php(750): Illuminate\\Routing\\Router->runRoute(Object(Illuminate\\Http\\Request), Object(Illuminate\\Routing\\Route))
#36 F:\\Coding\\Web\\Laravel\\agenda\\agenda\\vendor\\laravel\\framework\\src\\Illuminate\\Routing\\Router.php(739): Illuminate\\Routing\\Router->dispatchToRoute(Object(Illuminate\\Http\\Request))
#37 F:\\Coding\\Web\\Laravel\\agenda\\agenda\\vendor\\laravel\\framework\\src\\Illuminate\\Foundation\\Http\\Kernel.php(200): Illuminate\\Routing\\Router->dispatch(Object(Illuminate\\Http\\Request))
#38 F:\\Coding\\Web\\Laravel\\agenda\\agenda\\vendor\\laravel\\framework\\src\\Illuminate\\Pipeline\\Pipeline.php(169): Illuminate\\Foundation\\Http\\Kernel->Illuminate\\Foundation\\Http\\{closure}(Object(Illuminate\\Http\\Request))
#39 F:\\Coding\\Web\\Laravel\\agenda\\agenda\\vendor\\livewire\\livewire\\src\\Features\\SupportDisablingBackButtonCache\\DisableBackButtonCacheMiddleware.php(19): Illuminate\\Pipeline\\Pipeline->Illuminate\\Pipeline\\{closure}(Object(Illuminate\\Http\\Request))
#40 F:\\Coding\\Web\\Laravel\\agenda\\agenda\\vendor\\laravel\\framework\\src\\Illuminate\\Pipeline\\Pipeline.php(208): Livewire\\Features\\SupportDisablingBackButtonCache\\DisableBackButtonCacheMiddleware->handle(Object(Illuminate\\Http\\Request), Object(Closure))
#41 F:\\Coding\\Web\\Laravel\\agenda\\agenda\\vendor\\laravel\\framework\\src\\Illuminate\\Foundation\\Http\\Middleware\\ConvertEmptyStringsToNull.php(27): Illuminate\\Pipeline\\Pipeline->Illuminate\\Pipeline\\{closure}(Object(Illuminate\\Http\\Request))
#42 F:\\Coding\\Web\\Laravel\\agenda\\agenda\\vendor\\laravel\\framework\\src\\Illuminate\\Pipeline\\Pipeline.php(208): Illuminate\\Foundation\\Http\\Middleware\\ConvertEmptyStringsToNull->handle(Object(Illuminate\\Http\\Request), Object(Closure))
#43 F:\\Coding\\Web\\Laravel\\agenda\\agenda\\vendor\\laravel\\framework\\src\\Illuminate\\Foundation\\Http\\Middleware\\TrimStrings.php(47): Illuminate\\Pipeline\\Pipeline->Illuminate\\Pipeline\\{closure}(Object(Illuminate\\Http\\Request))
#44 F:\\Coding\\Web\\Laravel\\agenda\\agenda\\vendor\\laravel\\framework\\src\\Illuminate\\Pipeline\\Pipeline.php(208): Illuminate\\Foundation\\Http\\Middleware\\TrimStrings->handle(Object(Illuminate\\Http\\Request), Object(Closure))
#45 F:\\Coding\\Web\\Laravel\\agenda\\agenda\\vendor\\laravel\\framework\\src\\Illuminate\\Http\\Middleware\\ValidatePostSize.php(27): Illuminate\\Pipeline\\Pipeline->Illuminate\\Pipeline\\{closure}(Object(Illuminate\\Http\\Request))
#46 F:\\Coding\\Web\\Laravel\\agenda\\agenda\\vendor\\laravel\\framework\\src\\Illuminate\\Pipeline\\Pipeline.php(208): Illuminate\\Http\\Middleware\\ValidatePostSize->handle(Object(Illuminate\\Http\\Request), Object(Closure))
#47 F:\\Coding\\Web\\Laravel\\agenda\\agenda\\vendor\\laravel\\framework\\src\\Illuminate\\Foundation\\Http\\Middleware\\PreventRequestsDuringMaintenance.php(109): Illuminate\\Pipeline\\Pipeline->Illuminate\\Pipeline\\{closure}(Object(Illuminate\\Http\\Request))
#48 F:\\Coding\\Web\\Laravel\\agenda\\agenda\\vendor\\laravel\\framework\\src\\Illuminate\\Pipeline\\Pipeline.php(208): Illuminate\\Foundation\\Http\\Middleware\\PreventRequestsDuringMaintenance->handle(Object(Illuminate\\Http\\Request), Object(Closure))
#49 F:\\Coding\\Web\\Laravel\\agenda\\agenda\\vendor\\laravel\\framework\\src\\Illuminate\\Http\\Middleware\\HandleCors.php(48): Illuminate\\Pipeline\\Pipeline->Illuminate\\Pipeline\\{closure}(Object(Illuminate\\Http\\Request))
#50 F:\\Coding\\Web\\Laravel\\agenda\\agenda\\vendor\\laravel\\framework\\src\\Illuminate\\Pipeline\\Pipeline.php(208): Illuminate\\Http\\Middleware\\HandleCors->handle(Object(Illuminate\\Http\\Request), Object(Closure))
#51 F:\\Coding\\Web\\Laravel\\agenda\\agenda\\vendor\\laravel\\framework\\src\\Illuminate\\Http\\Middleware\\TrustProxies.php(58): Illuminate\\Pipeline\\Pipeline->Illuminate\\Pipeline\\{closure}(Object(Illuminate\\Http\\Request))
#52 F:\\Coding\\Web\\Laravel\\agenda\\agenda\\vendor\\laravel\\framework\\src\\Illuminate\\Pipeline\\Pipeline.php(208): Illuminate\\Http\\Middleware\\TrustProxies->handle(Object(Illuminate\\Http\\Request), Object(Closure))
#53 F:\\Coding\\Web\\Laravel\\agenda\\agenda\\vendor\\laravel\\framework\\src\\Illuminate\\Foundation\\Http\\Middleware\\InvokeDeferredCallbacks.php(22): Illuminate\\Pipeline\\Pipeline->Illuminate\\Pipeline\\{closure}(Object(Illuminate\\Http\\Request))
#54 F:\\Coding\\Web\\Laravel\\agenda\\agenda\\vendor\\laravel\\framework\\src\\Illuminate\\Pipeline\\Pipeline.php(208): Illuminate\\Foundation\\Http\\Middleware\\InvokeDeferredCallbacks->handle(Object(Illuminate\\Http\\Request), Object(Closure))
#55 F:\\Coding\\Web\\Laravel\\agenda\\agenda\\vendor\\laravel\\framework\\src\\Illuminate\\Http\\Middleware\\ValidatePathEncoding.php(26): Illuminate\\Pipeline\\Pipeline->Illuminate\\Pipeline\\{closure}(Object(Illuminate\\Http\\Request))
#56 F:\\Coding\\Web\\Laravel\\agenda\\agenda\\vendor\\laravel\\framework\\src\\Illuminate\\Pipeline\\Pipeline.php(208): Illuminate\\Http\\Middleware\\ValidatePathEncoding->handle(Object(Illuminate\\Http\\Request), Object(Closure))
#57 F:\\Coding\\Web\\Laravel\\agenda\\agenda\\vendor\\laravel\\framework\\src\\Illuminate\\Pipeline\\Pipeline.php(126): Illuminate\\Pipeline\\Pipeline->Illuminate\\Pipeline\\{closure}(Object(Illuminate\\Http\\Request))
#58 F:\\Coding\\Web\\Laravel\\agenda\\agenda\\vendor\\laravel\\framework\\src\\Illuminate\\Foundation\\Http\\Kernel.php(175): Illuminate\\Pipeline\\Pipeline->then(Object(Closure))
#59 F:\\Coding\\Web\\Laravel\\agenda\\agenda\\vendor\\laravel\\framework\\src\\Illuminate\\Foundation\\Http\\Kernel.php(144): Illuminate\\Foundation\\Http\\Kernel->sendRequestThroughRouter(Object(Illuminate\\Http\\Request))
#60 F:\\Coding\\Web\\Laravel\\agenda\\agenda\\vendor\\laravel\\framework\\src\\Illuminate\\Foundation\\Application.php(1219): Illuminate\\Foundation\\Http\\Kernel->handle(Object(Illuminate\\Http\\Request))
#61 F:\\Coding\\Web\\Laravel\\agenda\\agenda\\public\\index.php(20): Illuminate\\Foundation\\Application->handleRequest(Object(Illuminate\\Http\\Request))
#62 F:\\Coding\\Web\\Laravel\\agenda\\agenda\\vendor\\laravel\\framework\\src\\Illuminate\\Foundation\\resources\\server.php(23): require_once('F:\\\\Coding\\\\Web\\\\L...')
#63 {main}

[previous exception] [object] (Illuminate\\View\\ViewException(code: 0): Method App\\Livewire\\CalendarAdmin::getTimeOptions does not exist. (View: F:\\Coding\\Web\\Laravel\\agenda\\agenda\\resources\\views\\partials\\modal-create.blade.php) at F:\\Coding\\Web\\Laravel\\agenda\\agenda\\vendor\\livewire\\livewire\\src\\Component.php:136)
[stacktrace]
#0 F:\\Coding\\Web\\Laravel\\agenda\\agenda\\vendor\\livewire\\livewire\\src\\Mechanisms\\ExtendBlade\\ExtendedCompilerEngine.php(58): Illuminate\\View\\Engines\\CompilerEngine->handleViewException(Object(BadMethodCallException), 2)
#1 F:\\Coding\\Web\\Laravel\\agenda\\agenda\\vendor\\livewire\\livewire\\src\\Mechanisms\\ExtendBlade\\ExtendedCompilerEngine.php(40): Livewire\\Mechanisms\\ExtendBlade\\ExtendedCompilerEngine->handleViewException(Object(BadMethodCallException), 2)
#2 F:\\Coding\\Web\\Laravel\\agenda\\agenda\\vendor\\laravel\\framework\\src\\Illuminate\\View\\Engines\\CompilerEngine.php(76): Livewire\\Mechanisms\\ExtendBlade\\ExtendedCompilerEngine->evaluatePath('F:\\\\Coding\\\\Web\\\\L...', Array)
#3 F:\\Coding\\Web\\Laravel\\agenda\\agenda\\vendor\\livewire\\livewire\\src\\Mechanisms\\ExtendBlade\\ExtendedCompilerEngine.php(16): Illuminate\\View\\Engines\\CompilerEngine->get('F:\\\\Coding\\\\Web\\\\L...', Array)
#4 F:\\Coding\\Web\\Laravel\\agenda\\agenda\\vendor\\laravel\\framework\\src\\Illuminate\\View\\View.php(208): Livewire\\Mechanisms\\ExtendBlade\\ExtendedCompilerEngine->get('F:\\\\Coding\\\\Web\\\\L...', Array)
#5 F:\\Coding\\Web\\Laravel\\agenda\\agenda\\vendor\\laravel\\framework\\src\\Illuminate\\View\\View.php(191): Illuminate\\View\\View->getContents()
#6 F:\\Coding\\Web\\Laravel\\agenda\\agenda\\vendor\\laravel\\framework\\src\\Illuminate\\View\\View.php(160): Illuminate\\View\\View->renderContents()
#7 F:\\Coding\\Web\\Laravel\\agenda\\agenda\\storage\\framework\\views\\2402510ce86b8be5b981a90d88f2e006.php(17): Illuminate\\View\\View->render()
#8 F:\\Coding\\Web\\Laravel\\agenda\\agenda\\vendor\\livewire\\livewire\\src\\Mechanisms\\ExtendBlade\\ExtendedCompilerEngine.php(37): include('F:\\\\Coding\\\\Web\\\\L...')
#9 F:\\Coding\\Web\\Laravel\\agenda\\agenda\\vendor\\livewire\\livewire\\src\\Mechanisms\\ExtendBlade\\ExtendedCompilerEngine.php(38): App\\Livewire\\CalendarAdmin->Livewire\\Mechanisms\\ExtendBlade\\{closure}()
#10 F:\\Coding\\Web\\Laravel\\agenda\\agenda\\vendor\\laravel\\framework\\src\\Illuminate\\View\\Engines\\CompilerEngine.php(76): Livewire\\Mechanisms\\ExtendBlade\\ExtendedCompilerEngine->evaluatePath('F:\\\\Coding\\\\Web\\\\L...', Array)
#11 F:\\Coding\\Web\\Laravel\\agenda\\agenda\\vendor\\livewire\\livewire\\src\\Mechanisms\\ExtendBlade\\ExtendedCompilerEngine.php(16): Illuminate\\View\\Engines\\CompilerEngine->get('F:\\\\Coding\\\\Web\\\\L...', Array)
#12 F:\\Coding\\Web\\Laravel\\agenda\\agenda\\vendor\\laravel\\framework\\src\\Illuminate\\View\\View.php(208): Livewire\\Mechanisms\\ExtendBlade\\ExtendedCompilerEngine->get('F:\\\\Coding\\\\Web\\\\L...', Array)
#13 F:\\Coding\\Web\\Laravel\\agenda\\agenda\\vendor\\laravel\\framework\\src\\Illuminate\\View\\View.php(191): Illuminate\\View\\View->getContents()
#14 F:\\Coding\\Web\\Laravel\\agenda\\agenda\\vendor\\laravel\\framework\\src\\Illuminate\\View\\View.php(160): Illuminate\\View\\View->renderContents()
#15 F:\\Coding\\Web\\Laravel\\agenda\\agenda\\vendor\\livewire\\livewire\\src\\Mechanisms\\HandleComponents\\HandleComponents.php(259): Illuminate\\View\\View->render(Object(Closure))
#16 F:\\Coding\\Web\\Laravel\\agenda\\agenda\\vendor\\livewire\\livewire\\src\\Mechanisms\\HandleComponents\\HandleComponents.php(303): Livewire\\Mechanisms\\HandleComponents\\HandleComponents->Livewire\\Mechanisms\\HandleComponents\\{closure}()
#17 F:\\Coding\\Web\\Laravel\\agenda\\agenda\\vendor\\livewire\\livewire\\src\\Mechanisms\\HandleComponents\\HandleComponents.php(251): Livewire\\Mechanisms\\HandleComponents\\HandleComponents->trackInRenderStack(Object(App\\Livewire\\CalendarAdmin), Object(Closure))
#18 F:\\Coding\\Web\\Laravel\\agenda\\agenda\\vendor\\livewire\\livewire\\src\\Mechanisms\\HandleComponents\\HandleComponents.php(104): Livewire\\Mechanisms\\HandleComponents\\HandleComponents->render(Object(App\\Livewire\\CalendarAdmin))
#19 F:\\Coding\\Web\\Laravel\\agenda\\agenda\\vendor\\livewire\\livewire\\src\\LivewireManager.php(102): Livewire\\Mechanisms\\HandleComponents\\HandleComponents->update(Array, Array, Array)
#20 F:\\Coding\\Web\\Laravel\\agenda\\agenda\\vendor\\livewire\\volt\\src\\LivewireManager.php(35): Livewire\\LivewireManager->update(Array, Array, Array)
#21 F:\\Coding\\Web\\Laravel\\agenda\\agenda\\vendor\\livewire\\livewire\\src\\Mechanisms\\HandleRequests\\HandleRequests.php(94): Livewire\\Volt\\LivewireManager->update(Array, Array, Array)
#22 F:\\Coding\\Web\\Laravel\\agenda\\agenda\\vendor\\laravel\\framework\\src\\Illuminate\\Routing\\ControllerDispatcher.php(46): Livewire\\Mechanisms\\HandleRequests\\HandleRequests->handleUpdate()
#23 F:\\Coding\\Web\\Laravel\\agenda\\agenda\\vendor\\laravel\\framework\\src\\Illuminate\\Routing\\Route.php(265): Illuminate\\Routing\\ControllerDispatcher->dispatch(Object(Illuminate\\Routing\\Route), Object(Livewire\\Mechanisms\\HandleRequests\\HandleRequests), 'handleUpdate')
#24 F:\\Coding\\Web\\Laravel\\agenda\\agenda\\vendor\\laravel\\framework\\src\\Illuminate\\Routing\\Route.php(211): Illuminate\\Routing\\Route->runController()
#25 F:\\Coding\\Web\\Laravel\\agenda\\agenda\\vendor\\laravel\\framework\\src\\Illuminate\\Routing\\Router.php(808): Illuminate\\Routing\\Route->run()
#26 F:\\Coding\\Web\\Laravel\\agenda\\agenda\\vendor\\laravel\\framework\\src\\Illuminate\\Pipeline\\Pipeline.php(169): Illuminate\\Routing\\Router->Illuminate\\Routing\\{closure}(Object(Illuminate\\Http\\Request))
#27 F:\\Coding\\Web\\Laravel\\agenda\\agenda\\vendor\\laravel\\framework\\src\\Illuminate\\Routing\\Middleware\\SubstituteBindings.php(50): Illuminate\\Pipeline\\Pipeline->Illuminate\\Pipeline\\{closure}(Object(Illuminate\\Http\\Request))
#28 F:\\Coding\\Web\\Laravel\\agenda\\agenda\\vendor\\laravel\\framework\\src\\Illuminate\\Pipeline\\Pipeline.php(208): Illuminate\\Routing\\Middleware\\SubstituteBindings->handle(Object(Illuminate\\Http\\Request), Object(Closure))
#29 F:\\Coding\\Web\\Laravel\\agenda\\agenda\\vendor\\laravel\\framework\\src\\Illuminate\\Foundation\\Http\\Middleware\\VerifyCsrfToken.php(87): Illuminate\\Pipeline\\Pipeline->Illuminate\\Pipeline\\{closure}(Object(Illuminate\\Http\\Request))
#30 F:\\Coding\\Web\\Laravel\\agenda\\agenda\\vendor\\laravel\\framework\\src\\Illuminate\\Pipeline\\Pipeline.php(208): Illuminate\\Foundation\\Http\\Middleware\\VerifyCsrfToken->handle(Object(Illuminate\\Http\\Request), Object(Closure))
#31 F:\\Coding\\Web\\Laravel\\agenda\\agenda\\vendor\\laravel\\framework\\src\\Illuminate\\View\\Middleware\\ShareErrorsFromSession.php(48): Illuminate\\Pipeline\\Pipeline->Illuminate\\Pipeline\\{closure}(Object(Illuminate\\Http\\Request))
#32 F:\\Coding\\Web\\Laravel\\agenda\\agenda\\vendor\\laravel\\framework\\src\\Illuminate\\Pipeline\\Pipeline.php(208): Illuminate\\View\\Middleware\\ShareErrorsFromSession->handle(Object(Illuminate\\Http\\Request), Object(Closure))
#33 F:\\Coding\\Web\\Laravel\\agenda\\agenda\\vendor\\laravel\\framework\\src\\Illuminate\\Session\\Middleware\\StartSession.php(120): Illuminate\\Pipeline\\Pipeline->Illuminate\\Pipeline\\{closure}(Object(Illuminate\\Http\\Request))
#34 F:\\Coding\\Web\\Laravel\\agenda\\agenda\\vendor\\laravel\\framework\\src\\Illuminate\\Session\\Middleware\\StartSession.php(63): Illuminate\\Session\\Middleware\\StartSession->handleStatefulRequest(Object(Illuminate\\Http\\Request), Object(Illuminate\\Session\\Store), Object(Closure))
#35 F:\\Coding\\Web\\Laravel\\agenda\\agenda\\vendor\\laravel\\framework\\src\\Illuminate\\Pipeline\\Pipeline.php(208): Illuminate\\Session\\Middleware\\StartSession->handle(Object(Illuminate\\Http\\Request), Object(Closure))
#36 F:\\Coding\\Web\\Laravel\\agenda\\agenda\\vendor\\laravel\\framework\\src\\Illuminate\\Cookie\\Middleware\\AddQueuedCookiesToResponse.php(36): Illuminate\\Pipeline\\Pipeline->Illuminate\\Pipeline\\{closure}(Object(Illuminate\\Http\\Request))
#37 F:\\Coding\\Web\\Laravel\\agenda\\agenda\\vendor\\laravel\\framework\\src\\Illuminate\\Pipeline\\Pipeline.php(208): Illuminate\\Cookie\\Middleware\\AddQueuedCookiesToResponse->handle(Object(Illuminate\\Http\\Request), Object(Closure))
#38 F:\\Coding\\Web\\Laravel\\agenda\\agenda\\vendor\\laravel\\framework\\src\\Illuminate\\Cookie\\Middleware\\EncryptCookies.php(74): Illuminate\\Pipeline\\Pipeline->Illuminate\\Pipeline\\{closure}(Object(Illuminate\\Http\\Request))
#39 F:\\Coding\\Web\\Laravel\\agenda\\agenda\\vendor\\laravel\\framework\\src\\Illuminate\\Pipeline\\Pipeline.php(208): Illuminate\\Cookie\\Middleware\\EncryptCookies->handle(Object(Illuminate\\Http\\Request), Object(Closure))
#40 F:\\Coding\\Web\\Laravel\\agenda\\agenda\\vendor\\laravel\\framework\\src\\Illuminate\\Pipeline\\Pipeline.php(126): Illuminate\\Pipeline\\Pipeline->Illuminate\\Pipeline\\{closure}(Object(Illuminate\\Http\\Request))
#41 F:\\Coding\\Web\\Laravel\\agenda\\agenda\\vendor\\laravel\\framework\\src\\Illuminate\\Routing\\Router.php(807): Illuminate\\Pipeline\\Pipeline->then(Object(Closure))
#42 F:\\Coding\\Web\\Laravel\\agenda\\agenda\\vendor\\laravel\\framework\\src\\Illuminate\\Routing\\Router.php(786): Illuminate\\Routing\\Router->runRouteWithinStack(Object(Illuminate\\Routing\\Route), Object(Illuminate\\Http\\Request))
#43 F:\\Coding\\Web\\Laravel\\agenda\\agenda\\vendor\\laravel\\framework\\src\\Illuminate\\Routing\\Router.php(750): Illuminate\\Routing\\Router->runRoute(Object(Illuminate\\Http\\Request), Object(Illuminate\\Routing\\Route))
#44 F:\\Coding\\Web\\Laravel\\agenda\\agenda\\vendor\\laravel\\framework\\src\\Illuminate\\Routing\\Router.php(739): Illuminate\\Routing\\Router->dispatchToRoute(Object(Illuminate\\Http\\Request))
#45 F:\\Coding\\Web\\Laravel\\agenda\\agenda\\vendor\\laravel\\framework\\src\\Illuminate\\Foundation\\Http\\Kernel.php(200): Illuminate\\Routing\\Router->dispatch(Object(Illuminate\\Http\\Request))
#46 F:\\Coding\\Web\\Laravel\\agenda\\agenda\\vendor\\laravel\\framework\\src\\Illuminate\\Pipeline\\Pipeline.php(169): Illuminate\\Foundation\\Http\\Kernel->Illuminate\\Foundation\\Http\\{closure}(Object(Illuminate\\Http\\Request))
#47 F:\\Coding\\Web\\Laravel\\agenda\\agenda\\vendor\\livewire\\livewire\\src\\Features\\SupportDisablingBackButtonCache\\DisableBackButtonCacheMiddleware.php(19): Illuminate\\Pipeline\\Pipeline->Illuminate\\Pipeline\\{closure}(Object(Illuminate\\Http\\Request))
#48 F:\\Coding\\Web\\Laravel\\agenda\\agenda\\vendor\\laravel\\framework\\src\\Illuminate\\Pipeline\\Pipeline.php(208): Livewire\\Features\\SupportDisablingBackButtonCache\\DisableBackButtonCacheMiddleware->handle(Object(Illuminate\\Http\\Request), Object(Closure))
#49 F:\\Coding\\Web\\Laravel\\agenda\\agenda\\vendor\\laravel\\framework\\src\\Illuminate\\Foundation\\Http\\Middleware\\ConvertEmptyStringsToNull.php(27): Illuminate\\Pipeline\\Pipeline->Illuminate\\Pipeline\\{closure}(Object(Illuminate\\Http\\Request))
#50 F:\\Coding\\Web\\Laravel\\agenda\\agenda\\vendor\\laravel\\framework\\src\\Illuminate\\Pipeline\\Pipeline.php(208): Illuminate\\Foundation\\Http\\Middleware\\ConvertEmptyStringsToNull->handle(Object(Illuminate\\Http\\Request), Object(Closure))
#51 F:\\Coding\\Web\\Laravel\\agenda\\agenda\\vendor\\laravel\\framework\\src\\Illuminate\\Foundation\\Http\\Middleware\\TrimStrings.php(47): Illuminate\\Pipeline\\Pipeline->Illuminate\\Pipeline\\{closure}(Object(Illuminate\\Http\\Request))
#52 F:\\Coding\\Web\\Laravel\\agenda\\agenda\\vendor\\laravel\\framework\\src\\Illuminate\\Pipeline\\Pipeline.php(208): Illuminate\\Foundation\\Http\\Middleware\\TrimStrings->handle(Object(Illuminate\\Http\\Request), Object(Closure))
#53 F:\\Coding\\Web\\Laravel\\agenda\\agenda\\vendor\\laravel\\framework\\src\\Illuminate\\Http\\Middleware\\ValidatePostSize.php(27): Illuminate\\Pipeline\\Pipeline->Illuminate\\Pipeline\\{closure}(Object(Illuminate\\Http\\Request))
#54 F:\\Coding\\Web\\Laravel\\agenda\\agenda\\vendor\\laravel\\framework\\src\\Illuminate\\Pipeline\\Pipeline.php(208): Illuminate\\Http\\Middleware\\ValidatePostSize->handle(Object(Illuminate\\Http\\Request), Object(Closure))
#55 F:\\Coding\\Web\\Laravel\\agenda\\agenda\\vendor\\laravel\\framework\\src\\Illuminate\\Foundation\\Http\\Middleware\\PreventRequestsDuringMaintenance.php(109): Illuminate\\Pipeline\\Pipeline->Illuminate\\Pipeline\\{closure}(Object(Illuminate\\Http\\Request))
#56 F:\\Coding\\Web\\Laravel\\agenda\\agenda\\vendor\\laravel\\framework\\src\\Illuminate\\Pipeline\\Pipeline.php(208): Illuminate\\Foundation\\Http\\Middleware\\PreventRequestsDuringMaintenance->handle(Object(Illuminate\\Http\\Request), Object(Closure))
#57 F:\\Coding\\Web\\Laravel\\agenda\\agenda\\vendor\\laravel\\framework\\src\\Illuminate\\Http\\Middleware\\HandleCors.php(48): Illuminate\\Pipeline\\Pipeline->Illuminate\\Pipeline\\{closure}(Object(Illuminate\\Http\\Request))
#58 F:\\Coding\\Web\\Laravel\\agenda\\agenda\\vendor\\laravel\\framework\\src\\Illuminate\\Pipeline\\Pipeline.php(208): Illuminate\\Http\\Middleware\\HandleCors->handle(Object(Illuminate\\Http\\Request), Object(Closure))
#59 F:\\Coding\\Web\\Laravel\\agenda\\agenda\\vendor\\laravel\\framework\\src\\Illuminate\\Http\\Middleware\\TrustProxies.php(58): Illuminate\\Pipeline\\Pipeline->Illuminate\\Pipeline\\{closure}(Object(Illuminate\\Http\\Request))
#60 F:\\Coding\\Web\\Laravel\\agenda\\agenda\\vendor\\laravel\\framework\\src\\Illuminate\\Pipeline\\Pipeline.php(208): Illuminate\\Http\\Middleware\\TrustProxies->handle(Object(Illuminate\\Http\\Request), Object(Closure))
#61 F:\\Coding\\Web\\Laravel\\agenda\\agenda\\vendor\\laravel\\framework\\src\\Illuminate\\Foundation\\Http\\Middleware\\InvokeDeferredCallbacks.php(22): Illuminate\\Pipeline\\Pipeline->Illuminate\\Pipeline\\{closure}(Object(Illuminate\\Http\\Request))
#62 F:\\Coding\\Web\\Laravel\\agenda\\agenda\\vendor\\laravel\\framework\\src\\Illuminate\\Pipeline\\Pipeline.php(208): Illuminate\\Foundation\\Http\\Middleware\\InvokeDeferredCallbacks->handle(Object(Illuminate\\Http\\Request), Object(Closure))
#63 F:\\Coding\\Web\\Laravel\\agenda\\agenda\\vendor\\laravel\\framework\\src\\Illuminate\\Http\\Middleware\\ValidatePathEncoding.php(26): Illuminate\\Pipeline\\Pipeline->Illuminate\\Pipeline\\{closure}(Object(Illuminate\\Http\\Request))
#64 F:\\Coding\\Web\\Laravel\\agenda\\agenda\\vendor\\laravel\\framework\\src\\Illuminate\\Pipeline\\Pipeline.php(208): Illuminate\\Http\\Middleware\\ValidatePathEncoding->handle(Object(Illuminate\\Http\\Request), Object(Closure))
#65 F:\\Coding\\Web\\Laravel\\agenda\\agenda\\vendor\\laravel\\framework\\src\\Illuminate\\Pipeline\\Pipeline.php(126): Illuminate\\Pipeline\\Pipeline->Illuminate\\Pipeline\\{closure}(Object(Illuminate\\Http\\Request))
#66 F:\\Coding\\Web\\Laravel\\agenda\\agenda\\vendor\\laravel\\framework\\src\\Illuminate\\Foundation\\Http\\Kernel.php(175): Illuminate\\Pipeline\\Pipeline->then(Object(Closure))
#67 F:\\Coding\\Web\\Laravel\\agenda\\agenda\\vendor\\laravel\\framework\\src\\Illuminate\\Foundation\\Http\\Kernel.php(144): Illuminate\\Foundation\\Http\\Kernel->sendRequestThroughRouter(Object(Illuminate\\Http\\Request))
#68 F:\\Coding\\Web\\Laravel\\agenda\\agenda\\vendor\\laravel\\framework\\src\\Illuminate\\Foundation\\Application.php(1219): Illuminate\\Foundation\\Http\\Kernel->handle(Object(Illuminate\\Http\\Request))
#69 F:\\Coding\\Web\\Laravel\\agenda\\agenda\\public\\index.php(20): Illuminate\\Foundation\\Application->handleRequest(Object(Illuminate\\Http\\Request))
#70 F:\\Coding\\Web\\Laravel\\agenda\\agenda\\vendor\\laravel\\framework\\src\\Illuminate\\Foundation\\resources\\server.php(23): require_once('F:\\\\Coding\\\\Web\\\\L...')
#71 {main}

[previous exception] [object] (BadMethodCallException(code: 0): Method App\\Livewire\\CalendarAdmin::getTimeOptions does not exist. at F:\\Coding\\Web\\Laravel\\agenda\\agenda\\vendor\\livewire\\livewire\\src\\Component.php:136)
[stacktrace]
#0 F:\\Coding\\Web\\Laravel\\agenda\\agenda\\storage\\framework\\views\\c552173cff25057dfa4cae194d5a5944.php(117): Livewire\\Component->__call('getTimeOptions', Array)
#1 F:\\Coding\\Web\\Laravel\\agenda\\agenda\\vendor\\livewire\\livewire\\src\\Mechanisms\\ExtendBlade\\ExtendedCompilerEngine.php(37): include('F:\\\\Coding\\\\Web\\\\L...')
#2 F:\\Coding\\Web\\Laravel\\agenda\\agenda\\vendor\\livewire\\livewire\\src\\Mechanisms\\ExtendBlade\\ExtendedCompilerEngine.php(38): App\\Livewire\\CalendarAdmin->Livewire\\Mechanisms\\ExtendBlade\\{closure}()
#3 F:\\Coding\\Web\\Laravel\\agenda\\agenda\\vendor\\laravel\\framework\\src\\Illuminate\\View\\Engines\\CompilerEngine.php(76): Livewire\\Mechanisms\\ExtendBlade\\ExtendedCompilerEngine->evaluatePath('F:\\\\Coding\\\\Web\\\\L...', Array)
#4 F:\\Coding\\Web\\Laravel\\agenda\\agenda\\vendor\\livewire\\livewire\\src\\Mechanisms\\ExtendBlade\\ExtendedCompilerEngine.php(16): Illuminate\\View\\Engines\\CompilerEngine->get('F:\\\\Coding\\\\Web\\\\L...', Array)
#5 F:\\Coding\\Web\\Laravel\\agenda\\agenda\\vendor\\laravel\\framework\\src\\Illuminate\\View\\View.php(208): Livewire\\Mechanisms\\ExtendBlade\\ExtendedCompilerEngine->get('F:\\\\Coding\\\\Web\\\\L...', Array)
#6 F:\\Coding\\Web\\Laravel\\agenda\\agenda\\vendor\\laravel\\framework\\src\\Illuminate\\View\\View.php(191): Illuminate\\View\\View->getContents()
#7 F:\\Coding\\Web\\Laravel\\agenda\\agenda\\vendor\\laravel\\framework\\src\\Illuminate\\View\\View.php(160): Illuminate\\View\\View->renderContents()
#8 F:\\Coding\\Web\\Laravel\\agenda\\agenda\\storage\\framework\\views\\2402510ce86b8be5b981a90d88f2e006.php(17): Illuminate\\View\\View->render()
#9 F:\\Coding\\Web\\Laravel\\agenda\\agenda\\vendor\\livewire\\livewire\\src\\Mechanisms\\ExtendBlade\\ExtendedCompilerEngine.php(37): include('F:\\\\Coding\\\\Web\\\\L...')
#10 F:\\Coding\\Web\\Laravel\\agenda\\agenda\\vendor\\livewire\\livewire\\src\\Mechanisms\\ExtendBlade\\ExtendedCompilerEngine.php(38): App\\Livewire\\CalendarAdmin->Livewire\\Mechanisms\\ExtendBlade\\{closure}()
#11 F:\\Coding\\Web\\Laravel\\agenda\\agenda\\vendor\\laravel\\framework\\src\\Illuminate\\View\\Engines\\CompilerEngine.php(76): Livewire\\Mechanisms\\ExtendBlade\\ExtendedCompilerEngine->evaluatePath('F:\\\\Coding\\\\Web\\\\L...', Array)
#12 F:\\Coding\\Web\\Laravel\\agenda\\agenda\\vendor\\livewire\\livewire\\src\\Mechanisms\\ExtendBlade\\ExtendedCompilerEngine.php(16): Illuminate\\View\\Engines\\CompilerEngine->get('F:\\\\Coding\\\\Web\\\\L...', Array)
#13 F:\\Coding\\Web\\Laravel\\agenda\\agenda\\vendor\\laravel\\framework\\src\\Illuminate\\View\\View.php(208): Livewire\\Mechanisms\\ExtendBlade\\ExtendedCompilerEngine->get('F:\\\\Coding\\\\Web\\\\L...', Array)
#14 F:\\Coding\\Web\\Laravel\\agenda\\agenda\\vendor\\laravel\\framework\\src\\Illuminate\\View\\View.php(191): Illuminate\\View\\View->getContents()
#15 F:\\Coding\\Web\\Laravel\\agenda\\agenda\\vendor\\laravel\\framework\\src\\Illuminate\\View\\View.php(160): Illuminate\\View\\View->renderContents()
#16 F:\\Coding\\Web\\Laravel\\agenda\\agenda\\vendor\\livewire\\livewire\\src\\Mechanisms\\HandleComponents\\HandleComponents.php(259): Illuminate\\View\\View->render(Object(Closure))
#17 F:\\Coding\\Web\\Laravel\\agenda\\agenda\\vendor\\livewire\\livewire\\src\\Mechanisms\\HandleComponents\\HandleComponents.php(303): Livewire\\Mechanisms\\HandleComponents\\HandleComponents->Livewire\\Mechanisms\\HandleComponents\\{closure}()
#18 F:\\Coding\\Web\\Laravel\\agenda\\agenda\\vendor\\livewire\\livewire\\src\\Mechanisms\\HandleComponents\\HandleComponents.php(251): Livewire\\Mechanisms\\HandleComponents\\HandleComponents->trackInRenderStack(Object(App\\Livewire\\CalendarAdmin), Object(Closure))
#19 F:\\Coding\\Web\\Laravel\\agenda\\agenda\\vendor\\livewire\\livewire\\src\\Mechanisms\\HandleComponents\\HandleComponents.php(104): Livewire\\Mechanisms\\HandleComponents\\HandleComponents->render(Object(App\\Livewire\\CalendarAdmin))
#20 F:\\Coding\\Web\\Laravel\\agenda\\agenda\\vendor\\livewire\\livewire\\src\\LivewireManager.php(102): Livewire\\Mechanisms\\HandleComponents\\HandleComponents->update(Array, Array, Array)
#21 F:\\Coding\\Web\\Laravel\\agenda\\agenda\\vendor\\livewire\\volt\\src\\LivewireManager.php(35): Livewire\\LivewireManager->update(Array, Array, Array)
#22 F:\\Coding\\Web\\Laravel\\agenda\\agenda\\vendor\\livewire\\livewire\\src\\Mechanisms\\HandleRequests\\HandleRequests.php(94): Livewire\\Volt\\LivewireManager->update(Array, Array, Array)
#23 F:\\Coding\\Web\\Laravel\\agenda\\agenda\\vendor\\laravel\\framework\\src\\Illuminate\\Routing\\ControllerDispatcher.php(46): Livewire\\Mechanisms\\HandleRequests\\HandleRequests->handleUpdate()
#24 F:\\Coding\\Web\\Laravel\\agenda\\agenda\\vendor\\laravel\\framework\\src\\Illuminate\\Routing\\Route.php(265): Illuminate\\Routing\\ControllerDispatcher->dispatch(Object(Illuminate\\Routing\\Route), Object(Livewire\\Mechanisms\\HandleRequests\\HandleRequests), 'handleUpdate')
#25 F:\\Coding\\Web\\Laravel\\agenda\\agenda\\vendor\\laravel\\framework\\src\\Illuminate\\Routing\\Route.php(211): Illuminate\\Routing\\Route->runController()
#26 F:\\Coding\\Web\\Laravel\\agenda\\agenda\\vendor\\laravel\\framework\\src\\Illuminate\\Routing\\Router.php(808): Illuminate\\Routing\\Route->run()
#27 F:\\Coding\\Web\\Laravel\\agenda\\agenda\\vendor\\laravel\\framework\\src\\Illuminate\\Pipeline\\Pipeline.php(169): Illuminate\\Routing\\Router->Illuminate\\Routing\\{closure}(Object(Illuminate\\Http\\Request))
#28 F:\\Coding\\Web\\Laravel\\agenda\\agenda\\vendor\\laravel\\framework\\src\\Illuminate\\Routing\\Middleware\\SubstituteBindings.php(50): Illuminate\\Pipeline\\Pipeline->Illuminate\\Pipeline\\{closure}(Object(Illuminate\\Http\\Request))
#29 F:\\Coding\\Web\\Laravel\\agenda\\agenda\\vendor\\laravel\\framework\\src\\Illuminate\\Pipeline\\Pipeline.php(208): Illuminate\\Routing\\Middleware\\SubstituteBindings->handle(Object(Illuminate\\Http\\Request), Object(Closure))
#30 F:\\Coding\\Web\\Laravel\\agenda\\agenda\\vendor\\laravel\\framework\\src\\Illuminate\\Foundation\\Http\\Middleware\\VerifyCsrfToken.php(87): Illuminate\\Pipeline\\Pipeline->Illuminate\\Pipeline\\{closure}(Object(Illuminate\\Http\\Request))
#31 F:\\Coding\\Web\\Laravel\\agenda\\agenda\\vendor\\laravel\\framework\\src\\Illuminate\\Pipeline\\Pipeline.php(208): Illuminate\\Foundation\\Http\\Middleware\\VerifyCsrfToken->handle(Object(Illuminate\\Http\\Request), Object(Closure))
#32 F:\\Coding\\Web\\Laravel\\agenda\\agenda\\vendor\\laravel\\framework\\src\\Illuminate\\View\\Middleware\\ShareErrorsFromSession.php(48): Illuminate\\Pipeline\\Pipeline->Illuminate\\Pipeline\\{closure}(Object(Illuminate\\Http\\Request))
#33 F:\\Coding\\Web\\Laravel\\agenda\\agenda\\vendor\\laravel\\framework\\src\\Illuminate\\Pipeline\\Pipeline.php(208): Illuminate\\View\\Middleware\\ShareErrorsFromSession->handle(Object(Illuminate\\Http\\Request), Object(Closure))
#34 F:\\Coding\\Web\\Laravel\\agenda\\agenda\\vendor\\laravel\\framework\\src\\Illuminate\\Session\\Middleware\\StartSession.php(120): Illuminate\\Pipeline\\Pipeline->Illuminate\\Pipeline\\{closure}(Object(Illuminate\\Http\\Request))
#35 F:\\Coding\\Web\\Laravel\\agenda\\agenda\\vendor\\laravel\\framework\\src\\Illuminate\\Session\\Middleware\\StartSession.php(63): Illuminate\\Session\\Middleware\\StartSession->handleStatefulRequest(Object(Illuminate\\Http\\Request), Object(Illuminate\\Session\\Store), Object(Closure))
#36 F:\\Coding\\Web\\Laravel\\agenda\\agenda\\vendor\\laravel\\framework\\src\\Illuminate\\Pipeline\\Pipeline.php(208): Illuminate\\Session\\Middleware\\StartSession->handle(Object(Illuminate\\Http\\Request), Object(Closure))
#37 F:\\Coding\\Web\\Laravel\\agenda\\agenda\\vendor\\laravel\\framework\\src\\Illuminate\\Cookie\\Middleware\\AddQueuedCookiesToResponse.php(36): Illuminate\\Pipeline\\Pipeline->Illuminate\\Pipeline\\{closure}(Object(Illuminate\\Http\\Request))
#38 F:\\Coding\\Web\\Laravel\\agenda\\agenda\\vendor\\laravel\\framework\\src\\Illuminate\\Pipeline\\Pipeline.php(208): Illuminate\\Cookie\\Middleware\\AddQueuedCookiesToResponse->handle(Object(Illuminate\\Http\\Request), Object(Closure))
#39 F:\\Coding\\Web\\Laravel\\agenda\\agenda\\vendor\\laravel\\framework\\src\\Illuminate\\Cookie\\Middleware\\EncryptCookies.php(74): Illuminate\\Pipeline\\Pipeline->Illuminate\\Pipeline\\{closure}(Object(Illuminate\\Http\\Request))
#40 F:\\Coding\\Web\\Laravel\\agenda\\agenda\\vendor\\laravel\\framework\\src\\Illuminate\\Pipeline\\Pipeline.php(208): Illuminate\\Cookie\\Middleware\\EncryptCookies->handle(Object(Illuminate\\Http\\Request), Object(Closure))
#41 F:\\Coding\\Web\\Laravel\\agenda\\agenda\\vendor\\laravel\\framework\\src\\Illuminate\\Pipeline\\Pipeline.php(126): Illuminate\\Pipeline\\Pipeline->Illuminate\\Pipeline\\{closure}(Object(Illuminate\\Http\\Request))
#42 F:\\Coding\\Web\\Laravel\\agenda\\agenda\\vendor\\laravel\\framework\\src\\Illuminate\\Routing\\Router.php(807): Illuminate\\Pipeline\\Pipeline->then(Object(Closure))
#43 F:\\Coding\\Web\\Laravel\\agenda\\agenda\\vendor\\laravel\\framework\\src\\Illuminate\\Routing\\Router.php(786): Illuminate\\Routing\\Router->runRouteWithinStack(Object(Illuminate\\Routing\\Route), Object(Illuminate\\Http\\Request))
#44 F:\\Coding\\Web\\Laravel\\agenda\\agenda\\vendor\\laravel\\framework\\src\\Illuminate\\Routing\\Router.php(750): Illuminate\\Routing\\Router->runRoute(Object(Illuminate\\Http\\Request), Object(Illuminate\\Routing\\Route))
#45 F:\\Coding\\Web\\Laravel\\agenda\\agenda\\vendor\\laravel\\framework\\src\\Illuminate\\Routing\\Router.php(739): Illuminate\\Routing\\Router->dispatchToRoute(Object(Illuminate\\Http\\Request))
#46 F:\\Coding\\Web\\Laravel\\agenda\\agenda\\vendor\\laravel\\framework\\src\\Illuminate\\Foundation\\Http\\Kernel.php(200): Illuminate\\Routing\\Router->dispatch(Object(Illuminate\\Http\\Request))
#47 F:\\Coding\\Web\\Laravel\\agenda\\agenda\\vendor\\laravel\\framework\\src\\Illuminate\\Pipeline\\Pipeline.php(169): Illuminate\\Foundation\\Http\\Kernel->Illuminate\\Foundation\\Http\\{closure}(Object(Illuminate\\Http\\Request))
#48 F:\\Coding\\Web\\Laravel\\agenda\\agenda\\vendor\\livewire\\livewire\\src\\Features\\SupportDisablingBackButtonCache\\DisableBackButtonCacheMiddleware.php(19): Illuminate\\Pipeline\\Pipeline->Illuminate\\Pipeline\\{closure}(Object(Illuminate\\Http\\Request))
#49 F:\\Coding\\Web\\Laravel\\agenda\\agenda\\vendor\\laravel\\framework\\src\\Illuminate\\Pipeline\\Pipeline.php(208): Livewire\\Features\\SupportDisablingBackButtonCache\\DisableBackButtonCacheMiddleware->handle(Object(Illuminate\\Http\\Request), Object(Closure))
#50 F:\\Coding\\Web\\Laravel\\agenda\\agenda\\vendor\\laravel\\framework\\src\\Illuminate\\Foundation\\Http\\Middleware\\ConvertEmptyStringsToNull.php(27): Illuminate\\Pipeline\\Pipeline->Illuminate\\Pipeline\\{closure}(Object(Illuminate\\Http\\Request))
#51 F:\\Coding\\Web\\Laravel\\agenda\\agenda\\vendor\\laravel\\framework\\src\\Illuminate\\Pipeline\\Pipeline.php(208): Illuminate\\Foundation\\Http\\Middleware\\ConvertEmptyStringsToNull->handle(Object(Illuminate\\Http\\Request), Object(Closure))
#52 F:\\Coding\\Web\\Laravel\\agenda\\agenda\\vendor\\laravel\\framework\\src\\Illuminate\\Foundation\\Http\\Middleware\\TrimStrings.php(47): Illuminate\\Pipeline\\Pipeline->Illuminate\\Pipeline\\{closure}(Object(Illuminate\\Http\\Request))
#53 F:\\Coding\\Web\\Laravel\\agenda\\agenda\\vendor\\laravel\\framework\\src\\Illuminate\\Pipeline\\Pipeline.php(208): Illuminate\\Foundation\\Http\\Middleware\\TrimStrings->handle(Object(Illuminate\\Http\\Request), Object(Closure))
#54 F:\\Coding\\Web\\Laravel\\agenda\\agenda\\vendor\\laravel\\framework\\src\\Illuminate\\Http\\Middleware\\ValidatePostSize.php(27): Illuminate\\Pipeline\\Pipeline->Illuminate\\Pipeline\\{closure}(Object(Illuminate\\Http\\Request))
#55 F:\\Coding\\Web\\Laravel\\agenda\\agenda\\vendor\\laravel\\framework\\src\\Illuminate\\Pipeline\\Pipeline.php(208): Illuminate\\Http\\Middleware\\ValidatePostSize->handle(Object(Illuminate\\Http\\Request), Object(Closure))
#56 F:\\Coding\\Web\\Laravel\\agenda\\agenda\\vendor\\laravel\\framework\\src\\Illuminate\\Foundation\\Http\\Middleware\\PreventRequestsDuringMaintenance.php(109): Illuminate\\Pipeline\\Pipeline->Illuminate\\Pipeline\\{closure}(Object(Illuminate\\Http\\Request))
#57 F:\\Coding\\Web\\Laravel\\agenda\\agenda\\vendor\\laravel\\framework\\src\\Illuminate\\Pipeline\\Pipeline.php(208): Illuminate\\Foundation\\Http\\Middleware\\PreventRequestsDuringMaintenance->handle(Object(Illuminate\\Http\\Request), Object(Closure))
#58 F:\\Coding\\Web\\Laravel\\agenda\\agenda\\vendor\\laravel\\framework\\src\\Illuminate\\Http\\Middleware\\HandleCors.php(48): Illuminate\\Pipeline\\Pipeline->Illuminate\\Pipeline\\{closure}(Object(Illuminate\\Http\\Request))
#59 F:\\Coding\\Web\\Laravel\\agenda\\agenda\\vendor\\laravel\\framework\\src\\Illuminate\\Pipeline\\Pipeline.php(208): Illuminate\\Http\\Middleware\\HandleCors->handle(Object(Illuminate\\Http\\Request), Object(Closure))
#60 F:\\Coding\\Web\\Laravel\\agenda\\agenda\\vendor\\laravel\\framework\\src\\Illuminate\\Http\\Middleware\\TrustProxies.php(58): Illuminate\\Pipeline\\Pipeline->Illuminate\\Pipeline\\{closure}(Object(Illuminate\\Http\\Request))
#61 F:\\Coding\\Web\\Laravel\\agenda\\agenda\\vendor\\laravel\\framework\\src\\Illuminate\\Pipeline\\Pipeline.php(208): Illuminate\\Http\\Middleware\\TrustProxies->handle(Object(Illuminate\\Http\\Request), Object(Closure))
#62 F:\\Coding\\Web\\Laravel\\agenda\\agenda\\vendor\\laravel\\framework\\src\\Illuminate\\Foundation\\Http\\Middleware\\InvokeDeferredCallbacks.php(22): Illuminate\\Pipeline\\Pipeline->Illuminate\\Pipeline\\{closure}(Object(Illuminate\\Http\\Request))
#63 F:\\Coding\\Web\\Laravel\\agenda\\agenda\\vendor\\laravel\\framework\\src\\Illuminate\\Pipeline\\Pipeline.php(208): Illuminate\\Foundation\\Http\\Middleware\\InvokeDeferredCallbacks->handle(Object(Illuminate\\Http\\Request), Object(Closure))
#64 F:\\Coding\\Web\\Laravel\\agenda\\agenda\\vendor\\laravel\\framework\\src\\Illuminate\\Http\\Middleware\\ValidatePathEncoding.php(26): Illuminate\\Pipeline\\Pipeline->Illuminate\\Pipeline\\{closure}(Object(Illuminate\\Http\\Request))
#65 F:\\Coding\\Web\\Laravel\\agenda\\agenda\\vendor\\laravel\\framework\\src\\Illuminate\\Pipeline\\Pipeline.php(208): Illuminate\\Http\\Middleware\\ValidatePathEncoding->handle(Object(Illuminate\\Http\\Request), Object(Closure))
#66 F:\\Coding\\Web\\Laravel\\agenda\\agenda\\vendor\\laravel\\framework\\src\\Illuminate\\Pipeline\\Pipeline.php(126): Illuminate\\Pipeline\\Pipeline->Illuminate\\Pipeline\\{closure}(Object(Illuminate\\Http\\Request))
#67 F:\\Coding\\Web\\Laravel\\agenda\\agenda\\vendor\\laravel\\framework\\src\\Illuminate\\Foundation\\Http\\Kernel.php(175): Illuminate\\Pipeline\\Pipeline->then(Object(Closure))
#68 F:\\Coding\\Web\\Laravel\\agenda\\agenda\\vendor\\laravel\\framework\\src\\Illuminate\\Foundation\\Http\\Kernel.php(144): Illuminate\\Foundation\\Http\\Kernel->sendRequestThroughRouter(Object(Illuminate\\Http\\Request))
#69 F:\\Coding\\Web\\Laravel\\agenda\\agenda\\vendor\\laravel\\framework\\src\\Illuminate\\Foundation\\Application.php(1219): Illuminate\\Foundation\\Http\\Kernel->handle(Object(Illuminate\\Http\\Request))
#70 F:\\Coding\\Web\\Laravel\\agenda\\agenda\\public\\index.php(20): Illuminate\\Foundation\\Application->handleRequest(Object(Illuminate\\Http\\Request))
#71 F:\\Coding\\Web\\Laravel\\agenda\\agenda\\vendor\\laravel\\framework\\src\\Illuminate\\Foundation\\resources\\server.php(23): require_once('F:\\\\Coding\\\\Web\\\\L...')
#72 {main}
"} 
[2025-09-09 00:01:24] local.ERROR: Method App\Livewire\CalendarAdmin::getTimeOptions does not exist. (View: F:\Coding\Web\Laravel\agenda\agenda\resources\views\partials\modal-create.blade.php) (View: F:\Coding\Web\Laravel\agenda\agenda\resources\views\partials\modal-create.blade.php) {"userId":1,"exception":"[object] (Illuminate\\View\\ViewException(code: 0): Method App\\Livewire\\CalendarAdmin::getTimeOptions does not exist. (View: F:\\Coding\\Web\\Laravel\\agenda\\agenda\\resources\\views\\partials\\modal-create.blade.php) (View: F:\\Coding\\Web\\Laravel\\agenda\\agenda\\resources\\views\\partials\\modal-create.blade.php) at F:\\Coding\\Web\\Laravel\\agenda\\agenda\\vendor\\livewire\\livewire\\src\\Component.php:136)
[stacktrace]
#0 F:\\Coding\\Web\\Laravel\\agenda\\agenda\\vendor\\livewire\\livewire\\src\\Mechanisms\\ExtendBlade\\ExtendedCompilerEngine.php(58): Illuminate\\View\\Engines\\CompilerEngine->handleViewException(Object(Illuminate\\View\\ViewException), 1)
#1 F:\\Coding\\Web\\Laravel\\agenda\\agenda\\vendor\\livewire\\livewire\\src\\Mechanisms\\ExtendBlade\\ExtendedCompilerEngine.php(40): Livewire\\Mechanisms\\ExtendBlade\\ExtendedCompilerEngine->handleViewException(Object(Illuminate\\View\\ViewException), 1)
#2 F:\\Coding\\Web\\Laravel\\agenda\\agenda\\vendor\\laravel\\framework\\src\\Illuminate\\View\\Engines\\CompilerEngine.php(76): Livewire\\Mechanisms\\ExtendBlade\\ExtendedCompilerEngine->evaluatePath('F:\\\\Coding\\\\Web\\\\L...', Array)
#3 F:\\Coding\\Web\\Laravel\\agenda\\agenda\\vendor\\livewire\\livewire\\src\\Mechanisms\\ExtendBlade\\ExtendedCompilerEngine.php(16): Illuminate\\View\\Engines\\CompilerEngine->get('F:\\\\Coding\\\\Web\\\\L...', Array)
#4 F:\\Coding\\Web\\Laravel\\agenda\\agenda\\vendor\\laravel\\framework\\src\\Illuminate\\View\\View.php(208): Livewire\\Mechanisms\\ExtendBlade\\ExtendedCompilerEngine->get('F:\\\\Coding\\\\Web\\\\L...', Array)
#5 F:\\Coding\\Web\\Laravel\\agenda\\agenda\\vendor\\laravel\\framework\\src\\Illuminate\\View\\View.php(191): Illuminate\\View\\View->getContents()
#6 F:\\Coding\\Web\\Laravel\\agenda\\agenda\\vendor\\laravel\\framework\\src\\Illuminate\\View\\View.php(160): Illuminate\\View\\View->renderContents()
#7 F:\\Coding\\Web\\Laravel\\agenda\\agenda\\vendor\\livewire\\livewire\\src\\Mechanisms\\HandleComponents\\HandleComponents.php(259): Illuminate\\View\\View->render(Object(Closure))
#8 F:\\Coding\\Web\\Laravel\\agenda\\agenda\\vendor\\livewire\\livewire\\src\\Mechanisms\\HandleComponents\\HandleComponents.php(303): Livewire\\Mechanisms\\HandleComponents\\HandleComponents->Livewire\\Mechanisms\\HandleComponents\\{closure}()
#9 F:\\Coding\\Web\\Laravel\\agenda\\agenda\\vendor\\livewire\\livewire\\src\\Mechanisms\\HandleComponents\\HandleComponents.php(251): Livewire\\Mechanisms\\HandleComponents\\HandleComponents->trackInRenderStack(Object(App\\Livewire\\CalendarAdmin), Object(Closure))
#10 F:\\Coding\\Web\\Laravel\\agenda\\agenda\\vendor\\livewire\\livewire\\src\\Mechanisms\\HandleComponents\\HandleComponents.php(104): Livewire\\Mechanisms\\HandleComponents\\HandleComponents->render(Object(App\\Livewire\\CalendarAdmin))
#11 F:\\Coding\\Web\\Laravel\\agenda\\agenda\\vendor\\livewire\\livewire\\src\\LivewireManager.php(102): Livewire\\Mechanisms\\HandleComponents\\HandleComponents->update(Array, Array, Array)
#12 F:\\Coding\\Web\\Laravel\\agenda\\agenda\\vendor\\livewire\\volt\\src\\LivewireManager.php(35): Livewire\\LivewireManager->update(Array, Array, Array)
#13 F:\\Coding\\Web\\Laravel\\agenda\\agenda\\vendor\\livewire\\livewire\\src\\Mechanisms\\HandleRequests\\HandleRequests.php(94): Livewire\\Volt\\LivewireManager->update(Array, Array, Array)
#14 F:\\Coding\\Web\\Laravel\\agenda\\agenda\\vendor\\laravel\\framework\\src\\Illuminate\\Routing\\ControllerDispatcher.php(46): Livewire\\Mechanisms\\HandleRequests\\HandleRequests->handleUpdate()
#15 F:\\Coding\\Web\\Laravel\\agenda\\agenda\\vendor\\laravel\\framework\\src\\Illuminate\\Routing\\Route.php(265): Illuminate\\Routing\\ControllerDispatcher->dispatch(Object(Illuminate\\Routing\\Route), Object(Livewire\\Mechanisms\\HandleRequests\\HandleRequests), 'handleUpdate')
#16 F:\\Coding\\Web\\Laravel\\agenda\\agenda\\vendor\\laravel\\framework\\src\\Illuminate\\Routing\\Route.php(211): Illuminate\\Routing\\Route->runController()
#17 F:\\Coding\\Web\\Laravel\\agenda\\agenda\\vendor\\laravel\\framework\\src\\Illuminate\\Routing\\Router.php(808): Illuminate\\Routing\\Route->run()
#18 F:\\Coding\\Web\\Laravel\\agenda\\agenda\\vendor\\laravel\\framework\\src\\Illuminate\\Pipeline\\Pipeline.php(169): Illuminate\\Routing\\Router->Illuminate\\Routing\\{closure}(Object(Illuminate\\Http\\Request))
#19 F:\\Coding\\Web\\Laravel\\agenda\\agenda\\vendor\\laravel\\framework\\src\\Illuminate\\Routing\\Middleware\\SubstituteBindings.php(50): Illuminate\\Pipeline\\Pipeline->Illuminate\\Pipeline\\{closure}(Object(Illuminate\\Http\\Request))
#20 F:\\Coding\\Web\\Laravel\\agenda\\agenda\\vendor\\laravel\\framework\\src\\Illuminate\\Pipeline\\Pipeline.php(208): Illuminate\\Routing\\Middleware\\SubstituteBindings->handle(Object(Illuminate\\Http\\Request), Object(Closure))
#21 F:\\Coding\\Web\\Laravel\\agenda\\agenda\\vendor\\laravel\\framework\\src\\Illuminate\\Foundation\\Http\\Middleware\\VerifyCsrfToken.php(87): Illuminate\\Pipeline\\Pipeline->Illuminate\\Pipeline\\{closure}(Object(Illuminate\\Http\\Request))
#22 F:\\Coding\\Web\\Laravel\\agenda\\agenda\\vendor\\laravel\\framework\\src\\Illuminate\\Pipeline\\Pipeline.php(208): Illuminate\\Foundation\\Http\\Middleware\\VerifyCsrfToken->handle(Object(Illuminate\\Http\\Request), Object(Closure))
#23 F:\\Coding\\Web\\Laravel\\agenda\\agenda\\vendor\\laravel\\framework\\src\\Illuminate\\View\\Middleware\\ShareErrorsFromSession.php(48): Illuminate\\Pipeline\\Pipeline->Illuminate\\Pipeline\\{closure}(Object(Illuminate\\Http\\Request))
#24 F:\\Coding\\Web\\Laravel\\agenda\\agenda\\vendor\\laravel\\framework\\src\\Illuminate\\Pipeline\\Pipeline.php(208): Illuminate\\View\\Middleware\\ShareErrorsFromSession->handle(Object(Illuminate\\Http\\Request), Object(Closure))
#25 F:\\Coding\\Web\\Laravel\\agenda\\agenda\\vendor\\laravel\\framework\\src\\Illuminate\\Session\\Middleware\\StartSession.php(120): Illuminate\\Pipeline\\Pipeline->Illuminate\\Pipeline\\{closure}(Object(Illuminate\\Http\\Request))
#26 F:\\Coding\\Web\\Laravel\\agenda\\agenda\\vendor\\laravel\\framework\\src\\Illuminate\\Session\\Middleware\\StartSession.php(63): Illuminate\\Session\\Middleware\\StartSession->handleStatefulRequest(Object(Illuminate\\Http\\Request), Object(Illuminate\\Session\\Store), Object(Closure))
#27 F:\\Coding\\Web\\Laravel\\agenda\\agenda\\vendor\\laravel\\framework\\src\\Illuminate\\Pipeline\\Pipeline.php(208): Illuminate\\Session\\Middleware\\StartSession->handle(Object(Illuminate\\Http\\Request), Object(Closure))
#28 F:\\Coding\\Web\\Laravel\\agenda\\agenda\\vendor\\laravel\\framework\\src\\Illuminate\\Cookie\\Middleware\\AddQueuedCookiesToResponse.php(36): Illuminate\\Pipeline\\Pipeline->Illuminate\\Pipeline\\{closure}(Object(Illuminate\\Http\\Request))
#29 F:\\Coding\\Web\\Laravel\\agenda\\agenda\\vendor\\laravel\\framework\\src\\Illuminate\\Pipeline\\Pipeline.php(208): Illuminate\\Cookie\\Middleware\\AddQueuedCookiesToResponse->handle(Object(Illuminate\\Http\\Request), Object(Closure))
#30 F:\\Coding\\Web\\Laravel\\agenda\\agenda\\vendor\\laravel\\framework\\src\\Illuminate\\Cookie\\Middleware\\EncryptCookies.php(74): Illuminate\\Pipeline\\Pipeline->Illuminate\\Pipeline\\{closure}(Object(Illuminate\\Http\\Request))
#31 F:\\Coding\\Web\\Laravel\\agenda\\agenda\\vendor\\laravel\\framework\\src\\Illuminate\\Pipeline\\Pipeline.php(208): Illuminate\\Cookie\\Middleware\\EncryptCookies->handle(Object(Illuminate\\Http\\Request), Object(Closure))
#32 F:\\Coding\\Web\\Laravel\\agenda\\agenda\\vendor\\laravel\\framework\\src\\Illuminate\\Pipeline\\Pipeline.php(126): Illuminate\\Pipeline\\Pipeline->Illuminate\\Pipeline\\{closure}(Object(Illuminate\\Http\\Request))
#33 F:\\Coding\\Web\\Laravel\\agenda\\agenda\\vendor\\laravel\\framework\\src\\Illuminate\\Routing\\Router.php(807): Illuminate\\Pipeline\\Pipeline->then(Object(Closure))
#34 F:\\Coding\\Web\\Laravel\\agenda\\agenda\\vendor\\laravel\\framework\\src\\Illuminate\\Routing\\Router.php(786): Illuminate\\Routing\\Router->runRouteWithinStack(Object(Illuminate\\Routing\\Route), Object(Illuminate\\Http\\Request))
#35 F:\\Coding\\Web\\Laravel\\agenda\\agenda\\vendor\\laravel\\framework\\src\\Illuminate\\Routing\\Router.php(750): Illuminate\\Routing\\Router->runRoute(Object(Illuminate\\Http\\Request), Object(Illuminate\\Routing\\Route))
#36 F:\\Coding\\Web\\Laravel\\agenda\\agenda\\vendor\\laravel\\framework\\src\\Illuminate\\Routing\\Router.php(739): Illuminate\\Routing\\Router->dispatchToRoute(Object(Illuminate\\Http\\Request))
#37 F:\\Coding\\Web\\Laravel\\agenda\\agenda\\vendor\\laravel\\framework\\src\\Illuminate\\Foundation\\Http\\Kernel.php(200): Illuminate\\Routing\\Router->dispatch(Object(Illuminate\\Http\\Request))
#38 F:\\Coding\\Web\\Laravel\\agenda\\agenda\\vendor\\laravel\\framework\\src\\Illuminate\\Pipeline\\Pipeline.php(169): Illuminate\\Foundation\\Http\\Kernel->Illuminate\\Foundation\\Http\\{closure}(Object(Illuminate\\Http\\Request))
#39 F:\\Coding\\Web\\Laravel\\agenda\\agenda\\vendor\\livewire\\livewire\\src\\Features\\SupportDisablingBackButtonCache\\DisableBackButtonCacheMiddleware.php(19): Illuminate\\Pipeline\\Pipeline->Illuminate\\Pipeline\\{closure}(Object(Illuminate\\Http\\Request))
#40 F:\\Coding\\Web\\Laravel\\agenda\\agenda\\vendor\\laravel\\framework\\src\\Illuminate\\Pipeline\\Pipeline.php(208): Livewire\\Features\\SupportDisablingBackButtonCache\\DisableBackButtonCacheMiddleware->handle(Object(Illuminate\\Http\\Request), Object(Closure))
#41 F:\\Coding\\Web\\Laravel\\agenda\\agenda\\vendor\\laravel\\framework\\src\\Illuminate\\Foundation\\Http\\Middleware\\ConvertEmptyStringsToNull.php(27): Illuminate\\Pipeline\\Pipeline->Illuminate\\Pipeline\\{closure}(Object(Illuminate\\Http\\Request))
#42 F:\\Coding\\Web\\Laravel\\agenda\\agenda\\vendor\\laravel\\framework\\src\\Illuminate\\Pipeline\\Pipeline.php(208): Illuminate\\Foundation\\Http\\Middleware\\ConvertEmptyStringsToNull->handle(Object(Illuminate\\Http\\Request), Object(Closure))
#43 F:\\Coding\\Web\\Laravel\\agenda\\agenda\\vendor\\laravel\\framework\\src\\Illuminate\\Foundation\\Http\\Middleware\\TrimStrings.php(47): Illuminate\\Pipeline\\Pipeline->Illuminate\\Pipeline\\{closure}(Object(Illuminate\\Http\\Request))
#44 F:\\Coding\\Web\\Laravel\\agenda\\agenda\\vendor\\laravel\\framework\\src\\Illuminate\\Pipeline\\Pipeline.php(208): Illuminate\\Foundation\\Http\\Middleware\\TrimStrings->handle(Object(Illuminate\\Http\\Request), Object(Closure))
#45 F:\\Coding\\Web\\Laravel\\agenda\\agenda\\vendor\\laravel\\framework\\src\\Illuminate\\Http\\Middleware\\ValidatePostSize.php(27): Illuminate\\Pipeline\\Pipeline->Illuminate\\Pipeline\\{closure}(Object(Illuminate\\Http\\Request))
#46 F:\\Coding\\Web\\Laravel\\agenda\\agenda\\vendor\\laravel\\framework\\src\\Illuminate\\Pipeline\\Pipeline.php(208): Illuminate\\Http\\Middleware\\ValidatePostSize->handle(Object(Illuminate\\Http\\Request), Object(Closure))
#47 F:\\Coding\\Web\\Laravel\\agenda\\agenda\\vendor\\laravel\\framework\\src\\Illuminate\\Foundation\\Http\\Middleware\\PreventRequestsDuringMaintenance.php(109): Illuminate\\Pipeline\\Pipeline->Illuminate\\Pipeline\\{closure}(Object(Illuminate\\Http\\Request))
#48 F:\\Coding\\Web\\Laravel\\agenda\\agenda\\vendor\\laravel\\framework\\src\\Illuminate\\Pipeline\\Pipeline.php(208): Illuminate\\Foundation\\Http\\Middleware\\PreventRequestsDuringMaintenance->handle(Object(Illuminate\\Http\\Request), Object(Closure))
#49 F:\\Coding\\Web\\Laravel\\agenda\\agenda\\vendor\\laravel\\framework\\src\\Illuminate\\Http\\Middleware\\HandleCors.php(48): Illuminate\\Pipeline\\Pipeline->Illuminate\\Pipeline\\{closure}(Object(Illuminate\\Http\\Request))
#50 F:\\Coding\\Web\\Laravel\\agenda\\agenda\\vendor\\laravel\\framework\\src\\Illuminate\\Pipeline\\Pipeline.php(208): Illuminate\\Http\\Middleware\\HandleCors->handle(Object(Illuminate\\Http\\Request), Object(Closure))
#51 F:\\Coding\\Web\\Laravel\\agenda\\agenda\\vendor\\laravel\\framework\\src\\Illuminate\\Http\\Middleware\\TrustProxies.php(58): Illuminate\\Pipeline\\Pipeline->Illuminate\\Pipeline\\{closure}(Object(Illuminate\\Http\\Request))
#52 F:\\Coding\\Web\\Laravel\\agenda\\agenda\\vendor\\laravel\\framework\\src\\Illuminate\\Pipeline\\Pipeline.php(208): Illuminate\\Http\\Middleware\\TrustProxies->handle(Object(Illuminate\\Http\\Request), Object(Closure))
#53 F:\\Coding\\Web\\Laravel\\agenda\\agenda\\vendor\\laravel\\framework\\src\\Illuminate\\Foundation\\Http\\Middleware\\InvokeDeferredCallbacks.php(22): Illuminate\\Pipeline\\Pipeline->Illuminate\\Pipeline\\{closure}(Object(Illuminate\\Http\\Request))
#54 F:\\Coding\\Web\\Laravel\\agenda\\agenda\\vendor\\laravel\\framework\\src\\Illuminate\\Pipeline\\Pipeline.php(208): Illuminate\\Foundation\\Http\\Middleware\\InvokeDeferredCallbacks->handle(Object(Illuminate\\Http\\Request), Object(Closure))
#55 F:\\Coding\\Web\\Laravel\\agenda\\agenda\\vendor\\laravel\\framework\\src\\Illuminate\\Http\\Middleware\\ValidatePathEncoding.php(26): Illuminate\\Pipeline\\Pipeline->Illuminate\\Pipeline\\{closure}(Object(Illuminate\\Http\\Request))
#56 F:\\Coding\\Web\\Laravel\\agenda\\agenda\\vendor\\laravel\\framework\\src\\Illuminate\\Pipeline\\Pipeline.php(208): Illuminate\\Http\\Middleware\\ValidatePathEncoding->handle(Object(Illuminate\\Http\\Request), Object(Closure))
#57 F:\\Coding\\Web\\Laravel\\agenda\\agenda\\vendor\\laravel\\framework\\src\\Illuminate\\Pipeline\\Pipeline.php(126): Illuminate\\Pipeline\\Pipeline->Illuminate\\Pipeline\\{closure}(Object(Illuminate\\Http\\Request))
#58 F:\\Coding\\Web\\Laravel\\agenda\\agenda\\vendor\\laravel\\framework\\src\\Illuminate\\Foundation\\Http\\Kernel.php(175): Illuminate\\Pipeline\\Pipeline->then(Object(Closure))
#59 F:\\Coding\\Web\\Laravel\\agenda\\agenda\\vendor\\laravel\\framework\\src\\Illuminate\\Foundation\\Http\\Kernel.php(144): Illuminate\\Foundation\\Http\\Kernel->sendRequestThroughRouter(Object(Illuminate\\Http\\Request))
#60 F:\\Coding\\Web\\Laravel\\agenda\\agenda\\vendor\\laravel\\framework\\src\\Illuminate\\Foundation\\Application.php(1219): Illuminate\\Foundation\\Http\\Kernel->handle(Object(Illuminate\\Http\\Request))
#61 F:\\Coding\\Web\\Laravel\\agenda\\agenda\\public\\index.php(20): Illuminate\\Foundation\\Application->handleRequest(Object(Illuminate\\Http\\Request))
#62 F:\\Coding\\Web\\Laravel\\agenda\\agenda\\vendor\\laravel\\framework\\src\\Illuminate\\Foundation\\resources\\server.php(23): require_once('F:\\\\Coding\\\\Web\\\\L...')
#63 {main}

[previous exception] [object] (Illuminate\\View\\ViewException(code: 0): Method App\\Livewire\\CalendarAdmin::getTimeOptions does not exist. (View: F:\\Coding\\Web\\Laravel\\agenda\\agenda\\resources\\views\\partials\\modal-create.blade.php) at F:\\Coding\\Web\\Laravel\\agenda\\agenda\\vendor\\livewire\\livewire\\src\\Component.php:136)
[stacktrace]
#0 F:\\Coding\\Web\\Laravel\\agenda\\agenda\\vendor\\livewire\\livewire\\src\\Mechanisms\\ExtendBlade\\ExtendedCompilerEngine.php(58): Illuminate\\View\\Engines\\CompilerEngine->handleViewException(Object(BadMethodCallException), 2)
#1 F:\\Coding\\Web\\Laravel\\agenda\\agenda\\vendor\\livewire\\livewire\\src\\Mechanisms\\ExtendBlade\\ExtendedCompilerEngine.php(40): Livewire\\Mechanisms\\ExtendBlade\\ExtendedCompilerEngine->handleViewException(Object(BadMethodCallException), 2)
#2 F:\\Coding\\Web\\Laravel\\agenda\\agenda\\vendor\\laravel\\framework\\src\\Illuminate\\View\\Engines\\CompilerEngine.php(76): Livewire\\Mechanisms\\ExtendBlade\\ExtendedCompilerEngine->evaluatePath('F:\\\\Coding\\\\Web\\\\L...', Array)
#3 F:\\Coding\\Web\\Laravel\\agenda\\agenda\\vendor\\livewire\\livewire\\src\\Mechanisms\\ExtendBlade\\ExtendedCompilerEngine.php(16): Illuminate\\View\\Engines\\CompilerEngine->get('F:\\\\Coding\\\\Web\\\\L...', Array)
#4 F:\\Coding\\Web\\Laravel\\agenda\\agenda\\vendor\\laravel\\framework\\src\\Illuminate\\View\\View.php(208): Livewire\\Mechanisms\\ExtendBlade\\ExtendedCompilerEngine->get('F:\\\\Coding\\\\Web\\\\L...', Array)
#5 F:\\Coding\\Web\\Laravel\\agenda\\agenda\\vendor\\laravel\\framework\\src\\Illuminate\\View\\View.php(191): Illuminate\\View\\View->getContents()
#6 F:\\Coding\\Web\\Laravel\\agenda\\agenda\\vendor\\laravel\\framework\\src\\Illuminate\\View\\View.php(160): Illuminate\\View\\View->renderContents()
#7 F:\\Coding\\Web\\Laravel\\agenda\\agenda\\storage\\framework\\views\\2402510ce86b8be5b981a90d88f2e006.php(17): Illuminate\\View\\View->render()
#8 F:\\Coding\\Web\\Laravel\\agenda\\agenda\\vendor\\livewire\\livewire\\src\\Mechanisms\\ExtendBlade\\ExtendedCompilerEngine.php(37): include('F:\\\\Coding\\\\Web\\\\L...')
#9 F:\\Coding\\Web\\Laravel\\agenda\\agenda\\vendor\\livewire\\livewire\\src\\Mechanisms\\ExtendBlade\\ExtendedCompilerEngine.php(38): App\\Livewire\\CalendarAdmin->Livewire\\Mechanisms\\ExtendBlade\\{closure}()
#10 F:\\Coding\\Web\\Laravel\\agenda\\agenda\\vendor\\laravel\\framework\\src\\Illuminate\\View\\Engines\\CompilerEngine.php(76): Livewire\\Mechanisms\\ExtendBlade\\ExtendedCompilerEngine->evaluatePath('F:\\\\Coding\\\\Web\\\\L...', Array)
#11 F:\\Coding\\Web\\Laravel\\agenda\\agenda\\vendor\\livewire\\livewire\\src\\Mechanisms\\ExtendBlade\\ExtendedCompilerEngine.php(16): Illuminate\\View\\Engines\\CompilerEngine->get('F:\\\\Coding\\\\Web\\\\L...', Array)
#12 F:\\Coding\\Web\\Laravel\\agenda\\agenda\\vendor\\laravel\\framework\\src\\Illuminate\\View\\View.php(208): Livewire\\Mechanisms\\ExtendBlade\\ExtendedCompilerEngine->get('F:\\\\Coding\\\\Web\\\\L...', Array)
#13 F:\\Coding\\Web\\Laravel\\agenda\\agenda\\vendor\\laravel\\framework\\src\\Illuminate\\View\\View.php(191): Illuminate\\View\\View->getContents()
#14 F:\\Coding\\Web\\Laravel\\agenda\\agenda\\vendor\\laravel\\framework\\src\\Illuminate\\View\\View.php(160): Illuminate\\View\\View->renderContents()
#15 F:\\Coding\\Web\\Laravel\\agenda\\agenda\\vendor\\livewire\\livewire\\src\\Mechanisms\\HandleComponents\\HandleComponents.php(259): Illuminate\\View\\View->render(Object(Closure))
#16 F:\\Coding\\Web\\Laravel\\agenda\\agenda\\vendor\\livewire\\livewire\\src\\Mechanisms\\HandleComponents\\HandleComponents.php(303): Livewire\\Mechanisms\\HandleComponents\\HandleComponents->Livewire\\Mechanisms\\HandleComponents\\{closure}()
#17 F:\\Coding\\Web\\Laravel\\agenda\\agenda\\vendor\\livewire\\livewire\\src\\Mechanisms\\HandleComponents\\HandleComponents.php(251): Livewire\\Mechanisms\\HandleComponents\\HandleComponents->trackInRenderStack(Object(App\\Livewire\\CalendarAdmin), Object(Closure))
#18 F:\\Coding\\Web\\Laravel\\agenda\\agenda\\vendor\\livewire\\livewire\\src\\Mechanisms\\HandleComponents\\HandleComponents.php(104): Livewire\\Mechanisms\\HandleComponents\\HandleComponents->render(Object(App\\Livewire\\CalendarAdmin))
#19 F:\\Coding\\Web\\Laravel\\agenda\\agenda\\vendor\\livewire\\livewire\\src\\LivewireManager.php(102): Livewire\\Mechanisms\\HandleComponents\\HandleComponents->update(Array, Array, Array)
#20 F:\\Coding\\Web\\Laravel\\agenda\\agenda\\vendor\\livewire\\volt\\src\\LivewireManager.php(35): Livewire\\LivewireManager->update(Array, Array, Array)
#21 F:\\Coding\\Web\\Laravel\\agenda\\agenda\\vendor\\livewire\\livewire\\src\\Mechanisms\\HandleRequests\\HandleRequests.php(94): Livewire\\Volt\\LivewireManager->update(Array, Array, Array)
#22 F:\\Coding\\Web\\Laravel\\agenda\\agenda\\vendor\\laravel\\framework\\src\\Illuminate\\Routing\\ControllerDispatcher.php(46): Livewire\\Mechanisms\\HandleRequests\\HandleRequests->handleUpdate()
#23 F:\\Coding\\Web\\Laravel\\agenda\\agenda\\vendor\\laravel\\framework\\src\\Illuminate\\Routing\\Route.php(265): Illuminate\\Routing\\ControllerDispatcher->dispatch(Object(Illuminate\\Routing\\Route), Object(Livewire\\Mechanisms\\HandleRequests\\HandleRequests), 'handleUpdate')
#24 F:\\Coding\\Web\\Laravel\\agenda\\agenda\\vendor\\laravel\\framework\\src\\Illuminate\\Routing\\Route.php(211): Illuminate\\Routing\\Route->runController()
#25 F:\\Coding\\Web\\Laravel\\agenda\\agenda\\vendor\\laravel\\framework\\src\\Illuminate\\Routing\\Router.php(808): Illuminate\\Routing\\Route->run()
#26 F:\\Coding\\Web\\Laravel\\agenda\\agenda\\vendor\\laravel\\framework\\src\\Illuminate\\Pipeline\\Pipeline.php(169): Illuminate\\Routing\\Router->Illuminate\\Routing\\{closure}(Object(Illuminate\\Http\\Request))
#27 F:\\Coding\\Web\\Laravel\\agenda\\agenda\\vendor\\laravel\\framework\\src\\Illuminate\\Routing\\Middleware\\SubstituteBindings.php(50): Illuminate\\Pipeline\\Pipeline->Illuminate\\Pipeline\\{closure}(Object(Illuminate\\Http\\Request))
#28 F:\\Coding\\Web\\Laravel\\agenda\\agenda\\vendor\\laravel\\framework\\src\\Illuminate\\Pipeline\\Pipeline.php(208): Illuminate\\Routing\\Middleware\\SubstituteBindings->handle(Object(Illuminate\\Http\\Request), Object(Closure))
#29 F:\\Coding\\Web\\Laravel\\agenda\\agenda\\vendor\\laravel\\framework\\src\\Illuminate\\Foundation\\Http\\Middleware\\VerifyCsrfToken.php(87): Illuminate\\Pipeline\\Pipeline->Illuminate\\Pipeline\\{closure}(Object(Illuminate\\Http\\Request))
#30 F:\\Coding\\Web\\Laravel\\agenda\\agenda\\vendor\\laravel\\framework\\src\\Illuminate\\Pipeline\\Pipeline.php(208): Illuminate\\Foundation\\Http\\Middleware\\VerifyCsrfToken->handle(Object(Illuminate\\Http\\Request), Object(Closure))
#31 F:\\Coding\\Web\\Laravel\\agenda\\agenda\\vendor\\laravel\\framework\\src\\Illuminate\\View\\Middleware\\ShareErrorsFromSession.php(48): Illuminate\\Pipeline\\Pipeline->Illuminate\\Pipeline\\{closure}(Object(Illuminate\\Http\\Request))
#32 F:\\Coding\\Web\\Laravel\\agenda\\agenda\\vendor\\laravel\\framework\\src\\Illuminate\\Pipeline\\Pipeline.php(208): Illuminate\\View\\Middleware\\ShareErrorsFromSession->handle(Object(Illuminate\\Http\\Request), Object(Closure))
#33 F:\\Coding\\Web\\Laravel\\agenda\\agenda\\vendor\\laravel\\framework\\src\\Illuminate\\Session\\Middleware\\StartSession.php(120): Illuminate\\Pipeline\\Pipeline->Illuminate\\Pipeline\\{closure}(Object(Illuminate\\Http\\Request))
#34 F:\\Coding\\Web\\Laravel\\agenda\\agenda\\vendor\\laravel\\framework\\src\\Illuminate\\Session\\Middleware\\StartSession.php(63): Illuminate\\Session\\Middleware\\StartSession->handleStatefulRequest(Object(Illuminate\\Http\\Request), Object(Illuminate\\Session\\Store), Object(Closure))
#35 F:\\Coding\\Web\\Laravel\\agenda\\agenda\\vendor\\laravel\\framework\\src\\Illuminate\\Pipeline\\Pipeline.php(208): Illuminate\\Session\\Middleware\\StartSession->handle(Object(Illuminate\\Http\\Request), Object(Closure))
#36 F:\\Coding\\Web\\Laravel\\agenda\\agenda\\vendor\\laravel\\framework\\src\\Illuminate\\Cookie\\Middleware\\AddQueuedCookiesToResponse.php(36): Illuminate\\Pipeline\\Pipeline->Illuminate\\Pipeline\\{closure}(Object(Illuminate\\Http\\Request))
#37 F:\\Coding\\Web\\Laravel\\agenda\\agenda\\vendor\\laravel\\framework\\src\\Illuminate\\Pipeline\\Pipeline.php(208): Illuminate\\Cookie\\Middleware\\AddQueuedCookiesToResponse->handle(Object(Illuminate\\Http\\Request), Object(Closure))
#38 F:\\Coding\\Web\\Laravel\\agenda\\agenda\\vendor\\laravel\\framework\\src\\Illuminate\\Cookie\\Middleware\\EncryptCookies.php(74): Illuminate\\Pipeline\\Pipeline->Illuminate\\Pipeline\\{closure}(Object(Illuminate\\Http\\Request))
#39 F:\\Coding\\Web\\Laravel\\agenda\\agenda\\vendor\\laravel\\framework\\src\\Illuminate\\Pipeline\\Pipeline.php(208): Illuminate\\Cookie\\Middleware\\EncryptCookies->handle(Object(Illuminate\\Http\\Request), Object(Closure))
#40 F:\\Coding\\Web\\Laravel\\agenda\\agenda\\vendor\\laravel\\framework\\src\\Illuminate\\Pipeline\\Pipeline.php(126): Illuminate\\Pipeline\\Pipeline->Illuminate\\Pipeline\\{closure}(Object(Illuminate\\Http\\Request))
#41 F:\\Coding\\Web\\Laravel\\agenda\\agenda\\vendor\\laravel\\framework\\src\\Illuminate\\Routing\\Router.php(807): Illuminate\\Pipeline\\Pipeline->then(Object(Closure))
#42 F:\\Coding\\Web\\Laravel\\agenda\\agenda\\vendor\\laravel\\framework\\src\\Illuminate\\Routing\\Router.php(786): Illuminate\\Routing\\Router->runRouteWithinStack(Object(Illuminate\\Routing\\Route), Object(Illuminate\\Http\\Request))
#43 F:\\Coding\\Web\\Laravel\\agenda\\agenda\\vendor\\laravel\\framework\\src\\Illuminate\\Routing\\Router.php(750): Illuminate\\Routing\\Router->runRoute(Object(Illuminate\\Http\\Request), Object(Illuminate\\Routing\\Route))
#44 F:\\Coding\\Web\\Laravel\\agenda\\agenda\\vendor\\laravel\\framework\\src\\Illuminate\\Routing\\Router.php(739): Illuminate\\Routing\\Router->dispatchToRoute(Object(Illuminate\\Http\\Request))
#45 F:\\Coding\\Web\\Laravel\\agenda\\agenda\\vendor\\laravel\\framework\\src\\Illuminate\\Foundation\\Http\\Kernel.php(200): Illuminate\\Routing\\Router->dispatch(Object(Illuminate\\Http\\Request))
#46 F:\\Coding\\Web\\Laravel\\agenda\\agenda\\vendor\\laravel\\framework\\src\\Illuminate\\Pipeline\\Pipeline.php(169): Illuminate\\Foundation\\Http\\Kernel->Illuminate\\Foundation\\Http\\{closure}(Object(Illuminate\\Http\\Request))
#47 F:\\Coding\\Web\\Laravel\\agenda\\agenda\\vendor\\livewire\\livewire\\src\\Features\\SupportDisablingBackButtonCache\\DisableBackButtonCacheMiddleware.php(19): Illuminate\\Pipeline\\Pipeline->Illuminate\\Pipeline\\{closure}(Object(Illuminate\\Http\\Request))
#48 F:\\Coding\\Web\\Laravel\\agenda\\agenda\\vendor\\laravel\\framework\\src\\Illuminate\\Pipeline\\Pipeline.php(208): Livewire\\Features\\SupportDisablingBackButtonCache\\DisableBackButtonCacheMiddleware->handle(Object(Illuminate\\Http\\Request), Object(Closure))
#49 F:\\Coding\\Web\\Laravel\\agenda\\agenda\\vendor\\laravel\\framework\\src\\Illuminate\\Foundation\\Http\\Middleware\\ConvertEmptyStringsToNull.php(27): Illuminate\\Pipeline\\Pipeline->Illuminate\\Pipeline\\{closure}(Object(Illuminate\\Http\\Request))
#50 F:\\Coding\\Web\\Laravel\\agenda\\agenda\\vendor\\laravel\\framework\\src\\Illuminate\\Pipeline\\Pipeline.php(208): Illuminate\\Foundation\\Http\\Middleware\\ConvertEmptyStringsToNull->handle(Object(Illuminate\\Http\\Request), Object(Closure))
#51 F:\\Coding\\Web\\Laravel\\agenda\\agenda\\vendor\\laravel\\framework\\src\\Illuminate\\Foundation\\Http\\Middleware\\TrimStrings.php(47): Illuminate\\Pipeline\\Pipeline->Illuminate\\Pipeline\\{closure}(Object(Illuminate\\Http\\Request))
#52 F:\\Coding\\Web\\Laravel\\agenda\\agenda\\vendor\\laravel\\framework\\src\\Illuminate\\Pipeline\\Pipeline.php(208): Illuminate\\Foundation\\Http\\Middleware\\TrimStrings->handle(Object(Illuminate\\Http\\Request), Object(Closure))
#53 F:\\Coding\\Web\\Laravel\\agenda\\agenda\\vendor\\laravel\\framework\\src\\Illuminate\\Http\\Middleware\\ValidatePostSize.php(27): Illuminate\\Pipeline\\Pipeline->Illuminate\\Pipeline\\{closure}(Object(Illuminate\\Http\\Request))
#54 F:\\Coding\\Web\\Laravel\\agenda\\agenda\\vendor\\laravel\\framework\\src\\Illuminate\\Pipeline\\Pipeline.php(208): Illuminate\\Http\\Middleware\\ValidatePostSize->handle(Object(Illuminate\\Http\\Request), Object(Closure))
#55 F:\\Coding\\Web\\Laravel\\agenda\\agenda\\vendor\\laravel\\framework\\src\\Illuminate\\Foundation\\Http\\Middleware\\PreventRequestsDuringMaintenance.php(109): Illuminate\\Pipeline\\Pipeline->Illuminate\\Pipeline\\{closure}(Object(Illuminate\\Http\\Request))
#56 F:\\Coding\\Web\\Laravel\\agenda\\agenda\\vendor\\laravel\\framework\\src\\Illuminate\\Pipeline\\Pipeline.php(208): Illuminate\\Foundation\\Http\\Middleware\\PreventRequestsDuringMaintenance->handle(Object(Illuminate\\Http\\Request), Object(Closure))
#57 F:\\Coding\\Web\\Laravel\\agenda\\agenda\\vendor\\laravel\\framework\\src\\Illuminate\\Http\\Middleware\\HandleCors.php(48): Illuminate\\Pipeline\\Pipeline->Illuminate\\Pipeline\\{closure}(Object(Illuminate\\Http\\Request))
#58 F:\\Coding\\Web\\Laravel\\agenda\\agenda\\vendor\\laravel\\framework\\src\\Illuminate\\Pipeline\\Pipeline.php(208): Illuminate\\Http\\Middleware\\HandleCors->handle(Object(Illuminate\\Http\\Request), Object(Closure))
#59 F:\\Coding\\Web\\Laravel\\agenda\\agenda\\vendor\\laravel\\framework\\src\\Illuminate\\Http\\Middleware\\TrustProxies.php(58): Illuminate\\Pipeline\\Pipeline->Illuminate\\Pipeline\\{closure}(Object(Illuminate\\Http\\Request))
#60 F:\\Coding\\Web\\Laravel\\agenda\\agenda\\vendor\\laravel\\framework\\src\\Illuminate\\Pipeline\\Pipeline.php(208): Illuminate\\Http\\Middleware\\TrustProxies->handle(Object(Illuminate\\Http\\Request), Object(Closure))
#61 F:\\Coding\\Web\\Laravel\\agenda\\agenda\\vendor\\laravel\\framework\\src\\Illuminate\\Foundation\\Http\\Middleware\\InvokeDeferredCallbacks.php(22): Illuminate\\Pipeline\\Pipeline->Illuminate\\Pipeline\\{closure}(Object(Illuminate\\Http\\Request))
#62 F:\\Coding\\Web\\Laravel\\agenda\\agenda\\vendor\\laravel\\framework\\src\\Illuminate\\Pipeline\\Pipeline.php(208): Illuminate\\Foundation\\Http\\Middleware\\InvokeDeferredCallbacks->handle(Object(Illuminate\\Http\\Request), Object(Closure))
#63 F:\\Coding\\Web\\Laravel\\agenda\\agenda\\vendor\\laravel\\framework\\src\\Illuminate\\Http\\Middleware\\ValidatePathEncoding.php(26): Illuminate\\Pipeline\\Pipeline->Illuminate\\Pipeline\\{closure}(Object(Illuminate\\Http\\Request))
#64 F:\\Coding\\Web\\Laravel\\agenda\\agenda\\vendor\\laravel\\framework\\src\\Illuminate\\Pipeline\\Pipeline.php(208): Illuminate\\Http\\Middleware\\ValidatePathEncoding->handle(Object(Illuminate\\Http\\Request), Object(Closure))
#65 F:\\Coding\\Web\\Laravel\\agenda\\agenda\\vendor\\laravel\\framework\\src\\Illuminate\\Pipeline\\Pipeline.php(126): Illuminate\\Pipeline\\Pipeline->Illuminate\\Pipeline\\{closure}(Object(Illuminate\\Http\\Request))
#66 F:\\Coding\\Web\\Laravel\\agenda\\agenda\\vendor\\laravel\\framework\\src\\Illuminate\\Foundation\\Http\\Kernel.php(175): Illuminate\\Pipeline\\Pipeline->then(Object(Closure))
#67 F:\\Coding\\Web\\Laravel\\agenda\\agenda\\vendor\\laravel\\framework\\src\\Illuminate\\Foundation\\Http\\Kernel.php(144): Illuminate\\Foundation\\Http\\Kernel->sendRequestThroughRouter(Object(Illuminate\\Http\\Request))
#68 F:\\Coding\\Web\\Laravel\\agenda\\agenda\\vendor\\laravel\\framework\\src\\Illuminate\\Foundation\\Application.php(1219): Illuminate\\Foundation\\Http\\Kernel->handle(Object(Illuminate\\Http\\Request))
#69 F:\\Coding\\Web\\Laravel\\agenda\\agenda\\public\\index.php(20): Illuminate\\Foundation\\Application->handleRequest(Object(Illuminate\\Http\\Request))
#70 F:\\Coding\\Web\\Laravel\\agenda\\agenda\\vendor\\laravel\\framework\\src\\Illuminate\\Foundation\\resources\\server.php(23): require_once('F:\\\\Coding\\\\Web\\\\L...')
#71 {main}

[previous exception] [object] (BadMethodCallException(code: 0): Method App\\Livewire\\CalendarAdmin::getTimeOptions does not exist. at F:\\Coding\\Web\\Laravel\\agenda\\agenda\\vendor\\livewire\\livewire\\src\\Component.php:136)
[stacktrace]
#0 F:\\Coding\\Web\\Laravel\\agenda\\agenda\\storage\\framework\\views\\c552173cff25057dfa4cae194d5a5944.php(84): Livewire\\Component->__call('getTimeOptions', Array)
#1 F:\\Coding\\Web\\Laravel\\agenda\\agenda\\vendor\\livewire\\livewire\\src\\Mechanisms\\ExtendBlade\\ExtendedCompilerEngine.php(37): include('F:\\\\Coding\\\\Web\\\\L...')
#2 F:\\Coding\\Web\\Laravel\\agenda\\agenda\\vendor\\livewire\\livewire\\src\\Mechanisms\\ExtendBlade\\ExtendedCompilerEngine.php(38): App\\Livewire\\CalendarAdmin->Livewire\\Mechanisms\\ExtendBlade\\{closure}()
#3 F:\\Coding\\Web\\Laravel\\agenda\\agenda\\vendor\\laravel\\framework\\src\\Illuminate\\View\\Engines\\CompilerEngine.php(76): Livewire\\Mechanisms\\ExtendBlade\\ExtendedCompilerEngine->evaluatePath('F:\\\\Coding\\\\Web\\\\L...', Array)
#4 F:\\Coding\\Web\\Laravel\\agenda\\agenda\\vendor\\livewire\\livewire\\src\\Mechanisms\\ExtendBlade\\ExtendedCompilerEngine.php(16): Illuminate\\View\\Engines\\CompilerEngine->get('F:\\\\Coding\\\\Web\\\\L...', Array)
#5 F:\\Coding\\Web\\Laravel\\agenda\\agenda\\vendor\\laravel\\framework\\src\\Illuminate\\View\\View.php(208): Livewire\\Mechanisms\\ExtendBlade\\ExtendedCompilerEngine->get('F:\\\\Coding\\\\Web\\\\L...', Array)
#6 F:\\Coding\\Web\\Laravel\\agenda\\agenda\\vendor\\laravel\\framework\\src\\Illuminate\\View\\View.php(191): Illuminate\\View\\View->getContents()
#7 F:\\Coding\\Web\\Laravel\\agenda\\agenda\\vendor\\laravel\\framework\\src\\Illuminate\\View\\View.php(160): Illuminate\\View\\View->renderContents()
#8 F:\\Coding\\Web\\Laravel\\agenda\\agenda\\storage\\framework\\views\\2402510ce86b8be5b981a90d88f2e006.php(17): Illuminate\\View\\View->render()
#9 F:\\Coding\\Web\\Laravel\\agenda\\agenda\\vendor\\livewire\\livewire\\src\\Mechanisms\\ExtendBlade\\ExtendedCompilerEngine.php(37): include('F:\\\\Coding\\\\Web\\\\L...')
#10 F:\\Coding\\Web\\Laravel\\agenda\\agenda\\vendor\\livewire\\livewire\\src\\Mechanisms\\ExtendBlade\\ExtendedCompilerEngine.php(38): App\\Livewire\\CalendarAdmin->Livewire\\Mechanisms\\ExtendBlade\\{closure}()
#11 F:\\Coding\\Web\\Laravel\\agenda\\agenda\\vendor\\laravel\\framework\\src\\Illuminate\\View\\Engines\\CompilerEngine.php(76): Livewire\\Mechanisms\\ExtendBlade\\ExtendedCompilerEngine->evaluatePath('F:\\\\Coding\\\\Web\\\\L...', Array)
#12 F:\\Coding\\Web\\Laravel\\agenda\\agenda\\vendor\\livewire\\livewire\\src\\Mechanisms\\ExtendBlade\\ExtendedCompilerEngine.php(16): Illuminate\\View\\Engines\\CompilerEngine->get('F:\\\\Coding\\\\Web\\\\L...', Array)
#13 F:\\Coding\\Web\\Laravel\\agenda\\agenda\\vendor\\laravel\\framework\\src\\Illuminate\\View\\View.php(208): Livewire\\Mechanisms\\ExtendBlade\\ExtendedCompilerEngine->get('F:\\\\Coding\\\\Web\\\\L...', Array)
#14 F:\\Coding\\Web\\Laravel\\agenda\\agenda\\vendor\\laravel\\framework\\src\\Illuminate\\View\\View.php(191): Illuminate\\View\\View->getContents()
#15 F:\\Coding\\Web\\Laravel\\agenda\\agenda\\vendor\\laravel\\framework\\src\\Illuminate\\View\\View.php(160): Illuminate\\View\\View->renderContents()
#16 F:\\Coding\\Web\\Laravel\\agenda\\agenda\\vendor\\livewire\\livewire\\src\\Mechanisms\\HandleComponents\\HandleComponents.php(259): Illuminate\\View\\View->render(Object(Closure))
#17 F:\\Coding\\Web\\Laravel\\agenda\\agenda\\vendor\\livewire\\livewire\\src\\Mechanisms\\HandleComponents\\HandleComponents.php(303): Livewire\\Mechanisms\\HandleComponents\\HandleComponents->Livewire\\Mechanisms\\HandleComponents\\{closure}()
#18 F:\\Coding\\Web\\Laravel\\agenda\\agenda\\vendor\\livewire\\livewire\\src\\Mechanisms\\HandleComponents\\HandleComponents.php(251): Livewire\\Mechanisms\\HandleComponents\\HandleComponents->trackInRenderStack(Object(App\\Livewire\\CalendarAdmin), Object(Closure))
#19 F:\\Coding\\Web\\Laravel\\agenda\\agenda\\vendor\\livewire\\livewire\\src\\Mechanisms\\HandleComponents\\HandleComponents.php(104): Livewire\\Mechanisms\\HandleComponents\\HandleComponents->render(Object(App\\Livewire\\CalendarAdmin))
#20 F:\\Coding\\Web\\Laravel\\agenda\\agenda\\vendor\\livewire\\livewire\\src\\LivewireManager.php(102): Livewire\\Mechanisms\\HandleComponents\\HandleComponents->update(Array, Array, Array)
#21 F:\\Coding\\Web\\Laravel\\agenda\\agenda\\vendor\\livewire\\volt\\src\\LivewireManager.php(35): Livewire\\LivewireManager->update(Array, Array, Array)
#22 F:\\Coding\\Web\\Laravel\\agenda\\agenda\\vendor\\livewire\\livewire\\src\\Mechanisms\\HandleRequests\\HandleRequests.php(94): Livewire\\Volt\\LivewireManager->update(Array, Array, Array)
#23 F:\\Coding\\Web\\Laravel\\agenda\\agenda\\vendor\\laravel\\framework\\src\\Illuminate\\Routing\\ControllerDispatcher.php(46): Livewire\\Mechanisms\\HandleRequests\\HandleRequests->handleUpdate()
#24 F:\\Coding\\Web\\Laravel\\agenda\\agenda\\vendor\\laravel\\framework\\src\\Illuminate\\Routing\\Route.php(265): Illuminate\\Routing\\ControllerDispatcher->dispatch(Object(Illuminate\\Routing\\Route), Object(Livewire\\Mechanisms\\HandleRequests\\HandleRequests), 'handleUpdate')
#25 F:\\Coding\\Web\\Laravel\\agenda\\agenda\\vendor\\laravel\\framework\\src\\Illuminate\\Routing\\Route.php(211): Illuminate\\Routing\\Route->runController()
#26 F:\\Coding\\Web\\Laravel\\agenda\\agenda\\vendor\\laravel\\framework\\src\\Illuminate\\Routing\\Router.php(808): Illuminate\\Routing\\Route->run()
#27 F:\\Coding\\Web\\Laravel\\agenda\\agenda\\vendor\\laravel\\framework\\src\\Illuminate\\Pipeline\\Pipeline.php(169): Illuminate\\Routing\\Router->Illuminate\\Routing\\{closure}(Object(Illuminate\\Http\\Request))
#28 F:\\Coding\\Web\\Laravel\\agenda\\agenda\\vendor\\laravel\\framework\\src\\Illuminate\\Routing\\Middleware\\SubstituteBindings.php(50): Illuminate\\Pipeline\\Pipeline->Illuminate\\Pipeline\\{closure}(Object(Illuminate\\Http\\Request))
#29 F:\\Coding\\Web\\Laravel\\agenda\\agenda\\vendor\\laravel\\framework\\src\\Illuminate\\Pipeline\\Pipeline.php(208): Illuminate\\Routing\\Middleware\\SubstituteBindings->handle(Object(Illuminate\\Http\\Request), Object(Closure))
#30 F:\\Coding\\Web\\Laravel\\agenda\\agenda\\vendor\\laravel\\framework\\src\\Illuminate\\Foundation\\Http\\Middleware\\VerifyCsrfToken.php(87): Illuminate\\Pipeline\\Pipeline->Illuminate\\Pipeline\\{closure}(Object(Illuminate\\Http\\Request))
#31 F:\\Coding\\Web\\Laravel\\agenda\\agenda\\vendor\\laravel\\framework\\src\\Illuminate\\Pipeline\\Pipeline.php(208): Illuminate\\Foundation\\Http\\Middleware\\VerifyCsrfToken->handle(Object(Illuminate\\Http\\Request), Object(Closure))
#32 F:\\Coding\\Web\\Laravel\\agenda\\agenda\\vendor\\laravel\\framework\\src\\Illuminate\\View\\Middleware\\ShareErrorsFromSession.php(48): Illuminate\\Pipeline\\Pipeline->Illuminate\\Pipeline\\{closure}(Object(Illuminate\\Http\\Request))
#33 F:\\Coding\\Web\\Laravel\\agenda\\agenda\\vendor\\laravel\\framework\\src\\Illuminate\\Pipeline\\Pipeline.php(208): Illuminate\\View\\Middleware\\ShareErrorsFromSession->handle(Object(Illuminate\\Http\\Request), Object(Closure))
#34 F:\\Coding\\Web\\Laravel\\agenda\\agenda\\vendor\\laravel\\framework\\src\\Illuminate\\Session\\Middleware\\StartSession.php(120): Illuminate\\Pipeline\\Pipeline->Illuminate\\Pipeline\\{closure}(Object(Illuminate\\Http\\Request))
#35 F:\\Coding\\Web\\Laravel\\agenda\\agenda\\vendor\\laravel\\framework\\src\\Illuminate\\Session\\Middleware\\StartSession.php(63): Illuminate\\Session\\Middleware\\StartSession->handleStatefulRequest(Object(Illuminate\\Http\\Request), Object(Illuminate\\Session\\Store), Object(Closure))
#36 F:\\Coding\\Web\\Laravel\\agenda\\agenda\\vendor\\laravel\\framework\\src\\Illuminate\\Pipeline\\Pipeline.php(208): Illuminate\\Session\\Middleware\\StartSession->handle(Object(Illuminate\\Http\\Request), Object(Closure))
#37 F:\\Coding\\Web\\Laravel\\agenda\\agenda\\vendor\\laravel\\framework\\src\\Illuminate\\Cookie\\Middleware\\AddQueuedCookiesToResponse.php(36): Illuminate\\Pipeline\\Pipeline->Illuminate\\Pipeline\\{closure}(Object(Illuminate\\Http\\Request))
#38 F:\\Coding\\Web\\Laravel\\agenda\\agenda\\vendor\\laravel\\framework\\src\\Illuminate\\Pipeline\\Pipeline.php(208): Illuminate\\Cookie\\Middleware\\AddQueuedCookiesToResponse->handle(Object(Illuminate\\Http\\Request), Object(Closure))
#39 F:\\Coding\\Web\\Laravel\\agenda\\agenda\\vendor\\laravel\\framework\\src\\Illuminate\\Cookie\\Middleware\\EncryptCookies.php(74): Illuminate\\Pipeline\\Pipeline->Illuminate\\Pipeline\\{closure}(Object(Illuminate\\Http\\Request))
#40 F:\\Coding\\Web\\Laravel\\agenda\\agenda\\vendor\\laravel\\framework\\src\\Illuminate\\Pipeline\\Pipeline.php(208): Illuminate\\Cookie\\Middleware\\EncryptCookies->handle(Object(Illuminate\\Http\\Request), Object(Closure))
#41 F:\\Coding\\Web\\Laravel\\agenda\\agenda\\vendor\\laravel\\framework\\src\\Illuminate\\Pipeline\\Pipeline.php(126): Illuminate\\Pipeline\\Pipeline->Illuminate\\Pipeline\\{closure}(Object(Illuminate\\Http\\Request))
#42 F:\\Coding\\Web\\Laravel\\agenda\\agenda\\vendor\\laravel\\framework\\src\\Illuminate\\Routing\\Router.php(807): Illuminate\\Pipeline\\Pipeline->then(Object(Closure))
#43 F:\\Coding\\Web\\Laravel\\agenda\\agenda\\vendor\\laravel\\framework\\src\\Illuminate\\Routing\\Router.php(786): Illuminate\\Routing\\Router->runRouteWithinStack(Object(Illuminate\\Routing\\Route), Object(Illuminate\\Http\\Request))
#44 F:\\Coding\\Web\\Laravel\\agenda\\agenda\\vendor\\laravel\\framework\\src\\Illuminate\\Routing\\Router.php(750): Illuminate\\Routing\\Router->runRoute(Object(Illuminate\\Http\\Request), Object(Illuminate\\Routing\\Route))
#45 F:\\Coding\\Web\\Laravel\\agenda\\agenda\\vendor\\laravel\\framework\\src\\Illuminate\\Routing\\Router.php(739): Illuminate\\Routing\\Router->dispatchToRoute(Object(Illuminate\\Http\\Request))
#46 F:\\Coding\\Web\\Laravel\\agenda\\agenda\\vendor\\laravel\\framework\\src\\Illuminate\\Foundation\\Http\\Kernel.php(200): Illuminate\\Routing\\Router->dispatch(Object(Illuminate\\Http\\Request))
#47 F:\\Coding\\Web\\Laravel\\agenda\\agenda\\vendor\\laravel\\framework\\src\\Illuminate\\Pipeline\\Pipeline.php(169): Illuminate\\Foundation\\Http\\Kernel->Illuminate\\Foundation\\Http\\{closure}(Object(Illuminate\\Http\\Request))
#48 F:\\Coding\\Web\\Laravel\\agenda\\agenda\\vendor\\livewire\\livewire\\src\\Features\\SupportDisablingBackButtonCache\\DisableBackButtonCacheMiddleware.php(19): Illuminate\\Pipeline\\Pipeline->Illuminate\\Pipeline\\{closure}(Object(Illuminate\\Http\\Request))
#49 F:\\Coding\\Web\\Laravel\\agenda\\agenda\\vendor\\laravel\\framework\\src\\Illuminate\\Pipeline\\Pipeline.php(208): Livewire\\Features\\SupportDisablingBackButtonCache\\DisableBackButtonCacheMiddleware->handle(Object(Illuminate\\Http\\Request), Object(Closure))
#50 F:\\Coding\\Web\\Laravel\\agenda\\agenda\\vendor\\laravel\\framework\\src\\Illuminate\\Foundation\\Http\\Middleware\\ConvertEmptyStringsToNull.php(27): Illuminate\\Pipeline\\Pipeline->Illuminate\\Pipeline\\{closure}(Object(Illuminate\\Http\\Request))
#51 F:\\Coding\\Web\\Laravel\\agenda\\agenda\\vendor\\laravel\\framework\\src\\Illuminate\\Pipeline\\Pipeline.php(208): Illuminate\\Foundation\\Http\\Middleware\\ConvertEmptyStringsToNull->handle(Object(Illuminate\\Http\\Request), Object(Closure))
#52 F:\\Coding\\Web\\Laravel\\agenda\\agenda\\vendor\\laravel\\framework\\src\\Illuminate\\Foundation\\Http\\Middleware\\TrimStrings.php(47): Illuminate\\Pipeline\\Pipeline->Illuminate\\Pipeline\\{closure}(Object(Illuminate\\Http\\Request))
#53 F:\\Coding\\Web\\Laravel\\agenda\\agenda\\vendor\\laravel\\framework\\src\\Illuminate\\Pipeline\\Pipeline.php(208): Illuminate\\Foundation\\Http\\Middleware\\TrimStrings->handle(Object(Illuminate\\Http\\Request), Object(Closure))
#54 F:\\Coding\\Web\\Laravel\\agenda\\agenda\\vendor\\laravel\\framework\\src\\Illuminate\\Http\\Middleware\\ValidatePostSize.php(27): Illuminate\\Pipeline\\Pipeline->Illuminate\\Pipeline\\{closure}(Object(Illuminate\\Http\\Request))
#55 F:\\Coding\\Web\\Laravel\\agenda\\agenda\\vendor\\laravel\\framework\\src\\Illuminate\\Pipeline\\Pipeline.php(208): Illuminate\\Http\\Middleware\\ValidatePostSize->handle(Object(Illuminate\\Http\\Request), Object(Closure))
#56 F:\\Coding\\Web\\Laravel\\agenda\\agenda\\vendor\\laravel\\framework\\src\\Illuminate\\Foundation\\Http\\Middleware\\PreventRequestsDuringMaintenance.php(109): Illuminate\\Pipeline\\Pipeline->Illuminate\\Pipeline\\{closure}(Object(Illuminate\\Http\\Request))
#57 F:\\Coding\\Web\\Laravel\\agenda\\agenda\\vendor\\laravel\\framework\\src\\Illuminate\\Pipeline\\Pipeline.php(208): Illuminate\\Foundation\\Http\\Middleware\\PreventRequestsDuringMaintenance->handle(Object(Illuminate\\Http\\Request), Object(Closure))
#58 F:\\Coding\\Web\\Laravel\\agenda\\agenda\\vendor\\laravel\\framework\\src\\Illuminate\\Http\\Middleware\\HandleCors.php(48): Illuminate\\Pipeline\\Pipeline->Illuminate\\Pipeline\\{closure}(Object(Illuminate\\Http\\Request))
#59 F:\\Coding\\Web\\Laravel\\agenda\\agenda\\vendor\\laravel\\framework\\src\\Illuminate\\Pipeline\\Pipeline.php(208): Illuminate\\Http\\Middleware\\HandleCors->handle(Object(Illuminate\\Http\\Request), Object(Closure))
#60 F:\\Coding\\Web\\Laravel\\agenda\\agenda\\vendor\\laravel\\framework\\src\\Illuminate\\Http\\Middleware\\TrustProxies.php(58): Illuminate\\Pipeline\\Pipeline->Illuminate\\Pipeline\\{closure}(Object(Illuminate\\Http\\Request))
#61 F:\\Coding\\Web\\Laravel\\agenda\\agenda\\vendor\\laravel\\framework\\src\\Illuminate\\Pipeline\\Pipeline.php(208): Illuminate\\Http\\Middleware\\TrustProxies->handle(Object(Illuminate\\Http\\Request), Object(Closure))
#62 F:\\Coding\\Web\\Laravel\\agenda\\agenda\\vendor\\laravel\\framework\\src\\Illuminate\\Foundation\\Http\\Middleware\\InvokeDeferredCallbacks.php(22): Illuminate\\Pipeline\\Pipeline->Illuminate\\Pipeline\\{closure}(Object(Illuminate\\Http\\Request))
#63 F:\\Coding\\Web\\Laravel\\agenda\\agenda\\vendor\\laravel\\framework\\src\\Illuminate\\Pipeline\\Pipeline.php(208): Illuminate\\Foundation\\Http\\Middleware\\InvokeDeferredCallbacks->handle(Object(Illuminate\\Http\\Request), Object(Closure))
#64 F:\\Coding\\Web\\Laravel\\agenda\\agenda\\vendor\\laravel\\framework\\src\\Illuminate\\Http\\Middleware\\ValidatePathEncoding.php(26): Illuminate\\Pipeline\\Pipeline->Illuminate\\Pipeline\\{closure}(Object(Illuminate\\Http\\Request))
#65 F:\\Coding\\Web\\Laravel\\agenda\\agenda\\vendor\\laravel\\framework\\src\\Illuminate\\Pipeline\\Pipeline.php(208): Illuminate\\Http\\Middleware\\ValidatePathEncoding->handle(Object(Illuminate\\Http\\Request), Object(Closure))
#66 F:\\Coding\\Web\\Laravel\\agenda\\agenda\\vendor\\laravel\\framework\\src\\Illuminate\\Pipeline\\Pipeline.php(126): Illuminate\\Pipeline\\Pipeline->Illuminate\\Pipeline\\{closure}(Object(Illuminate\\Http\\Request))
#67 F:\\Coding\\Web\\Laravel\\agenda\\agenda\\vendor\\laravel\\framework\\src\\Illuminate\\Foundation\\Http\\Kernel.php(175): Illuminate\\Pipeline\\Pipeline->then(Object(Closure))
#68 F:\\Coding\\Web\\Laravel\\agenda\\agenda\\vendor\\laravel\\framework\\src\\Illuminate\\Foundation\\Http\\Kernel.php(144): Illuminate\\Foundation\\Http\\Kernel->sendRequestThroughRouter(Object(Illuminate\\Http\\Request))
#69 F:\\Coding\\Web\\Laravel\\agenda\\agenda\\vendor\\laravel\\framework\\src\\Illuminate\\Foundation\\Application.php(1219): Illuminate\\Foundation\\Http\\Kernel->handle(Object(Illuminate\\Http\\Request))
#70 F:\\Coding\\Web\\Laravel\\agenda\\agenda\\public\\index.php(20): Illuminate\\Foundation\\Application->handleRequest(Object(Illuminate\\Http\\Request))
#71 F:\\Coding\\Web\\Laravel\\agenda\\agenda\\vendor\\laravel\\framework\\src\\Illuminate\\Foundation\\resources\\server.php(23): require_once('F:\\\\Coding\\\\Web\\\\L...')
#72 {main}
"} 
[2025-09-09 00:01:27] local.ERROR: Method App\Livewire\CalendarAdmin::getTimeOptions does not exist. (View: F:\Coding\Web\Laravel\agenda\agenda\resources\views\partials\modal-create.blade.php) (View: F:\Coding\Web\Laravel\agenda\agenda\resources\views\partials\modal-create.blade.php) {"userId":1,"exception":"[object] (Illuminate\\View\\ViewException(code: 0): Method App\\Livewire\\CalendarAdmin::getTimeOptions does not exist. (View: F:\\Coding\\Web\\Laravel\\agenda\\agenda\\resources\\views\\partials\\modal-create.blade.php) (View: F:\\Coding\\Web\\Laravel\\agenda\\agenda\\resources\\views\\partials\\modal-create.blade.php) at F:\\Coding\\Web\\Laravel\\agenda\\agenda\\vendor\\livewire\\livewire\\src\\Component.php:136)
[stacktrace]
#0 F:\\Coding\\Web\\Laravel\\agenda\\agenda\\vendor\\livewire\\livewire\\src\\Mechanisms\\ExtendBlade\\ExtendedCompilerEngine.php(58): Illuminate\\View\\Engines\\CompilerEngine->handleViewException(Object(Illuminate\\View\\ViewException), 1)
#1 F:\\Coding\\Web\\Laravel\\agenda\\agenda\\vendor\\livewire\\livewire\\src\\Mechanisms\\ExtendBlade\\ExtendedCompilerEngine.php(40): Livewire\\Mechanisms\\ExtendBlade\\ExtendedCompilerEngine->handleViewException(Object(Illuminate\\View\\ViewException), 1)
#2 F:\\Coding\\Web\\Laravel\\agenda\\agenda\\vendor\\laravel\\framework\\src\\Illuminate\\View\\Engines\\CompilerEngine.php(76): Livewire\\Mechanisms\\ExtendBlade\\ExtendedCompilerEngine->evaluatePath('F:\\\\Coding\\\\Web\\\\L...', Array)
#3 F:\\Coding\\Web\\Laravel\\agenda\\agenda\\vendor\\livewire\\livewire\\src\\Mechanisms\\ExtendBlade\\ExtendedCompilerEngine.php(16): Illuminate\\View\\Engines\\CompilerEngine->get('F:\\\\Coding\\\\Web\\\\L...', Array)
#4 F:\\Coding\\Web\\Laravel\\agenda\\agenda\\vendor\\laravel\\framework\\src\\Illuminate\\View\\View.php(208): Livewire\\Mechanisms\\ExtendBlade\\ExtendedCompilerEngine->get('F:\\\\Coding\\\\Web\\\\L...', Array)
#5 F:\\Coding\\Web\\Laravel\\agenda\\agenda\\vendor\\laravel\\framework\\src\\Illuminate\\View\\View.php(191): Illuminate\\View\\View->getContents()
#6 F:\\Coding\\Web\\Laravel\\agenda\\agenda\\vendor\\laravel\\framework\\src\\Illuminate\\View\\View.php(160): Illuminate\\View\\View->renderContents()
#7 F:\\Coding\\Web\\Laravel\\agenda\\agenda\\vendor\\livewire\\livewire\\src\\Mechanisms\\HandleComponents\\HandleComponents.php(259): Illuminate\\View\\View->render(Object(Closure))
#8 F:\\Coding\\Web\\Laravel\\agenda\\agenda\\vendor\\livewire\\livewire\\src\\Mechanisms\\HandleComponents\\HandleComponents.php(303): Livewire\\Mechanisms\\HandleComponents\\HandleComponents->Livewire\\Mechanisms\\HandleComponents\\{closure}()
#9 F:\\Coding\\Web\\Laravel\\agenda\\agenda\\vendor\\livewire\\livewire\\src\\Mechanisms\\HandleComponents\\HandleComponents.php(251): Livewire\\Mechanisms\\HandleComponents\\HandleComponents->trackInRenderStack(Object(App\\Livewire\\CalendarAdmin), Object(Closure))
#10 F:\\Coding\\Web\\Laravel\\agenda\\agenda\\vendor\\livewire\\livewire\\src\\Mechanisms\\HandleComponents\\HandleComponents.php(104): Livewire\\Mechanisms\\HandleComponents\\HandleComponents->render(Object(App\\Livewire\\CalendarAdmin))
#11 F:\\Coding\\Web\\Laravel\\agenda\\agenda\\vendor\\livewire\\livewire\\src\\LivewireManager.php(102): Livewire\\Mechanisms\\HandleComponents\\HandleComponents->update(Array, Array, Array)
#12 F:\\Coding\\Web\\Laravel\\agenda\\agenda\\vendor\\livewire\\volt\\src\\LivewireManager.php(35): Livewire\\LivewireManager->update(Array, Array, Array)
#13 F:\\Coding\\Web\\Laravel\\agenda\\agenda\\vendor\\livewire\\livewire\\src\\Mechanisms\\HandleRequests\\HandleRequests.php(94): Livewire\\Volt\\LivewireManager->update(Array, Array, Array)
#14 F:\\Coding\\Web\\Laravel\\agenda\\agenda\\vendor\\laravel\\framework\\src\\Illuminate\\Routing\\ControllerDispatcher.php(46): Livewire\\Mechanisms\\HandleRequests\\HandleRequests->handleUpdate()
#15 F:\\Coding\\Web\\Laravel\\agenda\\agenda\\vendor\\laravel\\framework\\src\\Illuminate\\Routing\\Route.php(265): Illuminate\\Routing\\ControllerDispatcher->dispatch(Object(Illuminate\\Routing\\Route), Object(Livewire\\Mechanisms\\HandleRequests\\HandleRequests), 'handleUpdate')
#16 F:\\Coding\\Web\\Laravel\\agenda\\agenda\\vendor\\laravel\\framework\\src\\Illuminate\\Routing\\Route.php(211): Illuminate\\Routing\\Route->runController()
#17 F:\\Coding\\Web\\Laravel\\agenda\\agenda\\vendor\\laravel\\framework\\src\\Illuminate\\Routing\\Router.php(808): Illuminate\\Routing\\Route->run()
#18 F:\\Coding\\Web\\Laravel\\agenda\\agenda\\vendor\\laravel\\framework\\src\\Illuminate\\Pipeline\\Pipeline.php(169): Illuminate\\Routing\\Router->Illuminate\\Routing\\{closure}(Object(Illuminate\\Http\\Request))
#19 F:\\Coding\\Web\\Laravel\\agenda\\agenda\\vendor\\laravel\\framework\\src\\Illuminate\\Routing\\Middleware\\SubstituteBindings.php(50): Illuminate\\Pipeline\\Pipeline->Illuminate\\Pipeline\\{closure}(Object(Illuminate\\Http\\Request))
#20 F:\\Coding\\Web\\Laravel\\agenda\\agenda\\vendor\\laravel\\framework\\src\\Illuminate\\Pipeline\\Pipeline.php(208): Illuminate\\Routing\\Middleware\\SubstituteBindings->handle(Object(Illuminate\\Http\\Request), Object(Closure))
#21 F:\\Coding\\Web\\Laravel\\agenda\\agenda\\vendor\\laravel\\framework\\src\\Illuminate\\Foundation\\Http\\Middleware\\VerifyCsrfToken.php(87): Illuminate\\Pipeline\\Pipeline->Illuminate\\Pipeline\\{closure}(Object(Illuminate\\Http\\Request))
#22 F:\\Coding\\Web\\Laravel\\agenda\\agenda\\vendor\\laravel\\framework\\src\\Illuminate\\Pipeline\\Pipeline.php(208): Illuminate\\Foundation\\Http\\Middleware\\VerifyCsrfToken->handle(Object(Illuminate\\Http\\Request), Object(Closure))
#23 F:\\Coding\\Web\\Laravel\\agenda\\agenda\\vendor\\laravel\\framework\\src\\Illuminate\\View\\Middleware\\ShareErrorsFromSession.php(48): Illuminate\\Pipeline\\Pipeline->Illuminate\\Pipeline\\{closure}(Object(Illuminate\\Http\\Request))
#24 F:\\Coding\\Web\\Laravel\\agenda\\agenda\\vendor\\laravel\\framework\\src\\Illuminate\\Pipeline\\Pipeline.php(208): Illuminate\\View\\Middleware\\ShareErrorsFromSession->handle(Object(Illuminate\\Http\\Request), Object(Closure))
#25 F:\\Coding\\Web\\Laravel\\agenda\\agenda\\vendor\\laravel\\framework\\src\\Illuminate\\Session\\Middleware\\StartSession.php(120): Illuminate\\Pipeline\\Pipeline->Illuminate\\Pipeline\\{closure}(Object(Illuminate\\Http\\Request))
#26 F:\\Coding\\Web\\Laravel\\agenda\\agenda\\vendor\\laravel\\framework\\src\\Illuminate\\Session\\Middleware\\StartSession.php(63): Illuminate\\Session\\Middleware\\StartSession->handleStatefulRequest(Object(Illuminate\\Http\\Request), Object(Illuminate\\Session\\Store), Object(Closure))
#27 F:\\Coding\\Web\\Laravel\\agenda\\agenda\\vendor\\laravel\\framework\\src\\Illuminate\\Pipeline\\Pipeline.php(208): Illuminate\\Session\\Middleware\\StartSession->handle(Object(Illuminate\\Http\\Request), Object(Closure))
#28 F:\\Coding\\Web\\Laravel\\agenda\\agenda\\vendor\\laravel\\framework\\src\\Illuminate\\Cookie\\Middleware\\AddQueuedCookiesToResponse.php(36): Illuminate\\Pipeline\\Pipeline->Illuminate\\Pipeline\\{closure}(Object(Illuminate\\Http\\Request))
#29 F:\\Coding\\Web\\Laravel\\agenda\\agenda\\vendor\\laravel\\framework\\src\\Illuminate\\Pipeline\\Pipeline.php(208): Illuminate\\Cookie\\Middleware\\AddQueuedCookiesToResponse->handle(Object(Illuminate\\Http\\Request), Object(Closure))
#30 F:\\Coding\\Web\\Laravel\\agenda\\agenda\\vendor\\laravel\\framework\\src\\Illuminate\\Cookie\\Middleware\\EncryptCookies.php(74): Illuminate\\Pipeline\\Pipeline->Illuminate\\Pipeline\\{closure}(Object(Illuminate\\Http\\Request))
#31 F:\\Coding\\Web\\Laravel\\agenda\\agenda\\vendor\\laravel\\framework\\src\\Illuminate\\Pipeline\\Pipeline.php(208): Illuminate\\Cookie\\Middleware\\EncryptCookies->handle(Object(Illuminate\\Http\\Request), Object(Closure))
#32 F:\\Coding\\Web\\Laravel\\agenda\\agenda\\vendor\\laravel\\framework\\src\\Illuminate\\Pipeline\\Pipeline.php(126): Illuminate\\Pipeline\\Pipeline->Illuminate\\Pipeline\\{closure}(Object(Illuminate\\Http\\Request))
#33 F:\\Coding\\Web\\Laravel\\agenda\\agenda\\vendor\\laravel\\framework\\src\\Illuminate\\Routing\\Router.php(807): Illuminate\\Pipeline\\Pipeline->then(Object(Closure))
#34 F:\\Coding\\Web\\Laravel\\agenda\\agenda\\vendor\\laravel\\framework\\src\\Illuminate\\Routing\\Router.php(786): Illuminate\\Routing\\Router->runRouteWithinStack(Object(Illuminate\\Routing\\Route), Object(Illuminate\\Http\\Request))
#35 F:\\Coding\\Web\\Laravel\\agenda\\agenda\\vendor\\laravel\\framework\\src\\Illuminate\\Routing\\Router.php(750): Illuminate\\Routing\\Router->runRoute(Object(Illuminate\\Http\\Request), Object(Illuminate\\Routing\\Route))
#36 F:\\Coding\\Web\\Laravel\\agenda\\agenda\\vendor\\laravel\\framework\\src\\Illuminate\\Routing\\Router.php(739): Illuminate\\Routing\\Router->dispatchToRoute(Object(Illuminate\\Http\\Request))
#37 F:\\Coding\\Web\\Laravel\\agenda\\agenda\\vendor\\laravel\\framework\\src\\Illuminate\\Foundation\\Http\\Kernel.php(200): Illuminate\\Routing\\Router->dispatch(Object(Illuminate\\Http\\Request))
#38 F:\\Coding\\Web\\Laravel\\agenda\\agenda\\vendor\\laravel\\framework\\src\\Illuminate\\Pipeline\\Pipeline.php(169): Illuminate\\Foundation\\Http\\Kernel->Illuminate\\Foundation\\Http\\{closure}(Object(Illuminate\\Http\\Request))
#39 F:\\Coding\\Web\\Laravel\\agenda\\agenda\\vendor\\livewire\\livewire\\src\\Features\\SupportDisablingBackButtonCache\\DisableBackButtonCacheMiddleware.php(19): Illuminate\\Pipeline\\Pipeline->Illuminate\\Pipeline\\{closure}(Object(Illuminate\\Http\\Request))
#40 F:\\Coding\\Web\\Laravel\\agenda\\agenda\\vendor\\laravel\\framework\\src\\Illuminate\\Pipeline\\Pipeline.php(208): Livewire\\Features\\SupportDisablingBackButtonCache\\DisableBackButtonCacheMiddleware->handle(Object(Illuminate\\Http\\Request), Object(Closure))
#41 F:\\Coding\\Web\\Laravel\\agenda\\agenda\\vendor\\laravel\\framework\\src\\Illuminate\\Foundation\\Http\\Middleware\\ConvertEmptyStringsToNull.php(27): Illuminate\\Pipeline\\Pipeline->Illuminate\\Pipeline\\{closure}(Object(Illuminate\\Http\\Request))
#42 F:\\Coding\\Web\\Laravel\\agenda\\agenda\\vendor\\laravel\\framework\\src\\Illuminate\\Pipeline\\Pipeline.php(208): Illuminate\\Foundation\\Http\\Middleware\\ConvertEmptyStringsToNull->handle(Object(Illuminate\\Http\\Request), Object(Closure))
#43 F:\\Coding\\Web\\Laravel\\agenda\\agenda\\vendor\\laravel\\framework\\src\\Illuminate\\Foundation\\Http\\Middleware\\TrimStrings.php(47): Illuminate\\Pipeline\\Pipeline->Illuminate\\Pipeline\\{closure}(Object(Illuminate\\Http\\Request))
#44 F:\\Coding\\Web\\Laravel\\agenda\\agenda\\vendor\\laravel\\framework\\src\\Illuminate\\Pipeline\\Pipeline.php(208): Illuminate\\Foundation\\Http\\Middleware\\TrimStrings->handle(Object(Illuminate\\Http\\Request), Object(Closure))
#45 F:\\Coding\\Web\\Laravel\\agenda\\agenda\\vendor\\laravel\\framework\\src\\Illuminate\\Http\\Middleware\\ValidatePostSize.php(27): Illuminate\\Pipeline\\Pipeline->Illuminate\\Pipeline\\{closure}(Object(Illuminate\\Http\\Request))
#46 F:\\Coding\\Web\\Laravel\\agenda\\agenda\\vendor\\laravel\\framework\\src\\Illuminate\\Pipeline\\Pipeline.php(208): Illuminate\\Http\\Middleware\\ValidatePostSize->handle(Object(Illuminate\\Http\\Request), Object(Closure))
#47 F:\\Coding\\Web\\Laravel\\agenda\\agenda\\vendor\\laravel\\framework\\src\\Illuminate\\Foundation\\Http\\Middleware\\PreventRequestsDuringMaintenance.php(109): Illuminate\\Pipeline\\Pipeline->Illuminate\\Pipeline\\{closure}(Object(Illuminate\\Http\\Request))
#48 F:\\Coding\\Web\\Laravel\\agenda\\agenda\\vendor\\laravel\\framework\\src\\Illuminate\\Pipeline\\Pipeline.php(208): Illuminate\\Foundation\\Http\\Middleware\\PreventRequestsDuringMaintenance->handle(Object(Illuminate\\Http\\Request), Object(Closure))
#49 F:\\Coding\\Web\\Laravel\\agenda\\agenda\\vendor\\laravel\\framework\\src\\Illuminate\\Http\\Middleware\\HandleCors.php(48): Illuminate\\Pipeline\\Pipeline->Illuminate\\Pipeline\\{closure}(Object(Illuminate\\Http\\Request))
#50 F:\\Coding\\Web\\Laravel\\agenda\\agenda\\vendor\\laravel\\framework\\src\\Illuminate\\Pipeline\\Pipeline.php(208): Illuminate\\Http\\Middleware\\HandleCors->handle(Object(Illuminate\\Http\\Request), Object(Closure))
#51 F:\\Coding\\Web\\Laravel\\agenda\\agenda\\vendor\\laravel\\framework\\src\\Illuminate\\Http\\Middleware\\TrustProxies.php(58): Illuminate\\Pipeline\\Pipeline->Illuminate\\Pipeline\\{closure}(Object(Illuminate\\Http\\Request))
#52 F:\\Coding\\Web\\Laravel\\agenda\\agenda\\vendor\\laravel\\framework\\src\\Illuminate\\Pipeline\\Pipeline.php(208): Illuminate\\Http\\Middleware\\TrustProxies->handle(Object(Illuminate\\Http\\Request), Object(Closure))
#53 F:\\Coding\\Web\\Laravel\\agenda\\agenda\\vendor\\laravel\\framework\\src\\Illuminate\\Foundation\\Http\\Middleware\\InvokeDeferredCallbacks.php(22): Illuminate\\Pipeline\\Pipeline->Illuminate\\Pipeline\\{closure}(Object(Illuminate\\Http\\Request))
#54 F:\\Coding\\Web\\Laravel\\agenda\\agenda\\vendor\\laravel\\framework\\src\\Illuminate\\Pipeline\\Pipeline.php(208): Illuminate\\Foundation\\Http\\Middleware\\InvokeDeferredCallbacks->handle(Object(Illuminate\\Http\\Request), Object(Closure))
#55 F:\\Coding\\Web\\Laravel\\agenda\\agenda\\vendor\\laravel\\framework\\src\\Illuminate\\Http\\Middleware\\ValidatePathEncoding.php(26): Illuminate\\Pipeline\\Pipeline->Illuminate\\Pipeline\\{closure}(Object(Illuminate\\Http\\Request))
#56 F:\\Coding\\Web\\Laravel\\agenda\\agenda\\vendor\\laravel\\framework\\src\\Illuminate\\Pipeline\\Pipeline.php(208): Illuminate\\Http\\Middleware\\ValidatePathEncoding->handle(Object(Illuminate\\Http\\Request), Object(Closure))
#57 F:\\Coding\\Web\\Laravel\\agenda\\agenda\\vendor\\laravel\\framework\\src\\Illuminate\\Pipeline\\Pipeline.php(126): Illuminate\\Pipeline\\Pipeline->Illuminate\\Pipeline\\{closure}(Object(Illuminate\\Http\\Request))
#58 F:\\Coding\\Web\\Laravel\\agenda\\agenda\\vendor\\laravel\\framework\\src\\Illuminate\\Foundation\\Http\\Kernel.php(175): Illuminate\\Pipeline\\Pipeline->then(Object(Closure))
#59 F:\\Coding\\Web\\Laravel\\agenda\\agenda\\vendor\\laravel\\framework\\src\\Illuminate\\Foundation\\Http\\Kernel.php(144): Illuminate\\Foundation\\Http\\Kernel->sendRequestThroughRouter(Object(Illuminate\\Http\\Request))
#60 F:\\Coding\\Web\\Laravel\\agenda\\agenda\\vendor\\laravel\\framework\\src\\Illuminate\\Foundation\\Application.php(1219): Illuminate\\Foundation\\Http\\Kernel->handle(Object(Illuminate\\Http\\Request))
#61 F:\\Coding\\Web\\Laravel\\agenda\\agenda\\public\\index.php(20): Illuminate\\Foundation\\Application->handleRequest(Object(Illuminate\\Http\\Request))
#62 F:\\Coding\\Web\\Laravel\\agenda\\agenda\\vendor\\laravel\\framework\\src\\Illuminate\\Foundation\\resources\\server.php(23): require_once('F:\\\\Coding\\\\Web\\\\L...')
#63 {main}

[previous exception] [object] (Illuminate\\View\\ViewException(code: 0): Method App\\Livewire\\CalendarAdmin::getTimeOptions does not exist. (View: F:\\Coding\\Web\\Laravel\\agenda\\agenda\\resources\\views\\partials\\modal-create.blade.php) at F:\\Coding\\Web\\Laravel\\agenda\\agenda\\vendor\\livewire\\livewire\\src\\Component.php:136)
[stacktrace]
#0 F:\\Coding\\Web\\Laravel\\agenda\\agenda\\vendor\\livewire\\livewire\\src\\Mechanisms\\ExtendBlade\\ExtendedCompilerEngine.php(58): Illuminate\\View\\Engines\\CompilerEngine->handleViewException(Object(BadMethodCallException), 2)
#1 F:\\Coding\\Web\\Laravel\\agenda\\agenda\\vendor\\livewire\\livewire\\src\\Mechanisms\\ExtendBlade\\ExtendedCompilerEngine.php(40): Livewire\\Mechanisms\\ExtendBlade\\ExtendedCompilerEngine->handleViewException(Object(BadMethodCallException), 2)
#2 F:\\Coding\\Web\\Laravel\\agenda\\agenda\\vendor\\laravel\\framework\\src\\Illuminate\\View\\Engines\\CompilerEngine.php(76): Livewire\\Mechanisms\\ExtendBlade\\ExtendedCompilerEngine->evaluatePath('F:\\\\Coding\\\\Web\\\\L...', Array)
#3 F:\\Coding\\Web\\Laravel\\agenda\\agenda\\vendor\\livewire\\livewire\\src\\Mechanisms\\ExtendBlade\\ExtendedCompilerEngine.php(16): Illuminate\\View\\Engines\\CompilerEngine->get('F:\\\\Coding\\\\Web\\\\L...', Array)
#4 F:\\Coding\\Web\\Laravel\\agenda\\agenda\\vendor\\laravel\\framework\\src\\Illuminate\\View\\View.php(208): Livewire\\Mechanisms\\ExtendBlade\\ExtendedCompilerEngine->get('F:\\\\Coding\\\\Web\\\\L...', Array)
#5 F:\\Coding\\Web\\Laravel\\agenda\\agenda\\vendor\\laravel\\framework\\src\\Illuminate\\View\\View.php(191): Illuminate\\View\\View->getContents()
#6 F:\\Coding\\Web\\Laravel\\agenda\\agenda\\vendor\\laravel\\framework\\src\\Illuminate\\View\\View.php(160): Illuminate\\View\\View->renderContents()
#7 F:\\Coding\\Web\\Laravel\\agenda\\agenda\\storage\\framework\\views\\2402510ce86b8be5b981a90d88f2e006.php(17): Illuminate\\View\\View->render()
#8 F:\\Coding\\Web\\Laravel\\agenda\\agenda\\vendor\\livewire\\livewire\\src\\Mechanisms\\ExtendBlade\\ExtendedCompilerEngine.php(37): include('F:\\\\Coding\\\\Web\\\\L...')
#9 F:\\Coding\\Web\\Laravel\\agenda\\agenda\\vendor\\livewire\\livewire\\src\\Mechanisms\\ExtendBlade\\ExtendedCompilerEngine.php(38): App\\Livewire\\CalendarAdmin->Livewire\\Mechanisms\\ExtendBlade\\{closure}()
#10 F:\\Coding\\Web\\Laravel\\agenda\\agenda\\vendor\\laravel\\framework\\src\\Illuminate\\View\\Engines\\CompilerEngine.php(76): Livewire\\Mechanisms\\ExtendBlade\\ExtendedCompilerEngine->evaluatePath('F:\\\\Coding\\\\Web\\\\L...', Array)
#11 F:\\Coding\\Web\\Laravel\\agenda\\agenda\\vendor\\livewire\\livewire\\src\\Mechanisms\\ExtendBlade\\ExtendedCompilerEngine.php(16): Illuminate\\View\\Engines\\CompilerEngine->get('F:\\\\Coding\\\\Web\\\\L...', Array)
#12 F:\\Coding\\Web\\Laravel\\agenda\\agenda\\vendor\\laravel\\framework\\src\\Illuminate\\View\\View.php(208): Livewire\\Mechanisms\\ExtendBlade\\ExtendedCompilerEngine->get('F:\\\\Coding\\\\Web\\\\L...', Array)
#13 F:\\Coding\\Web\\Laravel\\agenda\\agenda\\vendor\\laravel\\framework\\src\\Illuminate\\View\\View.php(191): Illuminate\\View\\View->getContents()
#14 F:\\Coding\\Web\\Laravel\\agenda\\agenda\\vendor\\laravel\\framework\\src\\Illuminate\\View\\View.php(160): Illuminate\\View\\View->renderContents()
#15 F:\\Coding\\Web\\Laravel\\agenda\\agenda\\vendor\\livewire\\livewire\\src\\Mechanisms\\HandleComponents\\HandleComponents.php(259): Illuminate\\View\\View->render(Object(Closure))
#16 F:\\Coding\\Web\\Laravel\\agenda\\agenda\\vendor\\livewire\\livewire\\src\\Mechanisms\\HandleComponents\\HandleComponents.php(303): Livewire\\Mechanisms\\HandleComponents\\HandleComponents->Livewire\\Mechanisms\\HandleComponents\\{closure}()
#17 F:\\Coding\\Web\\Laravel\\agenda\\agenda\\vendor\\livewire\\livewire\\src\\Mechanisms\\HandleComponents\\HandleComponents.php(251): Livewire\\Mechanisms\\HandleComponents\\HandleComponents->trackInRenderStack(Object(App\\Livewire\\CalendarAdmin), Object(Closure))
#18 F:\\Coding\\Web\\Laravel\\agenda\\agenda\\vendor\\livewire\\livewire\\src\\Mechanisms\\HandleComponents\\HandleComponents.php(104): Livewire\\Mechanisms\\HandleComponents\\HandleComponents->render(Object(App\\Livewire\\CalendarAdmin))
#19 F:\\Coding\\Web\\Laravel\\agenda\\agenda\\vendor\\livewire\\livewire\\src\\LivewireManager.php(102): Livewire\\Mechanisms\\HandleComponents\\HandleComponents->update(Array, Array, Array)
#20 F:\\Coding\\Web\\Laravel\\agenda\\agenda\\vendor\\livewire\\volt\\src\\LivewireManager.php(35): Livewire\\LivewireManager->update(Array, Array, Array)
#21 F:\\Coding\\Web\\Laravel\\agenda\\agenda\\vendor\\livewire\\livewire\\src\\Mechanisms\\HandleRequests\\HandleRequests.php(94): Livewire\\Volt\\LivewireManager->update(Array, Array, Array)
#22 F:\\Coding\\Web\\Laravel\\agenda\\agenda\\vendor\\laravel\\framework\\src\\Illuminate\\Routing\\ControllerDispatcher.php(46): Livewire\\Mechanisms\\HandleRequests\\HandleRequests->handleUpdate()
#23 F:\\Coding\\Web\\Laravel\\agenda\\agenda\\vendor\\laravel\\framework\\src\\Illuminate\\Routing\\Route.php(265): Illuminate\\Routing\\ControllerDispatcher->dispatch(Object(Illuminate\\Routing\\Route), Object(Livewire\\Mechanisms\\HandleRequests\\HandleRequests), 'handleUpdate')
#24 F:\\Coding\\Web\\Laravel\\agenda\\agenda\\vendor\\laravel\\framework\\src\\Illuminate\\Routing\\Route.php(211): Illuminate\\Routing\\Route->runController()
#25 F:\\Coding\\Web\\Laravel\\agenda\\agenda\\vendor\\laravel\\framework\\src\\Illuminate\\Routing\\Router.php(808): Illuminate\\Routing\\Route->run()
#26 F:\\Coding\\Web\\Laravel\\agenda\\agenda\\vendor\\laravel\\framework\\src\\Illuminate\\Pipeline\\Pipeline.php(169): Illuminate\\Routing\\Router->Illuminate\\Routing\\{closure}(Object(Illuminate\\Http\\Request))
#27 F:\\Coding\\Web\\Laravel\\agenda\\agenda\\vendor\\laravel\\framework\\src\\Illuminate\\Routing\\Middleware\\SubstituteBindings.php(50): Illuminate\\Pipeline\\Pipeline->Illuminate\\Pipeline\\{closure}(Object(Illuminate\\Http\\Request))
#28 F:\\Coding\\Web\\Laravel\\agenda\\agenda\\vendor\\laravel\\framework\\src\\Illuminate\\Pipeline\\Pipeline.php(208): Illuminate\\Routing\\Middleware\\SubstituteBindings->handle(Object(Illuminate\\Http\\Request), Object(Closure))
#29 F:\\Coding\\Web\\Laravel\\agenda\\agenda\\vendor\\laravel\\framework\\src\\Illuminate\\Foundation\\Http\\Middleware\\VerifyCsrfToken.php(87): Illuminate\\Pipeline\\Pipeline->Illuminate\\Pipeline\\{closure}(Object(Illuminate\\Http\\Request))
#30 F:\\Coding\\Web\\Laravel\\agenda\\agenda\\vendor\\laravel\\framework\\src\\Illuminate\\Pipeline\\Pipeline.php(208): Illuminate\\Foundation\\Http\\Middleware\\VerifyCsrfToken->handle(Object(Illuminate\\Http\\Request), Object(Closure))
#31 F:\\Coding\\Web\\Laravel\\agenda\\agenda\\vendor\\laravel\\framework\\src\\Illuminate\\View\\Middleware\\ShareErrorsFromSession.php(48): Illuminate\\Pipeline\\Pipeline->Illuminate\\Pipeline\\{closure}(Object(Illuminate\\Http\\Request))
#32 F:\\Coding\\Web\\Laravel\\agenda\\agenda\\vendor\\laravel\\framework\\src\\Illuminate\\Pipeline\\Pipeline.php(208): Illuminate\\View\\Middleware\\ShareErrorsFromSession->handle(Object(Illuminate\\Http\\Request), Object(Closure))
#33 F:\\Coding\\Web\\Laravel\\agenda\\agenda\\vendor\\laravel\\framework\\src\\Illuminate\\Session\\Middleware\\StartSession.php(120): Illuminate\\Pipeline\\Pipeline->Illuminate\\Pipeline\\{closure}(Object(Illuminate\\Http\\Request))
#34 F:\\Coding\\Web\\Laravel\\agenda\\agenda\\vendor\\laravel\\framework\\src\\Illuminate\\Session\\Middleware\\StartSession.php(63): Illuminate\\Session\\Middleware\\StartSession->handleStatefulRequest(Object(Illuminate\\Http\\Request), Object(Illuminate\\Session\\Store), Object(Closure))
#35 F:\\Coding\\Web\\Laravel\\agenda\\agenda\\vendor\\laravel\\framework\\src\\Illuminate\\Pipeline\\Pipeline.php(208): Illuminate\\Session\\Middleware\\StartSession->handle(Object(Illuminate\\Http\\Request), Object(Closure))
#36 F:\\Coding\\Web\\Laravel\\agenda\\agenda\\vendor\\laravel\\framework\\src\\Illuminate\\Cookie\\Middleware\\AddQueuedCookiesToResponse.php(36): Illuminate\\Pipeline\\Pipeline->Illuminate\\Pipeline\\{closure}(Object(Illuminate\\Http\\Request))
#37 F:\\Coding\\Web\\Laravel\\agenda\\agenda\\vendor\\laravel\\framework\\src\\Illuminate\\Pipeline\\Pipeline.php(208): Illuminate\\Cookie\\Middleware\\AddQueuedCookiesToResponse->handle(Object(Illuminate\\Http\\Request), Object(Closure))
#38 F:\\Coding\\Web\\Laravel\\agenda\\agenda\\vendor\\laravel\\framework\\src\\Illuminate\\Cookie\\Middleware\\EncryptCookies.php(74): Illuminate\\Pipeline\\Pipeline->Illuminate\\Pipeline\\{closure}(Object(Illuminate\\Http\\Request))
#39 F:\\Coding\\Web\\Laravel\\agenda\\agenda\\vendor\\laravel\\framework\\src\\Illuminate\\Pipeline\\Pipeline.php(208): Illuminate\\Cookie\\Middleware\\EncryptCookies->handle(Object(Illuminate\\Http\\Request), Object(Closure))
#40 F:\\Coding\\Web\\Laravel\\agenda\\agenda\\vendor\\laravel\\framework\\src\\Illuminate\\Pipeline\\Pipeline.php(126): Illuminate\\Pipeline\\Pipeline->Illuminate\\Pipeline\\{closure}(Object(Illuminate\\Http\\Request))
#41 F:\\Coding\\Web\\Laravel\\agenda\\agenda\\vendor\\laravel\\framework\\src\\Illuminate\\Routing\\Router.php(807): Illuminate\\Pipeline\\Pipeline->then(Object(Closure))
#42 F:\\Coding\\Web\\Laravel\\agenda\\agenda\\vendor\\laravel\\framework\\src\\Illuminate\\Routing\\Router.php(786): Illuminate\\Routing\\Router->runRouteWithinStack(Object(Illuminate\\Routing\\Route), Object(Illuminate\\Http\\Request))
#43 F:\\Coding\\Web\\Laravel\\agenda\\agenda\\vendor\\laravel\\framework\\src\\Illuminate\\Routing\\Router.php(750): Illuminate\\Routing\\Router->runRoute(Object(Illuminate\\Http\\Request), Object(Illuminate\\Routing\\Route))
#44 F:\\Coding\\Web\\Laravel\\agenda\\agenda\\vendor\\laravel\\framework\\src\\Illuminate\\Routing\\Router.php(739): Illuminate\\Routing\\Router->dispatchToRoute(Object(Illuminate\\Http\\Request))
#45 F:\\Coding\\Web\\Laravel\\agenda\\agenda\\vendor\\laravel\\framework\\src\\Illuminate\\Foundation\\Http\\Kernel.php(200): Illuminate\\Routing\\Router->dispatch(Object(Illuminate\\Http\\Request))
#46 F:\\Coding\\Web\\Laravel\\agenda\\agenda\\vendor\\laravel\\framework\\src\\Illuminate\\Pipeline\\Pipeline.php(169): Illuminate\\Foundation\\Http\\Kernel->Illuminate\\Foundation\\Http\\{closure}(Object(Illuminate\\Http\\Request))
#47 F:\\Coding\\Web\\Laravel\\agenda\\agenda\\vendor\\livewire\\livewire\\src\\Features\\SupportDisablingBackButtonCache\\DisableBackButtonCacheMiddleware.php(19): Illuminate\\Pipeline\\Pipeline->Illuminate\\Pipeline\\{closure}(Object(Illuminate\\Http\\Request))
#48 F:\\Coding\\Web\\Laravel\\agenda\\agenda\\vendor\\laravel\\framework\\src\\Illuminate\\Pipeline\\Pipeline.php(208): Livewire\\Features\\SupportDisablingBackButtonCache\\DisableBackButtonCacheMiddleware->handle(Object(Illuminate\\Http\\Request), Object(Closure))
#49 F:\\Coding\\Web\\Laravel\\agenda\\agenda\\vendor\\laravel\\framework\\src\\Illuminate\\Foundation\\Http\\Middleware\\ConvertEmptyStringsToNull.php(27): Illuminate\\Pipeline\\Pipeline->Illuminate\\Pipeline\\{closure}(Object(Illuminate\\Http\\Request))
#50 F:\\Coding\\Web\\Laravel\\agenda\\agenda\\vendor\\laravel\\framework\\src\\Illuminate\\Pipeline\\Pipeline.php(208): Illuminate\\Foundation\\Http\\Middleware\\ConvertEmptyStringsToNull->handle(Object(Illuminate\\Http\\Request), Object(Closure))
#51 F:\\Coding\\Web\\Laravel\\agenda\\agenda\\vendor\\laravel\\framework\\src\\Illuminate\\Foundation\\Http\\Middleware\\TrimStrings.php(47): Illuminate\\Pipeline\\Pipeline->Illuminate\\Pipeline\\{closure}(Object(Illuminate\\Http\\Request))
#52 F:\\Coding\\Web\\Laravel\\agenda\\agenda\\vendor\\laravel\\framework\\src\\Illuminate\\Pipeline\\Pipeline.php(208): Illuminate\\Foundation\\Http\\Middleware\\TrimStrings->handle(Object(Illuminate\\Http\\Request), Object(Closure))
#53 F:\\Coding\\Web\\Laravel\\agenda\\agenda\\vendor\\laravel\\framework\\src\\Illuminate\\Http\\Middleware\\ValidatePostSize.php(27): Illuminate\\Pipeline\\Pipeline->Illuminate\\Pipeline\\{closure}(Object(Illuminate\\Http\\Request))
#54 F:\\Coding\\Web\\Laravel\\agenda\\agenda\\vendor\\laravel\\framework\\src\\Illuminate\\Pipeline\\Pipeline.php(208): Illuminate\\Http\\Middleware\\ValidatePostSize->handle(Object(Illuminate\\Http\\Request), Object(Closure))
#55 F:\\Coding\\Web\\Laravel\\agenda\\agenda\\vendor\\laravel\\framework\\src\\Illuminate\\Foundation\\Http\\Middleware\\PreventRequestsDuringMaintenance.php(109): Illuminate\\Pipeline\\Pipeline->Illuminate\\Pipeline\\{closure}(Object(Illuminate\\Http\\Request))
#56 F:\\Coding\\Web\\Laravel\\agenda\\agenda\\vendor\\laravel\\framework\\src\\Illuminate\\Pipeline\\Pipeline.php(208): Illuminate\\Foundation\\Http\\Middleware\\PreventRequestsDuringMaintenance->handle(Object(Illuminate\\Http\\Request), Object(Closure))
#57 F:\\Coding\\Web\\Laravel\\agenda\\agenda\\vendor\\laravel\\framework\\src\\Illuminate\\Http\\Middleware\\HandleCors.php(48): Illuminate\\Pipeline\\Pipeline->Illuminate\\Pipeline\\{closure}(Object(Illuminate\\Http\\Request))
#58 F:\\Coding\\Web\\Laravel\\agenda\\agenda\\vendor\\laravel\\framework\\src\\Illuminate\\Pipeline\\Pipeline.php(208): Illuminate\\Http\\Middleware\\HandleCors->handle(Object(Illuminate\\Http\\Request), Object(Closure))
#59 F:\\Coding\\Web\\Laravel\\agenda\\agenda\\vendor\\laravel\\framework\\src\\Illuminate\\Http\\Middleware\\TrustProxies.php(58): Illuminate\\Pipeline\\Pipeline->Illuminate\\Pipeline\\{closure}(Object(Illuminate\\Http\\Request))
#60 F:\\Coding\\Web\\Laravel\\agenda\\agenda\\vendor\\laravel\\framework\\src\\Illuminate\\Pipeline\\Pipeline.php(208): Illuminate\\Http\\Middleware\\TrustProxies->handle(Object(Illuminate\\Http\\Request), Object(Closure))
#61 F:\\Coding\\Web\\Laravel\\agenda\\agenda\\vendor\\laravel\\framework\\src\\Illuminate\\Foundation\\Http\\Middleware\\InvokeDeferredCallbacks.php(22): Illuminate\\Pipeline\\Pipeline->Illuminate\\Pipeline\\{closure}(Object(Illuminate\\Http\\Request))
#62 F:\\Coding\\Web\\Laravel\\agenda\\agenda\\vendor\\laravel\\framework\\src\\Illuminate\\Pipeline\\Pipeline.php(208): Illuminate\\Foundation\\Http\\Middleware\\InvokeDeferredCallbacks->handle(Object(Illuminate\\Http\\Request), Object(Closure))
#63 F:\\Coding\\Web\\Laravel\\agenda\\agenda\\vendor\\laravel\\framework\\src\\Illuminate\\Http\\Middleware\\ValidatePathEncoding.php(26): Illuminate\\Pipeline\\Pipeline->Illuminate\\Pipeline\\{closure}(Object(Illuminate\\Http\\Request))
#64 F:\\Coding\\Web\\Laravel\\agenda\\agenda\\vendor\\laravel\\framework\\src\\Illuminate\\Pipeline\\Pipeline.php(208): Illuminate\\Http\\Middleware\\ValidatePathEncoding->handle(Object(Illuminate\\Http\\Request), Object(Closure))
#65 F:\\Coding\\Web\\Laravel\\agenda\\agenda\\vendor\\laravel\\framework\\src\\Illuminate\\Pipeline\\Pipeline.php(126): Illuminate\\Pipeline\\Pipeline->Illuminate\\Pipeline\\{closure}(Object(Illuminate\\Http\\Request))
#66 F:\\Coding\\Web\\Laravel\\agenda\\agenda\\vendor\\laravel\\framework\\src\\Illuminate\\Foundation\\Http\\Kernel.php(175): Illuminate\\Pipeline\\Pipeline->then(Object(Closure))
#67 F:\\Coding\\Web\\Laravel\\agenda\\agenda\\vendor\\laravel\\framework\\src\\Illuminate\\Foundation\\Http\\Kernel.php(144): Illuminate\\Foundation\\Http\\Kernel->sendRequestThroughRouter(Object(Illuminate\\Http\\Request))
#68 F:\\Coding\\Web\\Laravel\\agenda\\agenda\\vendor\\laravel\\framework\\src\\Illuminate\\Foundation\\Application.php(1219): Illuminate\\Foundation\\Http\\Kernel->handle(Object(Illuminate\\Http\\Request))
#69 F:\\Coding\\Web\\Laravel\\agenda\\agenda\\public\\index.php(20): Illuminate\\Foundation\\Application->handleRequest(Object(Illuminate\\Http\\Request))
#70 F:\\Coding\\Web\\Laravel\\agenda\\agenda\\vendor\\laravel\\framework\\src\\Illuminate\\Foundation\\resources\\server.php(23): require_once('F:\\\\Coding\\\\Web\\\\L...')
#71 {main}

[previous exception] [object] (BadMethodCallException(code: 0): Method App\\Livewire\\CalendarAdmin::getTimeOptions does not exist. at F:\\Coding\\Web\\Laravel\\agenda\\agenda\\vendor\\livewire\\livewire\\src\\Component.php:136)
[stacktrace]
#0 F:\\Coding\\Web\\Laravel\\agenda\\agenda\\storage\\framework\\views\\c552173cff25057dfa4cae194d5a5944.php(84): Livewire\\Component->__call('getTimeOptions', Array)
#1 F:\\Coding\\Web\\Laravel\\agenda\\agenda\\vendor\\livewire\\livewire\\src\\Mechanisms\\ExtendBlade\\ExtendedCompilerEngine.php(37): include('F:\\\\Coding\\\\Web\\\\L...')
#2 F:\\Coding\\Web\\Laravel\\agenda\\agenda\\vendor\\livewire\\livewire\\src\\Mechanisms\\ExtendBlade\\ExtendedCompilerEngine.php(38): App\\Livewire\\CalendarAdmin->Livewire\\Mechanisms\\ExtendBlade\\{closure}()
#3 F:\\Coding\\Web\\Laravel\\agenda\\agenda\\vendor\\laravel\\framework\\src\\Illuminate\\View\\Engines\\CompilerEngine.php(76): Livewire\\Mechanisms\\ExtendBlade\\ExtendedCompilerEngine->evaluatePath('F:\\\\Coding\\\\Web\\\\L...', Array)
#4 F:\\Coding\\Web\\Laravel\\agenda\\agenda\\vendor\\livewire\\livewire\\src\\Mechanisms\\ExtendBlade\\ExtendedCompilerEngine.php(16): Illuminate\\View\\Engines\\CompilerEngine->get('F:\\\\Coding\\\\Web\\\\L...', Array)
#5 F:\\Coding\\Web\\Laravel\\agenda\\agenda\\vendor\\laravel\\framework\\src\\Illuminate\\View\\View.php(208): Livewire\\Mechanisms\\ExtendBlade\\ExtendedCompilerEngine->get('F:\\\\Coding\\\\Web\\\\L...', Array)
#6 F:\\Coding\\Web\\Laravel\\agenda\\agenda\\vendor\\laravel\\framework\\src\\Illuminate\\View\\View.php(191): Illuminate\\View\\View->getContents()
#7 F:\\Coding\\Web\\Laravel\\agenda\\agenda\\vendor\\laravel\\framework\\src\\Illuminate\\View\\View.php(160): Illuminate\\View\\View->renderContents()
#8 F:\\Coding\\Web\\Laravel\\agenda\\agenda\\storage\\framework\\views\\2402510ce86b8be5b981a90d88f2e006.php(17): Illuminate\\View\\View->render()
#9 F:\\Coding\\Web\\Laravel\\agenda\\agenda\\vendor\\livewire\\livewire\\src\\Mechanisms\\ExtendBlade\\ExtendedCompilerEngine.php(37): include('F:\\\\Coding\\\\Web\\\\L...')
#10 F:\\Coding\\Web\\Laravel\\agenda\\agenda\\vendor\\livewire\\livewire\\src\\Mechanisms\\ExtendBlade\\ExtendedCompilerEngine.php(38): App\\Livewire\\CalendarAdmin->Livewire\\Mechanisms\\ExtendBlade\\{closure}()
#11 F:\\Coding\\Web\\Laravel\\agenda\\agenda\\vendor\\laravel\\framework\\src\\Illuminate\\View\\Engines\\CompilerEngine.php(76): Livewire\\Mechanisms\\ExtendBlade\\ExtendedCompilerEngine->evaluatePath('F:\\\\Coding\\\\Web\\\\L...', Array)
#12 F:\\Coding\\Web\\Laravel\\agenda\\agenda\\vendor\\livewire\\livewire\\src\\Mechanisms\\ExtendBlade\\ExtendedCompilerEngine.php(16): Illuminate\\View\\Engines\\CompilerEngine->get('F:\\\\Coding\\\\Web\\\\L...', Array)
#13 F:\\Coding\\Web\\Laravel\\agenda\\agenda\\vendor\\laravel\\framework\\src\\Illuminate\\View\\View.php(208): Livewire\\Mechanisms\\ExtendBlade\\ExtendedCompilerEngine->get('F:\\\\Coding\\\\Web\\\\L...', Array)
#14 F:\\Coding\\Web\\Laravel\\agenda\\agenda\\vendor\\laravel\\framework\\src\\Illuminate\\View\\View.php(191): Illuminate\\View\\View->getContents()
#15 F:\\Coding\\Web\\Laravel\\agenda\\agenda\\vendor\\laravel\\framework\\src\\Illuminate\\View\\View.php(160): Illuminate\\View\\View->renderContents()
#16 F:\\Coding\\Web\\Laravel\\agenda\\agenda\\vendor\\livewire\\livewire\\src\\Mechanisms\\HandleComponents\\HandleComponents.php(259): Illuminate\\View\\View->render(Object(Closure))
#17 F:\\Coding\\Web\\Laravel\\agenda\\agenda\\vendor\\livewire\\livewire\\src\\Mechanisms\\HandleComponents\\HandleComponents.php(303): Livewire\\Mechanisms\\HandleComponents\\HandleComponents->Livewire\\Mechanisms\\HandleComponents\\{closure}()
#18 F:\\Coding\\Web\\Laravel\\agenda\\agenda\\vendor\\livewire\\livewire\\src\\Mechanisms\\HandleComponents\\HandleComponents.php(251): Livewire\\Mechanisms\\HandleComponents\\HandleComponents->trackInRenderStack(Object(App\\Livewire\\CalendarAdmin), Object(Closure))
#19 F:\\Coding\\Web\\Laravel\\agenda\\agenda\\vendor\\livewire\\livewire\\src\\Mechanisms\\HandleComponents\\HandleComponents.php(104): Livewire\\Mechanisms\\HandleComponents\\HandleComponents->render(Object(App\\Livewire\\CalendarAdmin))
#20 F:\\Coding\\Web\\Laravel\\agenda\\agenda\\vendor\\livewire\\livewire\\src\\LivewireManager.php(102): Livewire\\Mechanisms\\HandleComponents\\HandleComponents->update(Array, Array, Array)
#21 F:\\Coding\\Web\\Laravel\\agenda\\agenda\\vendor\\livewire\\volt\\src\\LivewireManager.php(35): Livewire\\LivewireManager->update(Array, Array, Array)
#22 F:\\Coding\\Web\\Laravel\\agenda\\agenda\\vendor\\livewire\\livewire\\src\\Mechanisms\\HandleRequests\\HandleRequests.php(94): Livewire\\Volt\\LivewireManager->update(Array, Array, Array)
#23 F:\\Coding\\Web\\Laravel\\agenda\\agenda\\vendor\\laravel\\framework\\src\\Illuminate\\Routing\\ControllerDispatcher.php(46): Livewire\\Mechanisms\\HandleRequests\\HandleRequests->handleUpdate()
#24 F:\\Coding\\Web\\Laravel\\agenda\\agenda\\vendor\\laravel\\framework\\src\\Illuminate\\Routing\\Route.php(265): Illuminate\\Routing\\ControllerDispatcher->dispatch(Object(Illuminate\\Routing\\Route), Object(Livewire\\Mechanisms\\HandleRequests\\HandleRequests), 'handleUpdate')
#25 F:\\Coding\\Web\\Laravel\\agenda\\agenda\\vendor\\laravel\\framework\\src\\Illuminate\\Routing\\Route.php(211): Illuminate\\Routing\\Route->runController()
#26 F:\\Coding\\Web\\Laravel\\agenda\\agenda\\vendor\\laravel\\framework\\src\\Illuminate\\Routing\\Router.php(808): Illuminate\\Routing\\Route->run()
#27 F:\\Coding\\Web\\Laravel\\agenda\\agenda\\vendor\\laravel\\framework\\src\\Illuminate\\Pipeline\\Pipeline.php(169): Illuminate\\Routing\\Router->Illuminate\\Routing\\{closure}(Object(Illuminate\\Http\\Request))
#28 F:\\Coding\\Web\\Laravel\\agenda\\agenda\\vendor\\laravel\\framework\\src\\Illuminate\\Routing\\Middleware\\SubstituteBindings.php(50): Illuminate\\Pipeline\\Pipeline->Illuminate\\Pipeline\\{closure}(Object(Illuminate\\Http\\Request))
#29 F:\\Coding\\Web\\Laravel\\agenda\\agenda\\vendor\\laravel\\framework\\src\\Illuminate\\Pipeline\\Pipeline.php(208): Illuminate\\Routing\\Middleware\\SubstituteBindings->handle(Object(Illuminate\\Http\\Request), Object(Closure))
#30 F:\\Coding\\Web\\Laravel\\agenda\\agenda\\vendor\\laravel\\framework\\src\\Illuminate\\Foundation\\Http\\Middleware\\VerifyCsrfToken.php(87): Illuminate\\Pipeline\\Pipeline->Illuminate\\Pipeline\\{closure}(Object(Illuminate\\Http\\Request))
#31 F:\\Coding\\Web\\Laravel\\agenda\\agenda\\vendor\\laravel\\framework\\src\\Illuminate\\Pipeline\\Pipeline.php(208): Illuminate\\Foundation\\Http\\Middleware\\VerifyCsrfToken->handle(Object(Illuminate\\Http\\Request), Object(Closure))
#32 F:\\Coding\\Web\\Laravel\\agenda\\agenda\\vendor\\laravel\\framework\\src\\Illuminate\\View\\Middleware\\ShareErrorsFromSession.php(48): Illuminate\\Pipeline\\Pipeline->Illuminate\\Pipeline\\{closure}(Object(Illuminate\\Http\\Request))
#33 F:\\Coding\\Web\\Laravel\\agenda\\agenda\\vendor\\laravel\\framework\\src\\Illuminate\\Pipeline\\Pipeline.php(208): Illuminate\\View\\Middleware\\ShareErrorsFromSession->handle(Object(Illuminate\\Http\\Request), Object(Closure))
#34 F:\\Coding\\Web\\Laravel\\agenda\\agenda\\vendor\\laravel\\framework\\src\\Illuminate\\Session\\Middleware\\StartSession.php(120): Illuminate\\Pipeline\\Pipeline->Illuminate\\Pipeline\\{closure}(Object(Illuminate\\Http\\Request))
#35 F:\\Coding\\Web\\Laravel\\agenda\\agenda\\vendor\\laravel\\framework\\src\\Illuminate\\Session\\Middleware\\StartSession.php(63): Illuminate\\Session\\Middleware\\StartSession->handleStatefulRequest(Object(Illuminate\\Http\\Request), Object(Illuminate\\Session\\Store), Object(Closure))
#36 F:\\Coding\\Web\\Laravel\\agenda\\agenda\\vendor\\laravel\\framework\\src\\Illuminate\\Pipeline\\Pipeline.php(208): Illuminate\\Session\\Middleware\\StartSession->handle(Object(Illuminate\\Http\\Request), Object(Closure))
#37 F:\\Coding\\Web\\Laravel\\agenda\\agenda\\vendor\\laravel\\framework\\src\\Illuminate\\Cookie\\Middleware\\AddQueuedCookiesToResponse.php(36): Illuminate\\Pipeline\\Pipeline->Illuminate\\Pipeline\\{closure}(Object(Illuminate\\Http\\Request))
#38 F:\\Coding\\Web\\Laravel\\agenda\\agenda\\vendor\\laravel\\framework\\src\\Illuminate\\Pipeline\\Pipeline.php(208): Illuminate\\Cookie\\Middleware\\AddQueuedCookiesToResponse->handle(Object(Illuminate\\Http\\Request), Object(Closure))
#39 F:\\Coding\\Web\\Laravel\\agenda\\agenda\\vendor\\laravel\\framework\\src\\Illuminate\\Cookie\\Middleware\\EncryptCookies.php(74): Illuminate\\Pipeline\\Pipeline->Illuminate\\Pipeline\\{closure}(Object(Illuminate\\Http\\Request))
#40 F:\\Coding\\Web\\Laravel\\agenda\\agenda\\vendor\\laravel\\framework\\src\\Illuminate\\Pipeline\\Pipeline.php(208): Illuminate\\Cookie\\Middleware\\EncryptCookies->handle(Object(Illuminate\\Http\\Request), Object(Closure))
#41 F:\\Coding\\Web\\Laravel\\agenda\\agenda\\vendor\\laravel\\framework\\src\\Illuminate\\Pipeline\\Pipeline.php(126): Illuminate\\Pipeline\\Pipeline->Illuminate\\Pipeline\\{closure}(Object(Illuminate\\Http\\Request))
#42 F:\\Coding\\Web\\Laravel\\agenda\\agenda\\vendor\\laravel\\framework\\src\\Illuminate\\Routing\\Router.php(807): Illuminate\\Pipeline\\Pipeline->then(Object(Closure))
#43 F:\\Coding\\Web\\Laravel\\agenda\\agenda\\vendor\\laravel\\framework\\src\\Illuminate\\Routing\\Router.php(786): Illuminate\\Routing\\Router->runRouteWithinStack(Object(Illuminate\\Routing\\Route), Object(Illuminate\\Http\\Request))
#44 F:\\Coding\\Web\\Laravel\\agenda\\agenda\\vendor\\laravel\\framework\\src\\Illuminate\\Routing\\Router.php(750): Illuminate\\Routing\\Router->runRoute(Object(Illuminate\\Http\\Request), Object(Illuminate\\Routing\\Route))
#45 F:\\Coding\\Web\\Laravel\\agenda\\agenda\\vendor\\laravel\\framework\\src\\Illuminate\\Routing\\Router.php(739): Illuminate\\Routing\\Router->dispatchToRoute(Object(Illuminate\\Http\\Request))
#46 F:\\Coding\\Web\\Laravel\\agenda\\agenda\\vendor\\laravel\\framework\\src\\Illuminate\\Foundation\\Http\\Kernel.php(200): Illuminate\\Routing\\Router->dispatch(Object(Illuminate\\Http\\Request))
#47 F:\\Coding\\Web\\Laravel\\agenda\\agenda\\vendor\\laravel\\framework\\src\\Illuminate\\Pipeline\\Pipeline.php(169): Illuminate\\Foundation\\Http\\Kernel->Illuminate\\Foundation\\Http\\{closure}(Object(Illuminate\\Http\\Request))
#48 F:\\Coding\\Web\\Laravel\\agenda\\agenda\\vendor\\livewire\\livewire\\src\\Features\\SupportDisablingBackButtonCache\\DisableBackButtonCacheMiddleware.php(19): Illuminate\\Pipeline\\Pipeline->Illuminate\\Pipeline\\{closure}(Object(Illuminate\\Http\\Request))
#49 F:\\Coding\\Web\\Laravel\\agenda\\agenda\\vendor\\laravel\\framework\\src\\Illuminate\\Pipeline\\Pipeline.php(208): Livewire\\Features\\SupportDisablingBackButtonCache\\DisableBackButtonCacheMiddleware->handle(Object(Illuminate\\Http\\Request), Object(Closure))
#50 F:\\Coding\\Web\\Laravel\\agenda\\agenda\\vendor\\laravel\\framework\\src\\Illuminate\\Foundation\\Http\\Middleware\\ConvertEmptyStringsToNull.php(27): Illuminate\\Pipeline\\Pipeline->Illuminate\\Pipeline\\{closure}(Object(Illuminate\\Http\\Request))
#51 F:\\Coding\\Web\\Laravel\\agenda\\agenda\\vendor\\laravel\\framework\\src\\Illuminate\\Pipeline\\Pipeline.php(208): Illuminate\\Foundation\\Http\\Middleware\\ConvertEmptyStringsToNull->handle(Object(Illuminate\\Http\\Request), Object(Closure))
#52 F:\\Coding\\Web\\Laravel\\agenda\\agenda\\vendor\\laravel\\framework\\src\\Illuminate\\Foundation\\Http\\Middleware\\TrimStrings.php(47): Illuminate\\Pipeline\\Pipeline->Illuminate\\Pipeline\\{closure}(Object(Illuminate\\Http\\Request))
#53 F:\\Coding\\Web\\Laravel\\agenda\\agenda\\vendor\\laravel\\framework\\src\\Illuminate\\Pipeline\\Pipeline.php(208): Illuminate\\Foundation\\Http\\Middleware\\TrimStrings->handle(Object(Illuminate\\Http\\Request), Object(Closure))
#54 F:\\Coding\\Web\\Laravel\\agenda\\agenda\\vendor\\laravel\\framework\\src\\Illuminate\\Http\\Middleware\\ValidatePostSize.php(27): Illuminate\\Pipeline\\Pipeline->Illuminate\\Pipeline\\{closure}(Object(Illuminate\\Http\\Request))
#55 F:\\Coding\\Web\\Laravel\\agenda\\agenda\\vendor\\laravel\\framework\\src\\Illuminate\\Pipeline\\Pipeline.php(208): Illuminate\\Http\\Middleware\\ValidatePostSize->handle(Object(Illuminate\\Http\\Request), Object(Closure))
#56 F:\\Coding\\Web\\Laravel\\agenda\\agenda\\vendor\\laravel\\framework\\src\\Illuminate\\Foundation\\Http\\Middleware\\PreventRequestsDuringMaintenance.php(109): Illuminate\\Pipeline\\Pipeline->Illuminate\\Pipeline\\{closure}(Object(Illuminate\\Http\\Request))
#57 F:\\Coding\\Web\\Laravel\\agenda\\agenda\\vendor\\laravel\\framework\\src\\Illuminate\\Pipeline\\Pipeline.php(208): Illuminate\\Foundation\\Http\\Middleware\\PreventRequestsDuringMaintenance->handle(Object(Illuminate\\Http\\Request), Object(Closure))
#58 F:\\Coding\\Web\\Laravel\\agenda\\agenda\\vendor\\laravel\\framework\\src\\Illuminate\\Http\\Middleware\\HandleCors.php(48): Illuminate\\Pipeline\\Pipeline->Illuminate\\Pipeline\\{closure}(Object(Illuminate\\Http\\Request))
#59 F:\\Coding\\Web\\Laravel\\agenda\\agenda\\vendor\\laravel\\framework\\src\\Illuminate\\Pipeline\\Pipeline.php(208): Illuminate\\Http\\Middleware\\HandleCors->handle(Object(Illuminate\\Http\\Request), Object(Closure))
#60 F:\\Coding\\Web\\Laravel\\agenda\\agenda\\vendor\\laravel\\framework\\src\\Illuminate\\Http\\Middleware\\TrustProxies.php(58): Illuminate\\Pipeline\\Pipeline->Illuminate\\Pipeline\\{closure}(Object(Illuminate\\Http\\Request))
#61 F:\\Coding\\Web\\Laravel\\agenda\\agenda\\vendor\\laravel\\framework\\src\\Illuminate\\Pipeline\\Pipeline.php(208): Illuminate\\Http\\Middleware\\TrustProxies->handle(Object(Illuminate\\Http\\Request), Object(Closure))
#62 F:\\Coding\\Web\\Laravel\\agenda\\agenda\\vendor\\laravel\\framework\\src\\Illuminate\\Foundation\\Http\\Middleware\\InvokeDeferredCallbacks.php(22): Illuminate\\Pipeline\\Pipeline->Illuminate\\Pipeline\\{closure}(Object(Illuminate\\Http\\Request))
#63 F:\\Coding\\Web\\Laravel\\agenda\\agenda\\vendor\\laravel\\framework\\src\\Illuminate\\Pipeline\\Pipeline.php(208): Illuminate\\Foundation\\Http\\Middleware\\InvokeDeferredCallbacks->handle(Object(Illuminate\\Http\\Request), Object(Closure))
#64 F:\\Coding\\Web\\Laravel\\agenda\\agenda\\vendor\\laravel\\framework\\src\\Illuminate\\Http\\Middleware\\ValidatePathEncoding.php(26): Illuminate\\Pipeline\\Pipeline->Illuminate\\Pipeline\\{closure}(Object(Illuminate\\Http\\Request))
#65 F:\\Coding\\Web\\Laravel\\agenda\\agenda\\vendor\\laravel\\framework\\src\\Illuminate\\Pipeline\\Pipeline.php(208): Illuminate\\Http\\Middleware\\ValidatePathEncoding->handle(Object(Illuminate\\Http\\Request), Object(Closure))
#66 F:\\Coding\\Web\\Laravel\\agenda\\agenda\\vendor\\laravel\\framework\\src\\Illuminate\\Pipeline\\Pipeline.php(126): Illuminate\\Pipeline\\Pipeline->Illuminate\\Pipeline\\{closure}(Object(Illuminate\\Http\\Request))
#67 F:\\Coding\\Web\\Laravel\\agenda\\agenda\\vendor\\laravel\\framework\\src\\Illuminate\\Foundation\\Http\\Kernel.php(175): Illuminate\\Pipeline\\Pipeline->then(Object(Closure))
#68 F:\\Coding\\Web\\Laravel\\agenda\\agenda\\vendor\\laravel\\framework\\src\\Illuminate\\Foundation\\Http\\Kernel.php(144): Illuminate\\Foundation\\Http\\Kernel->sendRequestThroughRouter(Object(Illuminate\\Http\\Request))
#69 F:\\Coding\\Web\\Laravel\\agenda\\agenda\\vendor\\laravel\\framework\\src\\Illuminate\\Foundation\\Application.php(1219): Illuminate\\Foundation\\Http\\Kernel->handle(Object(Illuminate\\Http\\Request))
#70 F:\\Coding\\Web\\Laravel\\agenda\\agenda\\public\\index.php(20): Illuminate\\Foundation\\Application->handleRequest(Object(Illuminate\\Http\\Request))
#71 F:\\Coding\\Web\\Laravel\\agenda\\agenda\\vendor\\laravel\\framework\\src\\Illuminate\\Foundation\\resources\\server.php(23): require_once('F:\\\\Coding\\\\Web\\\\L...')
#72 {main}
"} 
[2025-09-09 00:14:39] local.ERROR: Method App\Livewire\CalendarAdmin::getTimeOptions does not exist. (View: F:\Coding\Web\Laravel\agenda\agenda\resources\views\partials\modal-edit.blade.php) (View: F:\Coding\Web\Laravel\agenda\agenda\resources\views\partials\modal-edit.blade.php) {"userId":1,"exception":"[object] (Illuminate\\View\\ViewException(code: 0): Method App\\Livewire\\CalendarAdmin::getTimeOptions does not exist. (View: F:\\Coding\\Web\\Laravel\\agenda\\agenda\\resources\\views\\partials\\modal-edit.blade.php) (View: F:\\Coding\\Web\\Laravel\\agenda\\agenda\\resources\\views\\partials\\modal-edit.blade.php) at F:\\Coding\\Web\\Laravel\\agenda\\agenda\\vendor\\livewire\\livewire\\src\\Component.php:136)
[stacktrace]
#0 F:\\Coding\\Web\\Laravel\\agenda\\agenda\\vendor\\livewire\\livewire\\src\\Mechanisms\\ExtendBlade\\ExtendedCompilerEngine.php(58): Illuminate\\View\\Engines\\CompilerEngine->handleViewException(Object(Illuminate\\View\\ViewException), 1)
#1 F:\\Coding\\Web\\Laravel\\agenda\\agenda\\vendor\\livewire\\livewire\\src\\Mechanisms\\ExtendBlade\\ExtendedCompilerEngine.php(40): Livewire\\Mechanisms\\ExtendBlade\\ExtendedCompilerEngine->handleViewException(Object(Illuminate\\View\\ViewException), 1)
#2 F:\\Coding\\Web\\Laravel\\agenda\\agenda\\vendor\\laravel\\framework\\src\\Illuminate\\View\\Engines\\CompilerEngine.php(76): Livewire\\Mechanisms\\ExtendBlade\\ExtendedCompilerEngine->evaluatePath('F:\\\\Coding\\\\Web\\\\L...', Array)
#3 F:\\Coding\\Web\\Laravel\\agenda\\agenda\\vendor\\livewire\\livewire\\src\\Mechanisms\\ExtendBlade\\ExtendedCompilerEngine.php(16): Illuminate\\View\\Engines\\CompilerEngine->get('F:\\\\Coding\\\\Web\\\\L...', Array)
#4 F:\\Coding\\Web\\Laravel\\agenda\\agenda\\vendor\\laravel\\framework\\src\\Illuminate\\View\\View.php(208): Livewire\\Mechanisms\\ExtendBlade\\ExtendedCompilerEngine->get('F:\\\\Coding\\\\Web\\\\L...', Array)
#5 F:\\Coding\\Web\\Laravel\\agenda\\agenda\\vendor\\laravel\\framework\\src\\Illuminate\\View\\View.php(191): Illuminate\\View\\View->getContents()
#6 F:\\Coding\\Web\\Laravel\\agenda\\agenda\\vendor\\laravel\\framework\\src\\Illuminate\\View\\View.php(160): Illuminate\\View\\View->renderContents()
#7 F:\\Coding\\Web\\Laravel\\agenda\\agenda\\vendor\\livewire\\livewire\\src\\Mechanisms\\HandleComponents\\HandleComponents.php(259): Illuminate\\View\\View->render(Object(Closure))
#8 F:\\Coding\\Web\\Laravel\\agenda\\agenda\\vendor\\livewire\\livewire\\src\\Mechanisms\\HandleComponents\\HandleComponents.php(303): Livewire\\Mechanisms\\HandleComponents\\HandleComponents->Livewire\\Mechanisms\\HandleComponents\\{closure}()
#9 F:\\Coding\\Web\\Laravel\\agenda\\agenda\\vendor\\livewire\\livewire\\src\\Mechanisms\\HandleComponents\\HandleComponents.php(251): Livewire\\Mechanisms\\HandleComponents\\HandleComponents->trackInRenderStack(Object(App\\Livewire\\CalendarAdmin), Object(Closure))
#10 F:\\Coding\\Web\\Laravel\\agenda\\agenda\\vendor\\livewire\\livewire\\src\\Mechanisms\\HandleComponents\\HandleComponents.php(104): Livewire\\Mechanisms\\HandleComponents\\HandleComponents->render(Object(App\\Livewire\\CalendarAdmin))
#11 F:\\Coding\\Web\\Laravel\\agenda\\agenda\\vendor\\livewire\\livewire\\src\\LivewireManager.php(102): Livewire\\Mechanisms\\HandleComponents\\HandleComponents->update(Array, Array, Array)
#12 F:\\Coding\\Web\\Laravel\\agenda\\agenda\\vendor\\livewire\\volt\\src\\LivewireManager.php(35): Livewire\\LivewireManager->update(Array, Array, Array)
#13 F:\\Coding\\Web\\Laravel\\agenda\\agenda\\vendor\\livewire\\livewire\\src\\Mechanisms\\HandleRequests\\HandleRequests.php(94): Livewire\\Volt\\LivewireManager->update(Array, Array, Array)
#14 F:\\Coding\\Web\\Laravel\\agenda\\agenda\\vendor\\laravel\\framework\\src\\Illuminate\\Routing\\ControllerDispatcher.php(46): Livewire\\Mechanisms\\HandleRequests\\HandleRequests->handleUpdate()
#15 F:\\Coding\\Web\\Laravel\\agenda\\agenda\\vendor\\laravel\\framework\\src\\Illuminate\\Routing\\Route.php(265): Illuminate\\Routing\\ControllerDispatcher->dispatch(Object(Illuminate\\Routing\\Route), Object(Livewire\\Mechanisms\\HandleRequests\\HandleRequests), 'handleUpdate')
#16 F:\\Coding\\Web\\Laravel\\agenda\\agenda\\vendor\\laravel\\framework\\src\\Illuminate\\Routing\\Route.php(211): Illuminate\\Routing\\Route->runController()
#17 F:\\Coding\\Web\\Laravel\\agenda\\agenda\\vendor\\laravel\\framework\\src\\Illuminate\\Routing\\Router.php(808): Illuminate\\Routing\\Route->run()
#18 F:\\Coding\\Web\\Laravel\\agenda\\agenda\\vendor\\laravel\\framework\\src\\Illuminate\\Pipeline\\Pipeline.php(169): Illuminate\\Routing\\Router->Illuminate\\Routing\\{closure}(Object(Illuminate\\Http\\Request))
#19 F:\\Coding\\Web\\Laravel\\agenda\\agenda\\vendor\\laravel\\framework\\src\\Illuminate\\Routing\\Middleware\\SubstituteBindings.php(50): Illuminate\\Pipeline\\Pipeline->Illuminate\\Pipeline\\{closure}(Object(Illuminate\\Http\\Request))
#20 F:\\Coding\\Web\\Laravel\\agenda\\agenda\\vendor\\laravel\\framework\\src\\Illuminate\\Pipeline\\Pipeline.php(208): Illuminate\\Routing\\Middleware\\SubstituteBindings->handle(Object(Illuminate\\Http\\Request), Object(Closure))
#21 F:\\Coding\\Web\\Laravel\\agenda\\agenda\\vendor\\laravel\\framework\\src\\Illuminate\\Foundation\\Http\\Middleware\\VerifyCsrfToken.php(87): Illuminate\\Pipeline\\Pipeline->Illuminate\\Pipeline\\{closure}(Object(Illuminate\\Http\\Request))
#22 F:\\Coding\\Web\\Laravel\\agenda\\agenda\\vendor\\laravel\\framework\\src\\Illuminate\\Pipeline\\Pipeline.php(208): Illuminate\\Foundation\\Http\\Middleware\\VerifyCsrfToken->handle(Object(Illuminate\\Http\\Request), Object(Closure))
#23 F:\\Coding\\Web\\Laravel\\agenda\\agenda\\vendor\\laravel\\framework\\src\\Illuminate\\View\\Middleware\\ShareErrorsFromSession.php(48): Illuminate\\Pipeline\\Pipeline->Illuminate\\Pipeline\\{closure}(Object(Illuminate\\Http\\Request))
#24 F:\\Coding\\Web\\Laravel\\agenda\\agenda\\vendor\\laravel\\framework\\src\\Illuminate\\Pipeline\\Pipeline.php(208): Illuminate\\View\\Middleware\\ShareErrorsFromSession->handle(Object(Illuminate\\Http\\Request), Object(Closure))
#25 F:\\Coding\\Web\\Laravel\\agenda\\agenda\\vendor\\laravel\\framework\\src\\Illuminate\\Session\\Middleware\\StartSession.php(120): Illuminate\\Pipeline\\Pipeline->Illuminate\\Pipeline\\{closure}(Object(Illuminate\\Http\\Request))
#26 F:\\Coding\\Web\\Laravel\\agenda\\agenda\\vendor\\laravel\\framework\\src\\Illuminate\\Session\\Middleware\\StartSession.php(63): Illuminate\\Session\\Middleware\\StartSession->handleStatefulRequest(Object(Illuminate\\Http\\Request), Object(Illuminate\\Session\\Store), Object(Closure))
#27 F:\\Coding\\Web\\Laravel\\agenda\\agenda\\vendor\\laravel\\framework\\src\\Illuminate\\Pipeline\\Pipeline.php(208): Illuminate\\Session\\Middleware\\StartSession->handle(Object(Illuminate\\Http\\Request), Object(Closure))
#28 F:\\Coding\\Web\\Laravel\\agenda\\agenda\\vendor\\laravel\\framework\\src\\Illuminate\\Cookie\\Middleware\\AddQueuedCookiesToResponse.php(36): Illuminate\\Pipeline\\Pipeline->Illuminate\\Pipeline\\{closure}(Object(Illuminate\\Http\\Request))
#29 F:\\Coding\\Web\\Laravel\\agenda\\agenda\\vendor\\laravel\\framework\\src\\Illuminate\\Pipeline\\Pipeline.php(208): Illuminate\\Cookie\\Middleware\\AddQueuedCookiesToResponse->handle(Object(Illuminate\\Http\\Request), Object(Closure))
#30 F:\\Coding\\Web\\Laravel\\agenda\\agenda\\vendor\\laravel\\framework\\src\\Illuminate\\Cookie\\Middleware\\EncryptCookies.php(74): Illuminate\\Pipeline\\Pipeline->Illuminate\\Pipeline\\{closure}(Object(Illuminate\\Http\\Request))
#31 F:\\Coding\\Web\\Laravel\\agenda\\agenda\\vendor\\laravel\\framework\\src\\Illuminate\\Pipeline\\Pipeline.php(208): Illuminate\\Cookie\\Middleware\\EncryptCookies->handle(Object(Illuminate\\Http\\Request), Object(Closure))
#32 F:\\Coding\\Web\\Laravel\\agenda\\agenda\\vendor\\laravel\\framework\\src\\Illuminate\\Pipeline\\Pipeline.php(126): Illuminate\\Pipeline\\Pipeline->Illuminate\\Pipeline\\{closure}(Object(Illuminate\\Http\\Request))
#33 F:\\Coding\\Web\\Laravel\\agenda\\agenda\\vendor\\laravel\\framework\\src\\Illuminate\\Routing\\Router.php(807): Illuminate\\Pipeline\\Pipeline->then(Object(Closure))
#34 F:\\Coding\\Web\\Laravel\\agenda\\agenda\\vendor\\laravel\\framework\\src\\Illuminate\\Routing\\Router.php(786): Illuminate\\Routing\\Router->runRouteWithinStack(Object(Illuminate\\Routing\\Route), Object(Illuminate\\Http\\Request))
#35 F:\\Coding\\Web\\Laravel\\agenda\\agenda\\vendor\\laravel\\framework\\src\\Illuminate\\Routing\\Router.php(750): Illuminate\\Routing\\Router->runRoute(Object(Illuminate\\Http\\Request), Object(Illuminate\\Routing\\Route))
#36 F:\\Coding\\Web\\Laravel\\agenda\\agenda\\vendor\\laravel\\framework\\src\\Illuminate\\Routing\\Router.php(739): Illuminate\\Routing\\Router->dispatchToRoute(Object(Illuminate\\Http\\Request))
#37 F:\\Coding\\Web\\Laravel\\agenda\\agenda\\vendor\\laravel\\framework\\src\\Illuminate\\Foundation\\Http\\Kernel.php(200): Illuminate\\Routing\\Router->dispatch(Object(Illuminate\\Http\\Request))
#38 F:\\Coding\\Web\\Laravel\\agenda\\agenda\\vendor\\laravel\\framework\\src\\Illuminate\\Pipeline\\Pipeline.php(169): Illuminate\\Foundation\\Http\\Kernel->Illuminate\\Foundation\\Http\\{closure}(Object(Illuminate\\Http\\Request))
#39 F:\\Coding\\Web\\Laravel\\agenda\\agenda\\vendor\\livewire\\livewire\\src\\Features\\SupportDisablingBackButtonCache\\DisableBackButtonCacheMiddleware.php(19): Illuminate\\Pipeline\\Pipeline->Illuminate\\Pipeline\\{closure}(Object(Illuminate\\Http\\Request))
#40 F:\\Coding\\Web\\Laravel\\agenda\\agenda\\vendor\\laravel\\framework\\src\\Illuminate\\Pipeline\\Pipeline.php(208): Livewire\\Features\\SupportDisablingBackButtonCache\\DisableBackButtonCacheMiddleware->handle(Object(Illuminate\\Http\\Request), Object(Closure))
#41 F:\\Coding\\Web\\Laravel\\agenda\\agenda\\vendor\\laravel\\framework\\src\\Illuminate\\Foundation\\Http\\Middleware\\ConvertEmptyStringsToNull.php(27): Illuminate\\Pipeline\\Pipeline->Illuminate\\Pipeline\\{closure}(Object(Illuminate\\Http\\Request))
#42 F:\\Coding\\Web\\Laravel\\agenda\\agenda\\vendor\\laravel\\framework\\src\\Illuminate\\Pipeline\\Pipeline.php(208): Illuminate\\Foundation\\Http\\Middleware\\ConvertEmptyStringsToNull->handle(Object(Illuminate\\Http\\Request), Object(Closure))
#43 F:\\Coding\\Web\\Laravel\\agenda\\agenda\\vendor\\laravel\\framework\\src\\Illuminate\\Foundation\\Http\\Middleware\\TrimStrings.php(47): Illuminate\\Pipeline\\Pipeline->Illuminate\\Pipeline\\{closure}(Object(Illuminate\\Http\\Request))
#44 F:\\Coding\\Web\\Laravel\\agenda\\agenda\\vendor\\laravel\\framework\\src\\Illuminate\\Pipeline\\Pipeline.php(208): Illuminate\\Foundation\\Http\\Middleware\\TrimStrings->handle(Object(Illuminate\\Http\\Request), Object(Closure))
#45 F:\\Coding\\Web\\Laravel\\agenda\\agenda\\vendor\\laravel\\framework\\src\\Illuminate\\Http\\Middleware\\ValidatePostSize.php(27): Illuminate\\Pipeline\\Pipeline->Illuminate\\Pipeline\\{closure}(Object(Illuminate\\Http\\Request))
#46 F:\\Coding\\Web\\Laravel\\agenda\\agenda\\vendor\\laravel\\framework\\src\\Illuminate\\Pipeline\\Pipeline.php(208): Illuminate\\Http\\Middleware\\ValidatePostSize->handle(Object(Illuminate\\Http\\Request), Object(Closure))
#47 F:\\Coding\\Web\\Laravel\\agenda\\agenda\\vendor\\laravel\\framework\\src\\Illuminate\\Foundation\\Http\\Middleware\\PreventRequestsDuringMaintenance.php(109): Illuminate\\Pipeline\\Pipeline->Illuminate\\Pipeline\\{closure}(Object(Illuminate\\Http\\Request))
#48 F:\\Coding\\Web\\Laravel\\agenda\\agenda\\vendor\\laravel\\framework\\src\\Illuminate\\Pipeline\\Pipeline.php(208): Illuminate\\Foundation\\Http\\Middleware\\PreventRequestsDuringMaintenance->handle(Object(Illuminate\\Http\\Request), Object(Closure))
#49 F:\\Coding\\Web\\Laravel\\agenda\\agenda\\vendor\\laravel\\framework\\src\\Illuminate\\Http\\Middleware\\HandleCors.php(48): Illuminate\\Pipeline\\Pipeline->Illuminate\\Pipeline\\{closure}(Object(Illuminate\\Http\\Request))
#50 F:\\Coding\\Web\\Laravel\\agenda\\agenda\\vendor\\laravel\\framework\\src\\Illuminate\\Pipeline\\Pipeline.php(208): Illuminate\\Http\\Middleware\\HandleCors->handle(Object(Illuminate\\Http\\Request), Object(Closure))
#51 F:\\Coding\\Web\\Laravel\\agenda\\agenda\\vendor\\laravel\\framework\\src\\Illuminate\\Http\\Middleware\\TrustProxies.php(58): Illuminate\\Pipeline\\Pipeline->Illuminate\\Pipeline\\{closure}(Object(Illuminate\\Http\\Request))
#52 F:\\Coding\\Web\\Laravel\\agenda\\agenda\\vendor\\laravel\\framework\\src\\Illuminate\\Pipeline\\Pipeline.php(208): Illuminate\\Http\\Middleware\\TrustProxies->handle(Object(Illuminate\\Http\\Request), Object(Closure))
#53 F:\\Coding\\Web\\Laravel\\agenda\\agenda\\vendor\\laravel\\framework\\src\\Illuminate\\Foundation\\Http\\Middleware\\InvokeDeferredCallbacks.php(22): Illuminate\\Pipeline\\Pipeline->Illuminate\\Pipeline\\{closure}(Object(Illuminate\\Http\\Request))
#54 F:\\Coding\\Web\\Laravel\\agenda\\agenda\\vendor\\laravel\\framework\\src\\Illuminate\\Pipeline\\Pipeline.php(208): Illuminate\\Foundation\\Http\\Middleware\\InvokeDeferredCallbacks->handle(Object(Illuminate\\Http\\Request), Object(Closure))
#55 F:\\Coding\\Web\\Laravel\\agenda\\agenda\\vendor\\laravel\\framework\\src\\Illuminate\\Http\\Middleware\\ValidatePathEncoding.php(26): Illuminate\\Pipeline\\Pipeline->Illuminate\\Pipeline\\{closure}(Object(Illuminate\\Http\\Request))
#56 F:\\Coding\\Web\\Laravel\\agenda\\agenda\\vendor\\laravel\\framework\\src\\Illuminate\\Pipeline\\Pipeline.php(208): Illuminate\\Http\\Middleware\\ValidatePathEncoding->handle(Object(Illuminate\\Http\\Request), Object(Closure))
#57 F:\\Coding\\Web\\Laravel\\agenda\\agenda\\vendor\\laravel\\framework\\src\\Illuminate\\Pipeline\\Pipeline.php(126): Illuminate\\Pipeline\\Pipeline->Illuminate\\Pipeline\\{closure}(Object(Illuminate\\Http\\Request))
#58 F:\\Coding\\Web\\Laravel\\agenda\\agenda\\vendor\\laravel\\framework\\src\\Illuminate\\Foundation\\Http\\Kernel.php(175): Illuminate\\Pipeline\\Pipeline->then(Object(Closure))
#59 F:\\Coding\\Web\\Laravel\\agenda\\agenda\\vendor\\laravel\\framework\\src\\Illuminate\\Foundation\\Http\\Kernel.php(144): Illuminate\\Foundation\\Http\\Kernel->sendRequestThroughRouter(Object(Illuminate\\Http\\Request))
#60 F:\\Coding\\Web\\Laravel\\agenda\\agenda\\vendor\\laravel\\framework\\src\\Illuminate\\Foundation\\Application.php(1219): Illuminate\\Foundation\\Http\\Kernel->handle(Object(Illuminate\\Http\\Request))
#61 F:\\Coding\\Web\\Laravel\\agenda\\agenda\\public\\index.php(20): Illuminate\\Foundation\\Application->handleRequest(Object(Illuminate\\Http\\Request))
#62 F:\\Coding\\Web\\Laravel\\agenda\\agenda\\vendor\\laravel\\framework\\src\\Illuminate\\Foundation\\resources\\server.php(23): require_once('F:\\\\Coding\\\\Web\\\\L...')
#63 {main}

[previous exception] [object] (Illuminate\\View\\ViewException(code: 0): Method App\\Livewire\\CalendarAdmin::getTimeOptions does not exist. (View: F:\\Coding\\Web\\Laravel\\agenda\\agenda\\resources\\views\\partials\\modal-edit.blade.php) at F:\\Coding\\Web\\Laravel\\agenda\\agenda\\vendor\\livewire\\livewire\\src\\Component.php:136)
[stacktrace]
#0 F:\\Coding\\Web\\Laravel\\agenda\\agenda\\vendor\\livewire\\livewire\\src\\Mechanisms\\ExtendBlade\\ExtendedCompilerEngine.php(58): Illuminate\\View\\Engines\\CompilerEngine->handleViewException(Object(BadMethodCallException), 2)
#1 F:\\Coding\\Web\\Laravel\\agenda\\agenda\\vendor\\livewire\\livewire\\src\\Mechanisms\\ExtendBlade\\ExtendedCompilerEngine.php(40): Livewire\\Mechanisms\\ExtendBlade\\ExtendedCompilerEngine->handleViewException(Object(BadMethodCallException), 2)
#2 F:\\Coding\\Web\\Laravel\\agenda\\agenda\\vendor\\laravel\\framework\\src\\Illuminate\\View\\Engines\\CompilerEngine.php(76): Livewire\\Mechanisms\\ExtendBlade\\ExtendedCompilerEngine->evaluatePath('F:\\\\Coding\\\\Web\\\\L...', Array)
#3 F:\\Coding\\Web\\Laravel\\agenda\\agenda\\vendor\\livewire\\livewire\\src\\Mechanisms\\ExtendBlade\\ExtendedCompilerEngine.php(16): Illuminate\\View\\Engines\\CompilerEngine->get('F:\\\\Coding\\\\Web\\\\L...', Array)
#4 F:\\Coding\\Web\\Laravel\\agenda\\agenda\\vendor\\laravel\\framework\\src\\Illuminate\\View\\View.php(208): Livewire\\Mechanisms\\ExtendBlade\\ExtendedCompilerEngine->get('F:\\\\Coding\\\\Web\\\\L...', Array)
#5 F:\\Coding\\Web\\Laravel\\agenda\\agenda\\vendor\\laravel\\framework\\src\\Illuminate\\View\\View.php(191): Illuminate\\View\\View->getContents()
#6 F:\\Coding\\Web\\Laravel\\agenda\\agenda\\vendor\\laravel\\framework\\src\\Illuminate\\View\\View.php(160): Illuminate\\View\\View->renderContents()
#7 F:\\Coding\\Web\\Laravel\\agenda\\agenda\\storage\\framework\\views\\2402510ce86b8be5b981a90d88f2e006.php(21): Illuminate\\View\\View->render()
#8 F:\\Coding\\Web\\Laravel\\agenda\\agenda\\vendor\\livewire\\livewire\\src\\Mechanisms\\ExtendBlade\\ExtendedCompilerEngine.php(37): include('F:\\\\Coding\\\\Web\\\\L...')
#9 F:\\Coding\\Web\\Laravel\\agenda\\agenda\\vendor\\livewire\\livewire\\src\\Mechanisms\\ExtendBlade\\ExtendedCompilerEngine.php(38): App\\Livewire\\CalendarAdmin->Livewire\\Mechanisms\\ExtendBlade\\{closure}()
#10 F:\\Coding\\Web\\Laravel\\agenda\\agenda\\vendor\\laravel\\framework\\src\\Illuminate\\View\\Engines\\CompilerEngine.php(76): Livewire\\Mechanisms\\ExtendBlade\\ExtendedCompilerEngine->evaluatePath('F:\\\\Coding\\\\Web\\\\L...', Array)
#11 F:\\Coding\\Web\\Laravel\\agenda\\agenda\\vendor\\livewire\\livewire\\src\\Mechanisms\\ExtendBlade\\ExtendedCompilerEngine.php(16): Illuminate\\View\\Engines\\CompilerEngine->get('F:\\\\Coding\\\\Web\\\\L...', Array)
#12 F:\\Coding\\Web\\Laravel\\agenda\\agenda\\vendor\\laravel\\framework\\src\\Illuminate\\View\\View.php(208): Livewire\\Mechanisms\\ExtendBlade\\ExtendedCompilerEngine->get('F:\\\\Coding\\\\Web\\\\L...', Array)
#13 F:\\Coding\\Web\\Laravel\\agenda\\agenda\\vendor\\laravel\\framework\\src\\Illuminate\\View\\View.php(191): Illuminate\\View\\View->getContents()
#14 F:\\Coding\\Web\\Laravel\\agenda\\agenda\\vendor\\laravel\\framework\\src\\Illuminate\\View\\View.php(160): Illuminate\\View\\View->renderContents()
#15 F:\\Coding\\Web\\Laravel\\agenda\\agenda\\vendor\\livewire\\livewire\\src\\Mechanisms\\HandleComponents\\HandleComponents.php(259): Illuminate\\View\\View->render(Object(Closure))
#16 F:\\Coding\\Web\\Laravel\\agenda\\agenda\\vendor\\livewire\\livewire\\src\\Mechanisms\\HandleComponents\\HandleComponents.php(303): Livewire\\Mechanisms\\HandleComponents\\HandleComponents->Livewire\\Mechanisms\\HandleComponents\\{closure}()
#17 F:\\Coding\\Web\\Laravel\\agenda\\agenda\\vendor\\livewire\\livewire\\src\\Mechanisms\\HandleComponents\\HandleComponents.php(251): Livewire\\Mechanisms\\HandleComponents\\HandleComponents->trackInRenderStack(Object(App\\Livewire\\CalendarAdmin), Object(Closure))
#18 F:\\Coding\\Web\\Laravel\\agenda\\agenda\\vendor\\livewire\\livewire\\src\\Mechanisms\\HandleComponents\\HandleComponents.php(104): Livewire\\Mechanisms\\HandleComponents\\HandleComponents->render(Object(App\\Livewire\\CalendarAdmin))
#19 F:\\Coding\\Web\\Laravel\\agenda\\agenda\\vendor\\livewire\\livewire\\src\\LivewireManager.php(102): Livewire\\Mechanisms\\HandleComponents\\HandleComponents->update(Array, Array, Array)
#20 F:\\Coding\\Web\\Laravel\\agenda\\agenda\\vendor\\livewire\\volt\\src\\LivewireManager.php(35): Livewire\\LivewireManager->update(Array, Array, Array)
#21 F:\\Coding\\Web\\Laravel\\agenda\\agenda\\vendor\\livewire\\livewire\\src\\Mechanisms\\HandleRequests\\HandleRequests.php(94): Livewire\\Volt\\LivewireManager->update(Array, Array, Array)
#22 F:\\Coding\\Web\\Laravel\\agenda\\agenda\\vendor\\laravel\\framework\\src\\Illuminate\\Routing\\ControllerDispatcher.php(46): Livewire\\Mechanisms\\HandleRequests\\HandleRequests->handleUpdate()
#23 F:\\Coding\\Web\\Laravel\\agenda\\agenda\\vendor\\laravel\\framework\\src\\Illuminate\\Routing\\Route.php(265): Illuminate\\Routing\\ControllerDispatcher->dispatch(Object(Illuminate\\Routing\\Route), Object(Livewire\\Mechanisms\\HandleRequests\\HandleRequests), 'handleUpdate')
#24 F:\\Coding\\Web\\Laravel\\agenda\\agenda\\vendor\\laravel\\framework\\src\\Illuminate\\Routing\\Route.php(211): Illuminate\\Routing\\Route->runController()
#25 F:\\Coding\\Web\\Laravel\\agenda\\agenda\\vendor\\laravel\\framework\\src\\Illuminate\\Routing\\Router.php(808): Illuminate\\Routing\\Route->run()
#26 F:\\Coding\\Web\\Laravel\\agenda\\agenda\\vendor\\laravel\\framework\\src\\Illuminate\\Pipeline\\Pipeline.php(169): Illuminate\\Routing\\Router->Illuminate\\Routing\\{closure}(Object(Illuminate\\Http\\Request))
#27 F:\\Coding\\Web\\Laravel\\agenda\\agenda\\vendor\\laravel\\framework\\src\\Illuminate\\Routing\\Middleware\\SubstituteBindings.php(50): Illuminate\\Pipeline\\Pipeline->Illuminate\\Pipeline\\{closure}(Object(Illuminate\\Http\\Request))
#28 F:\\Coding\\Web\\Laravel\\agenda\\agenda\\vendor\\laravel\\framework\\src\\Illuminate\\Pipeline\\Pipeline.php(208): Illuminate\\Routing\\Middleware\\SubstituteBindings->handle(Object(Illuminate\\Http\\Request), Object(Closure))
#29 F:\\Coding\\Web\\Laravel\\agenda\\agenda\\vendor\\laravel\\framework\\src\\Illuminate\\Foundation\\Http\\Middleware\\VerifyCsrfToken.php(87): Illuminate\\Pipeline\\Pipeline->Illuminate\\Pipeline\\{closure}(Object(Illuminate\\Http\\Request))
#30 F:\\Coding\\Web\\Laravel\\agenda\\agenda\\vendor\\laravel\\framework\\src\\Illuminate\\Pipeline\\Pipeline.php(208): Illuminate\\Foundation\\Http\\Middleware\\VerifyCsrfToken->handle(Object(Illuminate\\Http\\Request), Object(Closure))
#31 F:\\Coding\\Web\\Laravel\\agenda\\agenda\\vendor\\laravel\\framework\\src\\Illuminate\\View\\Middleware\\ShareErrorsFromSession.php(48): Illuminate\\Pipeline\\Pipeline->Illuminate\\Pipeline\\{closure}(Object(Illuminate\\Http\\Request))
#32 F:\\Coding\\Web\\Laravel\\agenda\\agenda\\vendor\\laravel\\framework\\src\\Illuminate\\Pipeline\\Pipeline.php(208): Illuminate\\View\\Middleware\\ShareErrorsFromSession->handle(Object(Illuminate\\Http\\Request), Object(Closure))
#33 F:\\Coding\\Web\\Laravel\\agenda\\agenda\\vendor\\laravel\\framework\\src\\Illuminate\\Session\\Middleware\\StartSession.php(120): Illuminate\\Pipeline\\Pipeline->Illuminate\\Pipeline\\{closure}(Object(Illuminate\\Http\\Request))
#34 F:\\Coding\\Web\\Laravel\\agenda\\agenda\\vendor\\laravel\\framework\\src\\Illuminate\\Session\\Middleware\\StartSession.php(63): Illuminate\\Session\\Middleware\\StartSession->handleStatefulRequest(Object(Illuminate\\Http\\Request), Object(Illuminate\\Session\\Store), Object(Closure))
#35 F:\\Coding\\Web\\Laravel\\agenda\\agenda\\vendor\\laravel\\framework\\src\\Illuminate\\Pipeline\\Pipeline.php(208): Illuminate\\Session\\Middleware\\StartSession->handle(Object(Illuminate\\Http\\Request), Object(Closure))
#36 F:\\Coding\\Web\\Laravel\\agenda\\agenda\\vendor\\laravel\\framework\\src\\Illuminate\\Cookie\\Middleware\\AddQueuedCookiesToResponse.php(36): Illuminate\\Pipeline\\Pipeline->Illuminate\\Pipeline\\{closure}(Object(Illuminate\\Http\\Request))
#37 F:\\Coding\\Web\\Laravel\\agenda\\agenda\\vendor\\laravel\\framework\\src\\Illuminate\\Pipeline\\Pipeline.php(208): Illuminate\\Cookie\\Middleware\\AddQueuedCookiesToResponse->handle(Object(Illuminate\\Http\\Request), Object(Closure))
#38 F:\\Coding\\Web\\Laravel\\agenda\\agenda\\vendor\\laravel\\framework\\src\\Illuminate\\Cookie\\Middleware\\EncryptCookies.php(74): Illuminate\\Pipeline\\Pipeline->Illuminate\\Pipeline\\{closure}(Object(Illuminate\\Http\\Request))
#39 F:\\Coding\\Web\\Laravel\\agenda\\agenda\\vendor\\laravel\\framework\\src\\Illuminate\\Pipeline\\Pipeline.php(208): Illuminate\\Cookie\\Middleware\\EncryptCookies->handle(Object(Illuminate\\Http\\Request), Object(Closure))
#40 F:\\Coding\\Web\\Laravel\\agenda\\agenda\\vendor\\laravel\\framework\\src\\Illuminate\\Pipeline\\Pipeline.php(126): Illuminate\\Pipeline\\Pipeline->Illuminate\\Pipeline\\{closure}(Object(Illuminate\\Http\\Request))
#41 F:\\Coding\\Web\\Laravel\\agenda\\agenda\\vendor\\laravel\\framework\\src\\Illuminate\\Routing\\Router.php(807): Illuminate\\Pipeline\\Pipeline->then(Object(Closure))
#42 F:\\Coding\\Web\\Laravel\\agenda\\agenda\\vendor\\laravel\\framework\\src\\Illuminate\\Routing\\Router.php(786): Illuminate\\Routing\\Router->runRouteWithinStack(Object(Illuminate\\Routing\\Route), Object(Illuminate\\Http\\Request))
#43 F:\\Coding\\Web\\Laravel\\agenda\\agenda\\vendor\\laravel\\framework\\src\\Illuminate\\Routing\\Router.php(750): Illuminate\\Routing\\Router->runRoute(Object(Illuminate\\Http\\Request), Object(Illuminate\\Routing\\Route))
#44 F:\\Coding\\Web\\Laravel\\agenda\\agenda\\vendor\\laravel\\framework\\src\\Illuminate\\Routing\\Router.php(739): Illuminate\\Routing\\Router->dispatchToRoute(Object(Illuminate\\Http\\Request))
#45 F:\\Coding\\Web\\Laravel\\agenda\\agenda\\vendor\\laravel\\framework\\src\\Illuminate\\Foundation\\Http\\Kernel.php(200): Illuminate\\Routing\\Router->dispatch(Object(Illuminate\\Http\\Request))
#46 F:\\Coding\\Web\\Laravel\\agenda\\agenda\\vendor\\laravel\\framework\\src\\Illuminate\\Pipeline\\Pipeline.php(169): Illuminate\\Foundation\\Http\\Kernel->Illuminate\\Foundation\\Http\\{closure}(Object(Illuminate\\Http\\Request))
#47 F:\\Coding\\Web\\Laravel\\agenda\\agenda\\vendor\\livewire\\livewire\\src\\Features\\SupportDisablingBackButtonCache\\DisableBackButtonCacheMiddleware.php(19): Illuminate\\Pipeline\\Pipeline->Illuminate\\Pipeline\\{closure}(Object(Illuminate\\Http\\Request))
#48 F:\\Coding\\Web\\Laravel\\agenda\\agenda\\vendor\\laravel\\framework\\src\\Illuminate\\Pipeline\\Pipeline.php(208): Livewire\\Features\\SupportDisablingBackButtonCache\\DisableBackButtonCacheMiddleware->handle(Object(Illuminate\\Http\\Request), Object(Closure))
#49 F:\\Coding\\Web\\Laravel\\agenda\\agenda\\vendor\\laravel\\framework\\src\\Illuminate\\Foundation\\Http\\Middleware\\ConvertEmptyStringsToNull.php(27): Illuminate\\Pipeline\\Pipeline->Illuminate\\Pipeline\\{closure}(Object(Illuminate\\Http\\Request))
#50 F:\\Coding\\Web\\Laravel\\agenda\\agenda\\vendor\\laravel\\framework\\src\\Illuminate\\Pipeline\\Pipeline.php(208): Illuminate\\Foundation\\Http\\Middleware\\ConvertEmptyStringsToNull->handle(Object(Illuminate\\Http\\Request), Object(Closure))
#51 F:\\Coding\\Web\\Laravel\\agenda\\agenda\\vendor\\laravel\\framework\\src\\Illuminate\\Foundation\\Http\\Middleware\\TrimStrings.php(47): Illuminate\\Pipeline\\Pipeline->Illuminate\\Pipeline\\{closure}(Object(Illuminate\\Http\\Request))
#52 F:\\Coding\\Web\\Laravel\\agenda\\agenda\\vendor\\laravel\\framework\\src\\Illuminate\\Pipeline\\Pipeline.php(208): Illuminate\\Foundation\\Http\\Middleware\\TrimStrings->handle(Object(Illuminate\\Http\\Request), Object(Closure))
#53 F:\\Coding\\Web\\Laravel\\agenda\\agenda\\vendor\\laravel\\framework\\src\\Illuminate\\Http\\Middleware\\ValidatePostSize.php(27): Illuminate\\Pipeline\\Pipeline->Illuminate\\Pipeline\\{closure}(Object(Illuminate\\Http\\Request))
#54 F:\\Coding\\Web\\Laravel\\agenda\\agenda\\vendor\\laravel\\framework\\src\\Illuminate\\Pipeline\\Pipeline.php(208): Illuminate\\Http\\Middleware\\ValidatePostSize->handle(Object(Illuminate\\Http\\Request), Object(Closure))
#55 F:\\Coding\\Web\\Laravel\\agenda\\agenda\\vendor\\laravel\\framework\\src\\Illuminate\\Foundation\\Http\\Middleware\\PreventRequestsDuringMaintenance.php(109): Illuminate\\Pipeline\\Pipeline->Illuminate\\Pipeline\\{closure}(Object(Illuminate\\Http\\Request))
#56 F:\\Coding\\Web\\Laravel\\agenda\\agenda\\vendor\\laravel\\framework\\src\\Illuminate\\Pipeline\\Pipeline.php(208): Illuminate\\Foundation\\Http\\Middleware\\PreventRequestsDuringMaintenance->handle(Object(Illuminate\\Http\\Request), Object(Closure))
#57 F:\\Coding\\Web\\Laravel\\agenda\\agenda\\vendor\\laravel\\framework\\src\\Illuminate\\Http\\Middleware\\HandleCors.php(48): Illuminate\\Pipeline\\Pipeline->Illuminate\\Pipeline\\{closure}(Object(Illuminate\\Http\\Request))
#58 F:\\Coding\\Web\\Laravel\\agenda\\agenda\\vendor\\laravel\\framework\\src\\Illuminate\\Pipeline\\Pipeline.php(208): Illuminate\\Http\\Middleware\\HandleCors->handle(Object(Illuminate\\Http\\Request), Object(Closure))
#59 F:\\Coding\\Web\\Laravel\\agenda\\agenda\\vendor\\laravel\\framework\\src\\Illuminate\\Http\\Middleware\\TrustProxies.php(58): Illuminate\\Pipeline\\Pipeline->Illuminate\\Pipeline\\{closure}(Object(Illuminate\\Http\\Request))
#60 F:\\Coding\\Web\\Laravel\\agenda\\agenda\\vendor\\laravel\\framework\\src\\Illuminate\\Pipeline\\Pipeline.php(208): Illuminate\\Http\\Middleware\\TrustProxies->handle(Object(Illuminate\\Http\\Request), Object(Closure))
#61 F:\\Coding\\Web\\Laravel\\agenda\\agenda\\vendor\\laravel\\framework\\src\\Illuminate\\Foundation\\Http\\Middleware\\InvokeDeferredCallbacks.php(22): Illuminate\\Pipeline\\Pipeline->Illuminate\\Pipeline\\{closure}(Object(Illuminate\\Http\\Request))
#62 F:\\Coding\\Web\\Laravel\\agenda\\agenda\\vendor\\laravel\\framework\\src\\Illuminate\\Pipeline\\Pipeline.php(208): Illuminate\\Foundation\\Http\\Middleware\\InvokeDeferredCallbacks->handle(Object(Illuminate\\Http\\Request), Object(Closure))
#63 F:\\Coding\\Web\\Laravel\\agenda\\agenda\\vendor\\laravel\\framework\\src\\Illuminate\\Http\\Middleware\\ValidatePathEncoding.php(26): Illuminate\\Pipeline\\Pipeline->Illuminate\\Pipeline\\{closure}(Object(Illuminate\\Http\\Request))
#64 F:\\Coding\\Web\\Laravel\\agenda\\agenda\\vendor\\laravel\\framework\\src\\Illuminate\\Pipeline\\Pipeline.php(208): Illuminate\\Http\\Middleware\\ValidatePathEncoding->handle(Object(Illuminate\\Http\\Request), Object(Closure))
#65 F:\\Coding\\Web\\Laravel\\agenda\\agenda\\vendor\\laravel\\framework\\src\\Illuminate\\Pipeline\\Pipeline.php(126): Illuminate\\Pipeline\\Pipeline->Illuminate\\Pipeline\\{closure}(Object(Illuminate\\Http\\Request))
#66 F:\\Coding\\Web\\Laravel\\agenda\\agenda\\vendor\\laravel\\framework\\src\\Illuminate\\Foundation\\Http\\Kernel.php(175): Illuminate\\Pipeline\\Pipeline->then(Object(Closure))
#67 F:\\Coding\\Web\\Laravel\\agenda\\agenda\\vendor\\laravel\\framework\\src\\Illuminate\\Foundation\\Http\\Kernel.php(144): Illuminate\\Foundation\\Http\\Kernel->sendRequestThroughRouter(Object(Illuminate\\Http\\Request))
#68 F:\\Coding\\Web\\Laravel\\agenda\\agenda\\vendor\\laravel\\framework\\src\\Illuminate\\Foundation\\Application.php(1219): Illuminate\\Foundation\\Http\\Kernel->handle(Object(Illuminate\\Http\\Request))
#69 F:\\Coding\\Web\\Laravel\\agenda\\agenda\\public\\index.php(20): Illuminate\\Foundation\\Application->handleRequest(Object(Illuminate\\Http\\Request))
#70 F:\\Coding\\Web\\Laravel\\agenda\\agenda\\vendor\\laravel\\framework\\src\\Illuminate\\Foundation\\resources\\server.php(23): require_once('F:\\\\Coding\\\\Web\\\\L...')
#71 {main}

[previous exception] [object] (BadMethodCallException(code: 0): Method App\\Livewire\\CalendarAdmin::getTimeOptions does not exist. at F:\\Coding\\Web\\Laravel\\agenda\\agenda\\vendor\\livewire\\livewire\\src\\Component.php:136)
[stacktrace]
#0 F:\\Coding\\Web\\Laravel\\agenda\\agenda\\storage\\framework\\views\\2911da1993e8cc1230962216467adf37.php(91): Livewire\\Component->__call('getTimeOptions', Array)
#1 F:\\Coding\\Web\\Laravel\\agenda\\agenda\\vendor\\livewire\\livewire\\src\\Mechanisms\\ExtendBlade\\ExtendedCompilerEngine.php(37): include('F:\\\\Coding\\\\Web\\\\L...')
#2 F:\\Coding\\Web\\Laravel\\agenda\\agenda\\vendor\\livewire\\livewire\\src\\Mechanisms\\ExtendBlade\\ExtendedCompilerEngine.php(38): App\\Livewire\\CalendarAdmin->Livewire\\Mechanisms\\ExtendBlade\\{closure}()
#3 F:\\Coding\\Web\\Laravel\\agenda\\agenda\\vendor\\laravel\\framework\\src\\Illuminate\\View\\Engines\\CompilerEngine.php(76): Livewire\\Mechanisms\\ExtendBlade\\ExtendedCompilerEngine->evaluatePath('F:\\\\Coding\\\\Web\\\\L...', Array)
#4 F:\\Coding\\Web\\Laravel\\agenda\\agenda\\vendor\\livewire\\livewire\\src\\Mechanisms\\ExtendBlade\\ExtendedCompilerEngine.php(16): Illuminate\\View\\Engines\\CompilerEngine->get('F:\\\\Coding\\\\Web\\\\L...', Array)
#5 F:\\Coding\\Web\\Laravel\\agenda\\agenda\\vendor\\laravel\\framework\\src\\Illuminate\\View\\View.php(208): Livewire\\Mechanisms\\ExtendBlade\\ExtendedCompilerEngine->get('F:\\\\Coding\\\\Web\\\\L...', Array)
#6 F:\\Coding\\Web\\Laravel\\agenda\\agenda\\vendor\\laravel\\framework\\src\\Illuminate\\View\\View.php(191): Illuminate\\View\\View->getContents()
#7 F:\\Coding\\Web\\Laravel\\agenda\\agenda\\vendor\\laravel\\framework\\src\\Illuminate\\View\\View.php(160): Illuminate\\View\\View->renderContents()
#8 F:\\Coding\\Web\\Laravel\\agenda\\agenda\\storage\\framework\\views\\2402510ce86b8be5b981a90d88f2e006.php(21): Illuminate\\View\\View->render()
#9 F:\\Coding\\Web\\Laravel\\agenda\\agenda\\vendor\\livewire\\livewire\\src\\Mechanisms\\ExtendBlade\\ExtendedCompilerEngine.php(37): include('F:\\\\Coding\\\\Web\\\\L...')
#10 F:\\Coding\\Web\\Laravel\\agenda\\agenda\\vendor\\livewire\\livewire\\src\\Mechanisms\\ExtendBlade\\ExtendedCompilerEngine.php(38): App\\Livewire\\CalendarAdmin->Livewire\\Mechanisms\\ExtendBlade\\{closure}()
#11 F:\\Coding\\Web\\Laravel\\agenda\\agenda\\vendor\\laravel\\framework\\src\\Illuminate\\View\\Engines\\CompilerEngine.php(76): Livewire\\Mechanisms\\ExtendBlade\\ExtendedCompilerEngine->evaluatePath('F:\\\\Coding\\\\Web\\\\L...', Array)
#12 F:\\Coding\\Web\\Laravel\\agenda\\agenda\\vendor\\livewire\\livewire\\src\\Mechanisms\\ExtendBlade\\ExtendedCompilerEngine.php(16): Illuminate\\View\\Engines\\CompilerEngine->get('F:\\\\Coding\\\\Web\\\\L...', Array)
#13 F:\\Coding\\Web\\Laravel\\agenda\\agenda\\vendor\\laravel\\framework\\src\\Illuminate\\View\\View.php(208): Livewire\\Mechanisms\\ExtendBlade\\ExtendedCompilerEngine->get('F:\\\\Coding\\\\Web\\\\L...', Array)
#14 F:\\Coding\\Web\\Laravel\\agenda\\agenda\\vendor\\laravel\\framework\\src\\Illuminate\\View\\View.php(191): Illuminate\\View\\View->getContents()
#15 F:\\Coding\\Web\\Laravel\\agenda\\agenda\\vendor\\laravel\\framework\\src\\Illuminate\\View\\View.php(160): Illuminate\\View\\View->renderContents()
#16 F:\\Coding\\Web\\Laravel\\agenda\\agenda\\vendor\\livewire\\livewire\\src\\Mechanisms\\HandleComponents\\HandleComponents.php(259): Illuminate\\View\\View->render(Object(Closure))
#17 F:\\Coding\\Web\\Laravel\\agenda\\agenda\\vendor\\livewire\\livewire\\src\\Mechanisms\\HandleComponents\\HandleComponents.php(303): Livewire\\Mechanisms\\HandleComponents\\HandleComponents->Livewire\\Mechanisms\\HandleComponents\\{closure}()
#18 F:\\Coding\\Web\\Laravel\\agenda\\agenda\\vendor\\livewire\\livewire\\src\\Mechanisms\\HandleComponents\\HandleComponents.php(251): Livewire\\Mechanisms\\HandleComponents\\HandleComponents->trackInRenderStack(Object(App\\Livewire\\CalendarAdmin), Object(Closure))
#19 F:\\Coding\\Web\\Laravel\\agenda\\agenda\\vendor\\livewire\\livewire\\src\\Mechanisms\\HandleComponents\\HandleComponents.php(104): Livewire\\Mechanisms\\HandleComponents\\HandleComponents->render(Object(App\\Livewire\\CalendarAdmin))
#20 F:\\Coding\\Web\\Laravel\\agenda\\agenda\\vendor\\livewire\\livewire\\src\\LivewireManager.php(102): Livewire\\Mechanisms\\HandleComponents\\HandleComponents->update(Array, Array, Array)
#21 F:\\Coding\\Web\\Laravel\\agenda\\agenda\\vendor\\livewire\\volt\\src\\LivewireManager.php(35): Livewire\\LivewireManager->update(Array, Array, Array)
#22 F:\\Coding\\Web\\Laravel\\agenda\\agenda\\vendor\\livewire\\livewire\\src\\Mechanisms\\HandleRequests\\HandleRequests.php(94): Livewire\\Volt\\LivewireManager->update(Array, Array, Array)
#23 F:\\Coding\\Web\\Laravel\\agenda\\agenda\\vendor\\laravel\\framework\\src\\Illuminate\\Routing\\ControllerDispatcher.php(46): Livewire\\Mechanisms\\HandleRequests\\HandleRequests->handleUpdate()
#24 F:\\Coding\\Web\\Laravel\\agenda\\agenda\\vendor\\laravel\\framework\\src\\Illuminate\\Routing\\Route.php(265): Illuminate\\Routing\\ControllerDispatcher->dispatch(Object(Illuminate\\Routing\\Route), Object(Livewire\\Mechanisms\\HandleRequests\\HandleRequests), 'handleUpdate')
#25 F:\\Coding\\Web\\Laravel\\agenda\\agenda\\vendor\\laravel\\framework\\src\\Illuminate\\Routing\\Route.php(211): Illuminate\\Routing\\Route->runController()
#26 F:\\Coding\\Web\\Laravel\\agenda\\agenda\\vendor\\laravel\\framework\\src\\Illuminate\\Routing\\Router.php(808): Illuminate\\Routing\\Route->run()
#27 F:\\Coding\\Web\\Laravel\\agenda\\agenda\\vendor\\laravel\\framework\\src\\Illuminate\\Pipeline\\Pipeline.php(169): Illuminate\\Routing\\Router->Illuminate\\Routing\\{closure}(Object(Illuminate\\Http\\Request))
#28 F:\\Coding\\Web\\Laravel\\agenda\\agenda\\vendor\\laravel\\framework\\src\\Illuminate\\Routing\\Middleware\\SubstituteBindings.php(50): Illuminate\\Pipeline\\Pipeline->Illuminate\\Pipeline\\{closure}(Object(Illuminate\\Http\\Request))
#29 F:\\Coding\\Web\\Laravel\\agenda\\agenda\\vendor\\laravel\\framework\\src\\Illuminate\\Pipeline\\Pipeline.php(208): Illuminate\\Routing\\Middleware\\SubstituteBindings->handle(Object(Illuminate\\Http\\Request), Object(Closure))
#30 F:\\Coding\\Web\\Laravel\\agenda\\agenda\\vendor\\laravel\\framework\\src\\Illuminate\\Foundation\\Http\\Middleware\\VerifyCsrfToken.php(87): Illuminate\\Pipeline\\Pipeline->Illuminate\\Pipeline\\{closure}(Object(Illuminate\\Http\\Request))
#31 F:\\Coding\\Web\\Laravel\\agenda\\agenda\\vendor\\laravel\\framework\\src\\Illuminate\\Pipeline\\Pipeline.php(208): Illuminate\\Foundation\\Http\\Middleware\\VerifyCsrfToken->handle(Object(Illuminate\\Http\\Request), Object(Closure))
#32 F:\\Coding\\Web\\Laravel\\agenda\\agenda\\vendor\\laravel\\framework\\src\\Illuminate\\View\\Middleware\\ShareErrorsFromSession.php(48): Illuminate\\Pipeline\\Pipeline->Illuminate\\Pipeline\\{closure}(Object(Illuminate\\Http\\Request))
#33 F:\\Coding\\Web\\Laravel\\agenda\\agenda\\vendor\\laravel\\framework\\src\\Illuminate\\Pipeline\\Pipeline.php(208): Illuminate\\View\\Middleware\\ShareErrorsFromSession->handle(Object(Illuminate\\Http\\Request), Object(Closure))
#34 F:\\Coding\\Web\\Laravel\\agenda\\agenda\\vendor\\laravel\\framework\\src\\Illuminate\\Session\\Middleware\\StartSession.php(120): Illuminate\\Pipeline\\Pipeline->Illuminate\\Pipeline\\{closure}(Object(Illuminate\\Http\\Request))
#35 F:\\Coding\\Web\\Laravel\\agenda\\agenda\\vendor\\laravel\\framework\\src\\Illuminate\\Session\\Middleware\\StartSession.php(63): Illuminate\\Session\\Middleware\\StartSession->handleStatefulRequest(Object(Illuminate\\Http\\Request), Object(Illuminate\\Session\\Store), Object(Closure))
#36 F:\\Coding\\Web\\Laravel\\agenda\\agenda\\vendor\\laravel\\framework\\src\\Illuminate\\Pipeline\\Pipeline.php(208): Illuminate\\Session\\Middleware\\StartSession->handle(Object(Illuminate\\Http\\Request), Object(Closure))
#37 F:\\Coding\\Web\\Laravel\\agenda\\agenda\\vendor\\laravel\\framework\\src\\Illuminate\\Cookie\\Middleware\\AddQueuedCookiesToResponse.php(36): Illuminate\\Pipeline\\Pipeline->Illuminate\\Pipeline\\{closure}(Object(Illuminate\\Http\\Request))
#38 F:\\Coding\\Web\\Laravel\\agenda\\agenda\\vendor\\laravel\\framework\\src\\Illuminate\\Pipeline\\Pipeline.php(208): Illuminate\\Cookie\\Middleware\\AddQueuedCookiesToResponse->handle(Object(Illuminate\\Http\\Request), Object(Closure))
#39 F:\\Coding\\Web\\Laravel\\agenda\\agenda\\vendor\\laravel\\framework\\src\\Illuminate\\Cookie\\Middleware\\EncryptCookies.php(74): Illuminate\\Pipeline\\Pipeline->Illuminate\\Pipeline\\{closure}(Object(Illuminate\\Http\\Request))
#40 F:\\Coding\\Web\\Laravel\\agenda\\agenda\\vendor\\laravel\\framework\\src\\Illuminate\\Pipeline\\Pipeline.php(208): Illuminate\\Cookie\\Middleware\\EncryptCookies->handle(Object(Illuminate\\Http\\Request), Object(Closure))
#41 F:\\Coding\\Web\\Laravel\\agenda\\agenda\\vendor\\laravel\\framework\\src\\Illuminate\\Pipeline\\Pipeline.php(126): Illuminate\\Pipeline\\Pipeline->Illuminate\\Pipeline\\{closure}(Object(Illuminate\\Http\\Request))
#42 F:\\Coding\\Web\\Laravel\\agenda\\agenda\\vendor\\laravel\\framework\\src\\Illuminate\\Routing\\Router.php(807): Illuminate\\Pipeline\\Pipeline->then(Object(Closure))
#43 F:\\Coding\\Web\\Laravel\\agenda\\agenda\\vendor\\laravel\\framework\\src\\Illuminate\\Routing\\Router.php(786): Illuminate\\Routing\\Router->runRouteWithinStack(Object(Illuminate\\Routing\\Route), Object(Illuminate\\Http\\Request))
#44 F:\\Coding\\Web\\Laravel\\agenda\\agenda\\vendor\\laravel\\framework\\src\\Illuminate\\Routing\\Router.php(750): Illuminate\\Routing\\Router->runRoute(Object(Illuminate\\Http\\Request), Object(Illuminate\\Routing\\Route))
#45 F:\\Coding\\Web\\Laravel\\agenda\\agenda\\vendor\\laravel\\framework\\src\\Illuminate\\Routing\\Router.php(739): Illuminate\\Routing\\Router->dispatchToRoute(Object(Illuminate\\Http\\Request))
#46 F:\\Coding\\Web\\Laravel\\agenda\\agenda\\vendor\\laravel\\framework\\src\\Illuminate\\Foundation\\Http\\Kernel.php(200): Illuminate\\Routing\\Router->dispatch(Object(Illuminate\\Http\\Request))
#47 F:\\Coding\\Web\\Laravel\\agenda\\agenda\\vendor\\laravel\\framework\\src\\Illuminate\\Pipeline\\Pipeline.php(169): Illuminate\\Foundation\\Http\\Kernel->Illuminate\\Foundation\\Http\\{closure}(Object(Illuminate\\Http\\Request))
#48 F:\\Coding\\Web\\Laravel\\agenda\\agenda\\vendor\\livewire\\livewire\\src\\Features\\SupportDisablingBackButtonCache\\DisableBackButtonCacheMiddleware.php(19): Illuminate\\Pipeline\\Pipeline->Illuminate\\Pipeline\\{closure}(Object(Illuminate\\Http\\Request))
#49 F:\\Coding\\Web\\Laravel\\agenda\\agenda\\vendor\\laravel\\framework\\src\\Illuminate\\Pipeline\\Pipeline.php(208): Livewire\\Features\\SupportDisablingBackButtonCache\\DisableBackButtonCacheMiddleware->handle(Object(Illuminate\\Http\\Request), Object(Closure))
#50 F:\\Coding\\Web\\Laravel\\agenda\\agenda\\vendor\\laravel\\framework\\src\\Illuminate\\Foundation\\Http\\Middleware\\ConvertEmptyStringsToNull.php(27): Illuminate\\Pipeline\\Pipeline->Illuminate\\Pipeline\\{closure}(Object(Illuminate\\Http\\Request))
#51 F:\\Coding\\Web\\Laravel\\agenda\\agenda\\vendor\\laravel\\framework\\src\\Illuminate\\Pipeline\\Pipeline.php(208): Illuminate\\Foundation\\Http\\Middleware\\ConvertEmptyStringsToNull->handle(Object(Illuminate\\Http\\Request), Object(Closure))
#52 F:\\Coding\\Web\\Laravel\\agenda\\agenda\\vendor\\laravel\\framework\\src\\Illuminate\\Foundation\\Http\\Middleware\\TrimStrings.php(47): Illuminate\\Pipeline\\Pipeline->Illuminate\\Pipeline\\{closure}(Object(Illuminate\\Http\\Request))
#53 F:\\Coding\\Web\\Laravel\\agenda\\agenda\\vendor\\laravel\\framework\\src\\Illuminate\\Pipeline\\Pipeline.php(208): Illuminate\\Foundation\\Http\\Middleware\\TrimStrings->handle(Object(Illuminate\\Http\\Request), Object(Closure))
#54 F:\\Coding\\Web\\Laravel\\agenda\\agenda\\vendor\\laravel\\framework\\src\\Illuminate\\Http\\Middleware\\ValidatePostSize.php(27): Illuminate\\Pipeline\\Pipeline->Illuminate\\Pipeline\\{closure}(Object(Illuminate\\Http\\Request))
#55 F:\\Coding\\Web\\Laravel\\agenda\\agenda\\vendor\\laravel\\framework\\src\\Illuminate\\Pipeline\\Pipeline.php(208): Illuminate\\Http\\Middleware\\ValidatePostSize->handle(Object(Illuminate\\Http\\Request), Object(Closure))
#56 F:\\Coding\\Web\\Laravel\\agenda\\agenda\\vendor\\laravel\\framework\\src\\Illuminate\\Foundation\\Http\\Middleware\\PreventRequestsDuringMaintenance.php(109): Illuminate\\Pipeline\\Pipeline->Illuminate\\Pipeline\\{closure}(Object(Illuminate\\Http\\Request))
#57 F:\\Coding\\Web\\Laravel\\agenda\\agenda\\vendor\\laravel\\framework\\src\\Illuminate\\Pipeline\\Pipeline.php(208): Illuminate\\Foundation\\Http\\Middleware\\PreventRequestsDuringMaintenance->handle(Object(Illuminate\\Http\\Request), Object(Closure))
#58 F:\\Coding\\Web\\Laravel\\agenda\\agenda\\vendor\\laravel\\framework\\src\\Illuminate\\Http\\Middleware\\HandleCors.php(48): Illuminate\\Pipeline\\Pipeline->Illuminate\\Pipeline\\{closure}(Object(Illuminate\\Http\\Request))
#59 F:\\Coding\\Web\\Laravel\\agenda\\agenda\\vendor\\laravel\\framework\\src\\Illuminate\\Pipeline\\Pipeline.php(208): Illuminate\\Http\\Middleware\\HandleCors->handle(Object(Illuminate\\Http\\Request), Object(Closure))
#60 F:\\Coding\\Web\\Laravel\\agenda\\agenda\\vendor\\laravel\\framework\\src\\Illuminate\\Http\\Middleware\\TrustProxies.php(58): Illuminate\\Pipeline\\Pipeline->Illuminate\\Pipeline\\{closure}(Object(Illuminate\\Http\\Request))
#61 F:\\Coding\\Web\\Laravel\\agenda\\agenda\\vendor\\laravel\\framework\\src\\Illuminate\\Pipeline\\Pipeline.php(208): Illuminate\\Http\\Middleware\\TrustProxies->handle(Object(Illuminate\\Http\\Request), Object(Closure))
#62 F:\\Coding\\Web\\Laravel\\agenda\\agenda\\vendor\\laravel\\framework\\src\\Illuminate\\Foundation\\Http\\Middleware\\InvokeDeferredCallbacks.php(22): Illuminate\\Pipeline\\Pipeline->Illuminate\\Pipeline\\{closure}(Object(Illuminate\\Http\\Request))
#63 F:\\Coding\\Web\\Laravel\\agenda\\agenda\\vendor\\laravel\\framework\\src\\Illuminate\\Pipeline\\Pipeline.php(208): Illuminate\\Foundation\\Http\\Middleware\\InvokeDeferredCallbacks->handle(Object(Illuminate\\Http\\Request), Object(Closure))
#64 F:\\Coding\\Web\\Laravel\\agenda\\agenda\\vendor\\laravel\\framework\\src\\Illuminate\\Http\\Middleware\\ValidatePathEncoding.php(26): Illuminate\\Pipeline\\Pipeline->Illuminate\\Pipeline\\{closure}(Object(Illuminate\\Http\\Request))
#65 F:\\Coding\\Web\\Laravel\\agenda\\agenda\\vendor\\laravel\\framework\\src\\Illuminate\\Pipeline\\Pipeline.php(208): Illuminate\\Http\\Middleware\\ValidatePathEncoding->handle(Object(Illuminate\\Http\\Request), Object(Closure))
#66 F:\\Coding\\Web\\Laravel\\agenda\\agenda\\vendor\\laravel\\framework\\src\\Illuminate\\Pipeline\\Pipeline.php(126): Illuminate\\Pipeline\\Pipeline->Illuminate\\Pipeline\\{closure}(Object(Illuminate\\Http\\Request))
#67 F:\\Coding\\Web\\Laravel\\agenda\\agenda\\vendor\\laravel\\framework\\src\\Illuminate\\Foundation\\Http\\Kernel.php(175): Illuminate\\Pipeline\\Pipeline->then(Object(Closure))
#68 F:\\Coding\\Web\\Laravel\\agenda\\agenda\\vendor\\laravel\\framework\\src\\Illuminate\\Foundation\\Http\\Kernel.php(144): Illuminate\\Foundation\\Http\\Kernel->sendRequestThroughRouter(Object(Illuminate\\Http\\Request))
#69 F:\\Coding\\Web\\Laravel\\agenda\\agenda\\vendor\\laravel\\framework\\src\\Illuminate\\Foundation\\Application.php(1219): Illuminate\\Foundation\\Http\\Kernel->handle(Object(Illuminate\\Http\\Request))
#70 F:\\Coding\\Web\\Laravel\\agenda\\agenda\\public\\index.php(20): Illuminate\\Foundation\\Application->handleRequest(Object(Illuminate\\Http\\Request))
#71 F:\\Coding\\Web\\Laravel\\agenda\\agenda\\vendor\\laravel\\framework\\src\\Illuminate\\Foundation\\resources\\server.php(23): require_once('F:\\\\Coding\\\\Web\\\\L...')
#72 {main}
"} 
[2025-09-09 00:14:42] local.ERROR: Method App\Livewire\CalendarAdmin::getTimeOptions does not exist. (View: F:\Coding\Web\Laravel\agenda\agenda\resources\views\partials\modal-edit.blade.php) (View: F:\Coding\Web\Laravel\agenda\agenda\resources\views\partials\modal-edit.blade.php) {"userId":1,"exception":"[object] (Illuminate\\View\\ViewException(code: 0): Method App\\Livewire\\CalendarAdmin::getTimeOptions does not exist. (View: F:\\Coding\\Web\\Laravel\\agenda\\agenda\\resources\\views\\partials\\modal-edit.blade.php) (View: F:\\Coding\\Web\\Laravel\\agenda\\agenda\\resources\\views\\partials\\modal-edit.blade.php) at F:\\Coding\\Web\\Laravel\\agenda\\agenda\\vendor\\livewire\\livewire\\src\\Component.php:136)
[stacktrace]
#0 F:\\Coding\\Web\\Laravel\\agenda\\agenda\\vendor\\livewire\\livewire\\src\\Mechanisms\\ExtendBlade\\ExtendedCompilerEngine.php(58): Illuminate\\View\\Engines\\CompilerEngine->handleViewException(Object(Illuminate\\View\\ViewException), 1)
#1 F:\\Coding\\Web\\Laravel\\agenda\\agenda\\vendor\\livewire\\livewire\\src\\Mechanisms\\ExtendBlade\\ExtendedCompilerEngine.php(40): Livewire\\Mechanisms\\ExtendBlade\\ExtendedCompilerEngine->handleViewException(Object(Illuminate\\View\\ViewException), 1)
#2 F:\\Coding\\Web\\Laravel\\agenda\\agenda\\vendor\\laravel\\framework\\src\\Illuminate\\View\\Engines\\CompilerEngine.php(76): Livewire\\Mechanisms\\ExtendBlade\\ExtendedCompilerEngine->evaluatePath('F:\\\\Coding\\\\Web\\\\L...', Array)
#3 F:\\Coding\\Web\\Laravel\\agenda\\agenda\\vendor\\livewire\\livewire\\src\\Mechanisms\\ExtendBlade\\ExtendedCompilerEngine.php(16): Illuminate\\View\\Engines\\CompilerEngine->get('F:\\\\Coding\\\\Web\\\\L...', Array)
#4 F:\\Coding\\Web\\Laravel\\agenda\\agenda\\vendor\\laravel\\framework\\src\\Illuminate\\View\\View.php(208): Livewire\\Mechanisms\\ExtendBlade\\ExtendedCompilerEngine->get('F:\\\\Coding\\\\Web\\\\L...', Array)
#5 F:\\Coding\\Web\\Laravel\\agenda\\agenda\\vendor\\laravel\\framework\\src\\Illuminate\\View\\View.php(191): Illuminate\\View\\View->getContents()
#6 F:\\Coding\\Web\\Laravel\\agenda\\agenda\\vendor\\laravel\\framework\\src\\Illuminate\\View\\View.php(160): Illuminate\\View\\View->renderContents()
#7 F:\\Coding\\Web\\Laravel\\agenda\\agenda\\vendor\\livewire\\livewire\\src\\Mechanisms\\HandleComponents\\HandleComponents.php(259): Illuminate\\View\\View->render(Object(Closure))
#8 F:\\Coding\\Web\\Laravel\\agenda\\agenda\\vendor\\livewire\\livewire\\src\\Mechanisms\\HandleComponents\\HandleComponents.php(303): Livewire\\Mechanisms\\HandleComponents\\HandleComponents->Livewire\\Mechanisms\\HandleComponents\\{closure}()
#9 F:\\Coding\\Web\\Laravel\\agenda\\agenda\\vendor\\livewire\\livewire\\src\\Mechanisms\\HandleComponents\\HandleComponents.php(251): Livewire\\Mechanisms\\HandleComponents\\HandleComponents->trackInRenderStack(Object(App\\Livewire\\CalendarAdmin), Object(Closure))
#10 F:\\Coding\\Web\\Laravel\\agenda\\agenda\\vendor\\livewire\\livewire\\src\\Mechanisms\\HandleComponents\\HandleComponents.php(104): Livewire\\Mechanisms\\HandleComponents\\HandleComponents->render(Object(App\\Livewire\\CalendarAdmin))
#11 F:\\Coding\\Web\\Laravel\\agenda\\agenda\\vendor\\livewire\\livewire\\src\\LivewireManager.php(102): Livewire\\Mechanisms\\HandleComponents\\HandleComponents->update(Array, Array, Array)
#12 F:\\Coding\\Web\\Laravel\\agenda\\agenda\\vendor\\livewire\\volt\\src\\LivewireManager.php(35): Livewire\\LivewireManager->update(Array, Array, Array)
#13 F:\\Coding\\Web\\Laravel\\agenda\\agenda\\vendor\\livewire\\livewire\\src\\Mechanisms\\HandleRequests\\HandleRequests.php(94): Livewire\\Volt\\LivewireManager->update(Array, Array, Array)
#14 F:\\Coding\\Web\\Laravel\\agenda\\agenda\\vendor\\laravel\\framework\\src\\Illuminate\\Routing\\ControllerDispatcher.php(46): Livewire\\Mechanisms\\HandleRequests\\HandleRequests->handleUpdate()
#15 F:\\Coding\\Web\\Laravel\\agenda\\agenda\\vendor\\laravel\\framework\\src\\Illuminate\\Routing\\Route.php(265): Illuminate\\Routing\\ControllerDispatcher->dispatch(Object(Illuminate\\Routing\\Route), Object(Livewire\\Mechanisms\\HandleRequests\\HandleRequests), 'handleUpdate')
#16 F:\\Coding\\Web\\Laravel\\agenda\\agenda\\vendor\\laravel\\framework\\src\\Illuminate\\Routing\\Route.php(211): Illuminate\\Routing\\Route->runController()
#17 F:\\Coding\\Web\\Laravel\\agenda\\agenda\\vendor\\laravel\\framework\\src\\Illuminate\\Routing\\Router.php(808): Illuminate\\Routing\\Route->run()
#18 F:\\Coding\\Web\\Laravel\\agenda\\agenda\\vendor\\laravel\\framework\\src\\Illuminate\\Pipeline\\Pipeline.php(169): Illuminate\\Routing\\Router->Illuminate\\Routing\\{closure}(Object(Illuminate\\Http\\Request))
#19 F:\\Coding\\Web\\Laravel\\agenda\\agenda\\vendor\\laravel\\framework\\src\\Illuminate\\Routing\\Middleware\\SubstituteBindings.php(50): Illuminate\\Pipeline\\Pipeline->Illuminate\\Pipeline\\{closure}(Object(Illuminate\\Http\\Request))
#20 F:\\Coding\\Web\\Laravel\\agenda\\agenda\\vendor\\laravel\\framework\\src\\Illuminate\\Pipeline\\Pipeline.php(208): Illuminate\\Routing\\Middleware\\SubstituteBindings->handle(Object(Illuminate\\Http\\Request), Object(Closure))
#21 F:\\Coding\\Web\\Laravel\\agenda\\agenda\\vendor\\laravel\\framework\\src\\Illuminate\\Foundation\\Http\\Middleware\\VerifyCsrfToken.php(87): Illuminate\\Pipeline\\Pipeline->Illuminate\\Pipeline\\{closure}(Object(Illuminate\\Http\\Request))
#22 F:\\Coding\\Web\\Laravel\\agenda\\agenda\\vendor\\laravel\\framework\\src\\Illuminate\\Pipeline\\Pipeline.php(208): Illuminate\\Foundation\\Http\\Middleware\\VerifyCsrfToken->handle(Object(Illuminate\\Http\\Request), Object(Closure))
#23 F:\\Coding\\Web\\Laravel\\agenda\\agenda\\vendor\\laravel\\framework\\src\\Illuminate\\View\\Middleware\\ShareErrorsFromSession.php(48): Illuminate\\Pipeline\\Pipeline->Illuminate\\Pipeline\\{closure}(Object(Illuminate\\Http\\Request))
#24 F:\\Coding\\Web\\Laravel\\agenda\\agenda\\vendor\\laravel\\framework\\src\\Illuminate\\Pipeline\\Pipeline.php(208): Illuminate\\View\\Middleware\\ShareErrorsFromSession->handle(Object(Illuminate\\Http\\Request), Object(Closure))
#25 F:\\Coding\\Web\\Laravel\\agenda\\agenda\\vendor\\laravel\\framework\\src\\Illuminate\\Session\\Middleware\\StartSession.php(120): Illuminate\\Pipeline\\Pipeline->Illuminate\\Pipeline\\{closure}(Object(Illuminate\\Http\\Request))
#26 F:\\Coding\\Web\\Laravel\\agenda\\agenda\\vendor\\laravel\\framework\\src\\Illuminate\\Session\\Middleware\\StartSession.php(63): Illuminate\\Session\\Middleware\\StartSession->handleStatefulRequest(Object(Illuminate\\Http\\Request), Object(Illuminate\\Session\\Store), Object(Closure))
#27 F:\\Coding\\Web\\Laravel\\agenda\\agenda\\vendor\\laravel\\framework\\src\\Illuminate\\Pipeline\\Pipeline.php(208): Illuminate\\Session\\Middleware\\StartSession->handle(Object(Illuminate\\Http\\Request), Object(Closure))
#28 F:\\Coding\\Web\\Laravel\\agenda\\agenda\\vendor\\laravel\\framework\\src\\Illuminate\\Cookie\\Middleware\\AddQueuedCookiesToResponse.php(36): Illuminate\\Pipeline\\Pipeline->Illuminate\\Pipeline\\{closure}(Object(Illuminate\\Http\\Request))
#29 F:\\Coding\\Web\\Laravel\\agenda\\agenda\\vendor\\laravel\\framework\\src\\Illuminate\\Pipeline\\Pipeline.php(208): Illuminate\\Cookie\\Middleware\\AddQueuedCookiesToResponse->handle(Object(Illuminate\\Http\\Request), Object(Closure))
#30 F:\\Coding\\Web\\Laravel\\agenda\\agenda\\vendor\\laravel\\framework\\src\\Illuminate\\Cookie\\Middleware\\EncryptCookies.php(74): Illuminate\\Pipeline\\Pipeline->Illuminate\\Pipeline\\{closure}(Object(Illuminate\\Http\\Request))
#31 F:\\Coding\\Web\\Laravel\\agenda\\agenda\\vendor\\laravel\\framework\\src\\Illuminate\\Pipeline\\Pipeline.php(208): Illuminate\\Cookie\\Middleware\\EncryptCookies->handle(Object(Illuminate\\Http\\Request), Object(Closure))
#32 F:\\Coding\\Web\\Laravel\\agenda\\agenda\\vendor\\laravel\\framework\\src\\Illuminate\\Pipeline\\Pipeline.php(126): Illuminate\\Pipeline\\Pipeline->Illuminate\\Pipeline\\{closure}(Object(Illuminate\\Http\\Request))
#33 F:\\Coding\\Web\\Laravel\\agenda\\agenda\\vendor\\laravel\\framework\\src\\Illuminate\\Routing\\Router.php(807): Illuminate\\Pipeline\\Pipeline->then(Object(Closure))
#34 F:\\Coding\\Web\\Laravel\\agenda\\agenda\\vendor\\laravel\\framework\\src\\Illuminate\\Routing\\Router.php(786): Illuminate\\Routing\\Router->runRouteWithinStack(Object(Illuminate\\Routing\\Route), Object(Illuminate\\Http\\Request))
#35 F:\\Coding\\Web\\Laravel\\agenda\\agenda\\vendor\\laravel\\framework\\src\\Illuminate\\Routing\\Router.php(750): Illuminate\\Routing\\Router->runRoute(Object(Illuminate\\Http\\Request), Object(Illuminate\\Routing\\Route))
#36 F:\\Coding\\Web\\Laravel\\agenda\\agenda\\vendor\\laravel\\framework\\src\\Illuminate\\Routing\\Router.php(739): Illuminate\\Routing\\Router->dispatchToRoute(Object(Illuminate\\Http\\Request))
#37 F:\\Coding\\Web\\Laravel\\agenda\\agenda\\vendor\\laravel\\framework\\src\\Illuminate\\Foundation\\Http\\Kernel.php(200): Illuminate\\Routing\\Router->dispatch(Object(Illuminate\\Http\\Request))
#38 F:\\Coding\\Web\\Laravel\\agenda\\agenda\\vendor\\laravel\\framework\\src\\Illuminate\\Pipeline\\Pipeline.php(169): Illuminate\\Foundation\\Http\\Kernel->Illuminate\\Foundation\\Http\\{closure}(Object(Illuminate\\Http\\Request))
#39 F:\\Coding\\Web\\Laravel\\agenda\\agenda\\vendor\\livewire\\livewire\\src\\Features\\SupportDisablingBackButtonCache\\DisableBackButtonCacheMiddleware.php(19): Illuminate\\Pipeline\\Pipeline->Illuminate\\Pipeline\\{closure}(Object(Illuminate\\Http\\Request))
#40 F:\\Coding\\Web\\Laravel\\agenda\\agenda\\vendor\\laravel\\framework\\src\\Illuminate\\Pipeline\\Pipeline.php(208): Livewire\\Features\\SupportDisablingBackButtonCache\\DisableBackButtonCacheMiddleware->handle(Object(Illuminate\\Http\\Request), Object(Closure))
#41 F:\\Coding\\Web\\Laravel\\agenda\\agenda\\vendor\\laravel\\framework\\src\\Illuminate\\Foundation\\Http\\Middleware\\ConvertEmptyStringsToNull.php(27): Illuminate\\Pipeline\\Pipeline->Illuminate\\Pipeline\\{closure}(Object(Illuminate\\Http\\Request))
#42 F:\\Coding\\Web\\Laravel\\agenda\\agenda\\vendor\\laravel\\framework\\src\\Illuminate\\Pipeline\\Pipeline.php(208): Illuminate\\Foundation\\Http\\Middleware\\ConvertEmptyStringsToNull->handle(Object(Illuminate\\Http\\Request), Object(Closure))
#43 F:\\Coding\\Web\\Laravel\\agenda\\agenda\\vendor\\laravel\\framework\\src\\Illuminate\\Foundation\\Http\\Middleware\\TrimStrings.php(47): Illuminate\\Pipeline\\Pipeline->Illuminate\\Pipeline\\{closure}(Object(Illuminate\\Http\\Request))
#44 F:\\Coding\\Web\\Laravel\\agenda\\agenda\\vendor\\laravel\\framework\\src\\Illuminate\\Pipeline\\Pipeline.php(208): Illuminate\\Foundation\\Http\\Middleware\\TrimStrings->handle(Object(Illuminate\\Http\\Request), Object(Closure))
#45 F:\\Coding\\Web\\Laravel\\agenda\\agenda\\vendor\\laravel\\framework\\src\\Illuminate\\Http\\Middleware\\ValidatePostSize.php(27): Illuminate\\Pipeline\\Pipeline->Illuminate\\Pipeline\\{closure}(Object(Illuminate\\Http\\Request))
#46 F:\\Coding\\Web\\Laravel\\agenda\\agenda\\vendor\\laravel\\framework\\src\\Illuminate\\Pipeline\\Pipeline.php(208): Illuminate\\Http\\Middleware\\ValidatePostSize->handle(Object(Illuminate\\Http\\Request), Object(Closure))
#47 F:\\Coding\\Web\\Laravel\\agenda\\agenda\\vendor\\laravel\\framework\\src\\Illuminate\\Foundation\\Http\\Middleware\\PreventRequestsDuringMaintenance.php(109): Illuminate\\Pipeline\\Pipeline->Illuminate\\Pipeline\\{closure}(Object(Illuminate\\Http\\Request))
#48 F:\\Coding\\Web\\Laravel\\agenda\\agenda\\vendor\\laravel\\framework\\src\\Illuminate\\Pipeline\\Pipeline.php(208): Illuminate\\Foundation\\Http\\Middleware\\PreventRequestsDuringMaintenance->handle(Object(Illuminate\\Http\\Request), Object(Closure))
#49 F:\\Coding\\Web\\Laravel\\agenda\\agenda\\vendor\\laravel\\framework\\src\\Illuminate\\Http\\Middleware\\HandleCors.php(48): Illuminate\\Pipeline\\Pipeline->Illuminate\\Pipeline\\{closure}(Object(Illuminate\\Http\\Request))
#50 F:\\Coding\\Web\\Laravel\\agenda\\agenda\\vendor\\laravel\\framework\\src\\Illuminate\\Pipeline\\Pipeline.php(208): Illuminate\\Http\\Middleware\\HandleCors->handle(Object(Illuminate\\Http\\Request), Object(Closure))
#51 F:\\Coding\\Web\\Laravel\\agenda\\agenda\\vendor\\laravel\\framework\\src\\Illuminate\\Http\\Middleware\\TrustProxies.php(58): Illuminate\\Pipeline\\Pipeline->Illuminate\\Pipeline\\{closure}(Object(Illuminate\\Http\\Request))
#52 F:\\Coding\\Web\\Laravel\\agenda\\agenda\\vendor\\laravel\\framework\\src\\Illuminate\\Pipeline\\Pipeline.php(208): Illuminate\\Http\\Middleware\\TrustProxies->handle(Object(Illuminate\\Http\\Request), Object(Closure))
#53 F:\\Coding\\Web\\Laravel\\agenda\\agenda\\vendor\\laravel\\framework\\src\\Illuminate\\Foundation\\Http\\Middleware\\InvokeDeferredCallbacks.php(22): Illuminate\\Pipeline\\Pipeline->Illuminate\\Pipeline\\{closure}(Object(Illuminate\\Http\\Request))
#54 F:\\Coding\\Web\\Laravel\\agenda\\agenda\\vendor\\laravel\\framework\\src\\Illuminate\\Pipeline\\Pipeline.php(208): Illuminate\\Foundation\\Http\\Middleware\\InvokeDeferredCallbacks->handle(Object(Illuminate\\Http\\Request), Object(Closure))
#55 F:\\Coding\\Web\\Laravel\\agenda\\agenda\\vendor\\laravel\\framework\\src\\Illuminate\\Http\\Middleware\\ValidatePathEncoding.php(26): Illuminate\\Pipeline\\Pipeline->Illuminate\\Pipeline\\{closure}(Object(Illuminate\\Http\\Request))
#56 F:\\Coding\\Web\\Laravel\\agenda\\agenda\\vendor\\laravel\\framework\\src\\Illuminate\\Pipeline\\Pipeline.php(208): Illuminate\\Http\\Middleware\\ValidatePathEncoding->handle(Object(Illuminate\\Http\\Request), Object(Closure))
#57 F:\\Coding\\Web\\Laravel\\agenda\\agenda\\vendor\\laravel\\framework\\src\\Illuminate\\Pipeline\\Pipeline.php(126): Illuminate\\Pipeline\\Pipeline->Illuminate\\Pipeline\\{closure}(Object(Illuminate\\Http\\Request))
#58 F:\\Coding\\Web\\Laravel\\agenda\\agenda\\vendor\\laravel\\framework\\src\\Illuminate\\Foundation\\Http\\Kernel.php(175): Illuminate\\Pipeline\\Pipeline->then(Object(Closure))
#59 F:\\Coding\\Web\\Laravel\\agenda\\agenda\\vendor\\laravel\\framework\\src\\Illuminate\\Foundation\\Http\\Kernel.php(144): Illuminate\\Foundation\\Http\\Kernel->sendRequestThroughRouter(Object(Illuminate\\Http\\Request))
#60 F:\\Coding\\Web\\Laravel\\agenda\\agenda\\vendor\\laravel\\framework\\src\\Illuminate\\Foundation\\Application.php(1219): Illuminate\\Foundation\\Http\\Kernel->handle(Object(Illuminate\\Http\\Request))
#61 F:\\Coding\\Web\\Laravel\\agenda\\agenda\\public\\index.php(20): Illuminate\\Foundation\\Application->handleRequest(Object(Illuminate\\Http\\Request))
#62 F:\\Coding\\Web\\Laravel\\agenda\\agenda\\vendor\\laravel\\framework\\src\\Illuminate\\Foundation\\resources\\server.php(23): require_once('F:\\\\Coding\\\\Web\\\\L...')
#63 {main}

[previous exception] [object] (Illuminate\\View\\ViewException(code: 0): Method App\\Livewire\\CalendarAdmin::getTimeOptions does not exist. (View: F:\\Coding\\Web\\Laravel\\agenda\\agenda\\resources\\views\\partials\\modal-edit.blade.php) at F:\\Coding\\Web\\Laravel\\agenda\\agenda\\vendor\\livewire\\livewire\\src\\Component.php:136)
[stacktrace]
#0 F:\\Coding\\Web\\Laravel\\agenda\\agenda\\vendor\\livewire\\livewire\\src\\Mechanisms\\ExtendBlade\\ExtendedCompilerEngine.php(58): Illuminate\\View\\Engines\\CompilerEngine->handleViewException(Object(BadMethodCallException), 2)
#1 F:\\Coding\\Web\\Laravel\\agenda\\agenda\\vendor\\livewire\\livewire\\src\\Mechanisms\\ExtendBlade\\ExtendedCompilerEngine.php(40): Livewire\\Mechanisms\\ExtendBlade\\ExtendedCompilerEngine->handleViewException(Object(BadMethodCallException), 2)
#2 F:\\Coding\\Web\\Laravel\\agenda\\agenda\\vendor\\laravel\\framework\\src\\Illuminate\\View\\Engines\\CompilerEngine.php(76): Livewire\\Mechanisms\\ExtendBlade\\ExtendedCompilerEngine->evaluatePath('F:\\\\Coding\\\\Web\\\\L...', Array)
#3 F:\\Coding\\Web\\Laravel\\agenda\\agenda\\vendor\\livewire\\livewire\\src\\Mechanisms\\ExtendBlade\\ExtendedCompilerEngine.php(16): Illuminate\\View\\Engines\\CompilerEngine->get('F:\\\\Coding\\\\Web\\\\L...', Array)
#4 F:\\Coding\\Web\\Laravel\\agenda\\agenda\\vendor\\laravel\\framework\\src\\Illuminate\\View\\View.php(208): Livewire\\Mechanisms\\ExtendBlade\\ExtendedCompilerEngine->get('F:\\\\Coding\\\\Web\\\\L...', Array)
#5 F:\\Coding\\Web\\Laravel\\agenda\\agenda\\vendor\\laravel\\framework\\src\\Illuminate\\View\\View.php(191): Illuminate\\View\\View->getContents()
#6 F:\\Coding\\Web\\Laravel\\agenda\\agenda\\vendor\\laravel\\framework\\src\\Illuminate\\View\\View.php(160): Illuminate\\View\\View->renderContents()
#7 F:\\Coding\\Web\\Laravel\\agenda\\agenda\\storage\\framework\\views\\2402510ce86b8be5b981a90d88f2e006.php(21): Illuminate\\View\\View->render()
#8 F:\\Coding\\Web\\Laravel\\agenda\\agenda\\vendor\\livewire\\livewire\\src\\Mechanisms\\ExtendBlade\\ExtendedCompilerEngine.php(37): include('F:\\\\Coding\\\\Web\\\\L...')
#9 F:\\Coding\\Web\\Laravel\\agenda\\agenda\\vendor\\livewire\\livewire\\src\\Mechanisms\\ExtendBlade\\ExtendedCompilerEngine.php(38): App\\Livewire\\CalendarAdmin->Livewire\\Mechanisms\\ExtendBlade\\{closure}()
#10 F:\\Coding\\Web\\Laravel\\agenda\\agenda\\vendor\\laravel\\framework\\src\\Illuminate\\View\\Engines\\CompilerEngine.php(76): Livewire\\Mechanisms\\ExtendBlade\\ExtendedCompilerEngine->evaluatePath('F:\\\\Coding\\\\Web\\\\L...', Array)
#11 F:\\Coding\\Web\\Laravel\\agenda\\agenda\\vendor\\livewire\\livewire\\src\\Mechanisms\\ExtendBlade\\ExtendedCompilerEngine.php(16): Illuminate\\View\\Engines\\CompilerEngine->get('F:\\\\Coding\\\\Web\\\\L...', Array)
#12 F:\\Coding\\Web\\Laravel\\agenda\\agenda\\vendor\\laravel\\framework\\src\\Illuminate\\View\\View.php(208): Livewire\\Mechanisms\\ExtendBlade\\ExtendedCompilerEngine->get('F:\\\\Coding\\\\Web\\\\L...', Array)
#13 F:\\Coding\\Web\\Laravel\\agenda\\agenda\\vendor\\laravel\\framework\\src\\Illuminate\\View\\View.php(191): Illuminate\\View\\View->getContents()
#14 F:\\Coding\\Web\\Laravel\\agenda\\agenda\\vendor\\laravel\\framework\\src\\Illuminate\\View\\View.php(160): Illuminate\\View\\View->renderContents()
#15 F:\\Coding\\Web\\Laravel\\agenda\\agenda\\vendor\\livewire\\livewire\\src\\Mechanisms\\HandleComponents\\HandleComponents.php(259): Illuminate\\View\\View->render(Object(Closure))
#16 F:\\Coding\\Web\\Laravel\\agenda\\agenda\\vendor\\livewire\\livewire\\src\\Mechanisms\\HandleComponents\\HandleComponents.php(303): Livewire\\Mechanisms\\HandleComponents\\HandleComponents->Livewire\\Mechanisms\\HandleComponents\\{closure}()
#17 F:\\Coding\\Web\\Laravel\\agenda\\agenda\\vendor\\livewire\\livewire\\src\\Mechanisms\\HandleComponents\\HandleComponents.php(251): Livewire\\Mechanisms\\HandleComponents\\HandleComponents->trackInRenderStack(Object(App\\Livewire\\CalendarAdmin), Object(Closure))
#18 F:\\Coding\\Web\\Laravel\\agenda\\agenda\\vendor\\livewire\\livewire\\src\\Mechanisms\\HandleComponents\\HandleComponents.php(104): Livewire\\Mechanisms\\HandleComponents\\HandleComponents->render(Object(App\\Livewire\\CalendarAdmin))
#19 F:\\Coding\\Web\\Laravel\\agenda\\agenda\\vendor\\livewire\\livewire\\src\\LivewireManager.php(102): Livewire\\Mechanisms\\HandleComponents\\HandleComponents->update(Array, Array, Array)
#20 F:\\Coding\\Web\\Laravel\\agenda\\agenda\\vendor\\livewire\\volt\\src\\LivewireManager.php(35): Livewire\\LivewireManager->update(Array, Array, Array)
#21 F:\\Coding\\Web\\Laravel\\agenda\\agenda\\vendor\\livewire\\livewire\\src\\Mechanisms\\HandleRequests\\HandleRequests.php(94): Livewire\\Volt\\LivewireManager->update(Array, Array, Array)
#22 F:\\Coding\\Web\\Laravel\\agenda\\agenda\\vendor\\laravel\\framework\\src\\Illuminate\\Routing\\ControllerDispatcher.php(46): Livewire\\Mechanisms\\HandleRequests\\HandleRequests->handleUpdate()
#23 F:\\Coding\\Web\\Laravel\\agenda\\agenda\\vendor\\laravel\\framework\\src\\Illuminate\\Routing\\Route.php(265): Illuminate\\Routing\\ControllerDispatcher->dispatch(Object(Illuminate\\Routing\\Route), Object(Livewire\\Mechanisms\\HandleRequests\\HandleRequests), 'handleUpdate')
#24 F:\\Coding\\Web\\Laravel\\agenda\\agenda\\vendor\\laravel\\framework\\src\\Illuminate\\Routing\\Route.php(211): Illuminate\\Routing\\Route->runController()
#25 F:\\Coding\\Web\\Laravel\\agenda\\agenda\\vendor\\laravel\\framework\\src\\Illuminate\\Routing\\Router.php(808): Illuminate\\Routing\\Route->run()
#26 F:\\Coding\\Web\\Laravel\\agenda\\agenda\\vendor\\laravel\\framework\\src\\Illuminate\\Pipeline\\Pipeline.php(169): Illuminate\\Routing\\Router->Illuminate\\Routing\\{closure}(Object(Illuminate\\Http\\Request))
#27 F:\\Coding\\Web\\Laravel\\agenda\\agenda\\vendor\\laravel\\framework\\src\\Illuminate\\Routing\\Middleware\\SubstituteBindings.php(50): Illuminate\\Pipeline\\Pipeline->Illuminate\\Pipeline\\{closure}(Object(Illuminate\\Http\\Request))
#28 F:\\Coding\\Web\\Laravel\\agenda\\agenda\\vendor\\laravel\\framework\\src\\Illuminate\\Pipeline\\Pipeline.php(208): Illuminate\\Routing\\Middleware\\SubstituteBindings->handle(Object(Illuminate\\Http\\Request), Object(Closure))
#29 F:\\Coding\\Web\\Laravel\\agenda\\agenda\\vendor\\laravel\\framework\\src\\Illuminate\\Foundation\\Http\\Middleware\\VerifyCsrfToken.php(87): Illuminate\\Pipeline\\Pipeline->Illuminate\\Pipeline\\{closure}(Object(Illuminate\\Http\\Request))
#30 F:\\Coding\\Web\\Laravel\\agenda\\agenda\\vendor\\laravel\\framework\\src\\Illuminate\\Pipeline\\Pipeline.php(208): Illuminate\\Foundation\\Http\\Middleware\\VerifyCsrfToken->handle(Object(Illuminate\\Http\\Request), Object(Closure))
#31 F:\\Coding\\Web\\Laravel\\agenda\\agenda\\vendor\\laravel\\framework\\src\\Illuminate\\View\\Middleware\\ShareErrorsFromSession.php(48): Illuminate\\Pipeline\\Pipeline->Illuminate\\Pipeline\\{closure}(Object(Illuminate\\Http\\Request))
#32 F:\\Coding\\Web\\Laravel\\agenda\\agenda\\vendor\\laravel\\framework\\src\\Illuminate\\Pipeline\\Pipeline.php(208): Illuminate\\View\\Middleware\\ShareErrorsFromSession->handle(Object(Illuminate\\Http\\Request), Object(Closure))
#33 F:\\Coding\\Web\\Laravel\\agenda\\agenda\\vendor\\laravel\\framework\\src\\Illuminate\\Session\\Middleware\\StartSession.php(120): Illuminate\\Pipeline\\Pipeline->Illuminate\\Pipeline\\{closure}(Object(Illuminate\\Http\\Request))
#34 F:\\Coding\\Web\\Laravel\\agenda\\agenda\\vendor\\laravel\\framework\\src\\Illuminate\\Session\\Middleware\\StartSession.php(63): Illuminate\\Session\\Middleware\\StartSession->handleStatefulRequest(Object(Illuminate\\Http\\Request), Object(Illuminate\\Session\\Store), Object(Closure))
#35 F:\\Coding\\Web\\Laravel\\agenda\\agenda\\vendor\\laravel\\framework\\src\\Illuminate\\Pipeline\\Pipeline.php(208): Illuminate\\Session\\Middleware\\StartSession->handle(Object(Illuminate\\Http\\Request), Object(Closure))
#36 F:\\Coding\\Web\\Laravel\\agenda\\agenda\\vendor\\laravel\\framework\\src\\Illuminate\\Cookie\\Middleware\\AddQueuedCookiesToResponse.php(36): Illuminate\\Pipeline\\Pipeline->Illuminate\\Pipeline\\{closure}(Object(Illuminate\\Http\\Request))
#37 F:\\Coding\\Web\\Laravel\\agenda\\agenda\\vendor\\laravel\\framework\\src\\Illuminate\\Pipeline\\Pipeline.php(208): Illuminate\\Cookie\\Middleware\\AddQueuedCookiesToResponse->handle(Object(Illuminate\\Http\\Request), Object(Closure))
#38 F:\\Coding\\Web\\Laravel\\agenda\\agenda\\vendor\\laravel\\framework\\src\\Illuminate\\Cookie\\Middleware\\EncryptCookies.php(74): Illuminate\\Pipeline\\Pipeline->Illuminate\\Pipeline\\{closure}(Object(Illuminate\\Http\\Request))
#39 F:\\Coding\\Web\\Laravel\\agenda\\agenda\\vendor\\laravel\\framework\\src\\Illuminate\\Pipeline\\Pipeline.php(208): Illuminate\\Cookie\\Middleware\\EncryptCookies->handle(Object(Illuminate\\Http\\Request), Object(Closure))
#40 F:\\Coding\\Web\\Laravel\\agenda\\agenda\\vendor\\laravel\\framework\\src\\Illuminate\\Pipeline\\Pipeline.php(126): Illuminate\\Pipeline\\Pipeline->Illuminate\\Pipeline\\{closure}(Object(Illuminate\\Http\\Request))
#41 F:\\Coding\\Web\\Laravel\\agenda\\agenda\\vendor\\laravel\\framework\\src\\Illuminate\\Routing\\Router.php(807): Illuminate\\Pipeline\\Pipeline->then(Object(Closure))
#42 F:\\Coding\\Web\\Laravel\\agenda\\agenda\\vendor\\laravel\\framework\\src\\Illuminate\\Routing\\Router.php(786): Illuminate\\Routing\\Router->runRouteWithinStack(Object(Illuminate\\Routing\\Route), Object(Illuminate\\Http\\Request))
#43 F:\\Coding\\Web\\Laravel\\agenda\\agenda\\vendor\\laravel\\framework\\src\\Illuminate\\Routing\\Router.php(750): Illuminate\\Routing\\Router->runRoute(Object(Illuminate\\Http\\Request), Object(Illuminate\\Routing\\Route))
#44 F:\\Coding\\Web\\Laravel\\agenda\\agenda\\vendor\\laravel\\framework\\src\\Illuminate\\Routing\\Router.php(739): Illuminate\\Routing\\Router->dispatchToRoute(Object(Illuminate\\Http\\Request))
#45 F:\\Coding\\Web\\Laravel\\agenda\\agenda\\vendor\\laravel\\framework\\src\\Illuminate\\Foundation\\Http\\Kernel.php(200): Illuminate\\Routing\\Router->dispatch(Object(Illuminate\\Http\\Request))
#46 F:\\Coding\\Web\\Laravel\\agenda\\agenda\\vendor\\laravel\\framework\\src\\Illuminate\\Pipeline\\Pipeline.php(169): Illuminate\\Foundation\\Http\\Kernel->Illuminate\\Foundation\\Http\\{closure}(Object(Illuminate\\Http\\Request))
#47 F:\\Coding\\Web\\Laravel\\agenda\\agenda\\vendor\\livewire\\livewire\\src\\Features\\SupportDisablingBackButtonCache\\DisableBackButtonCacheMiddleware.php(19): Illuminate\\Pipeline\\Pipeline->Illuminate\\Pipeline\\{closure}(Object(Illuminate\\Http\\Request))
#48 F:\\Coding\\Web\\Laravel\\agenda\\agenda\\vendor\\laravel\\framework\\src\\Illuminate\\Pipeline\\Pipeline.php(208): Livewire\\Features\\SupportDisablingBackButtonCache\\DisableBackButtonCacheMiddleware->handle(Object(Illuminate\\Http\\Request), Object(Closure))
#49 F:\\Coding\\Web\\Laravel\\agenda\\agenda\\vendor\\laravel\\framework\\src\\Illuminate\\Foundation\\Http\\Middleware\\ConvertEmptyStringsToNull.php(27): Illuminate\\Pipeline\\Pipeline->Illuminate\\Pipeline\\{closure}(Object(Illuminate\\Http\\Request))
#50 F:\\Coding\\Web\\Laravel\\agenda\\agenda\\vendor\\laravel\\framework\\src\\Illuminate\\Pipeline\\Pipeline.php(208): Illuminate\\Foundation\\Http\\Middleware\\ConvertEmptyStringsToNull->handle(Object(Illuminate\\Http\\Request), Object(Closure))
#51 F:\\Coding\\Web\\Laravel\\agenda\\agenda\\vendor\\laravel\\framework\\src\\Illuminate\\Foundation\\Http\\Middleware\\TrimStrings.php(47): Illuminate\\Pipeline\\Pipeline->Illuminate\\Pipeline\\{closure}(Object(Illuminate\\Http\\Request))
#52 F:\\Coding\\Web\\Laravel\\agenda\\agenda\\vendor\\laravel\\framework\\src\\Illuminate\\Pipeline\\Pipeline.php(208): Illuminate\\Foundation\\Http\\Middleware\\TrimStrings->handle(Object(Illuminate\\Http\\Request), Object(Closure))
#53 F:\\Coding\\Web\\Laravel\\agenda\\agenda\\vendor\\laravel\\framework\\src\\Illuminate\\Http\\Middleware\\ValidatePostSize.php(27): Illuminate\\Pipeline\\Pipeline->Illuminate\\Pipeline\\{closure}(Object(Illuminate\\Http\\Request))
#54 F:\\Coding\\Web\\Laravel\\agenda\\agenda\\vendor\\laravel\\framework\\src\\Illuminate\\Pipeline\\Pipeline.php(208): Illuminate\\Http\\Middleware\\ValidatePostSize->handle(Object(Illuminate\\Http\\Request), Object(Closure))
#55 F:\\Coding\\Web\\Laravel\\agenda\\agenda\\vendor\\laravel\\framework\\src\\Illuminate\\Foundation\\Http\\Middleware\\PreventRequestsDuringMaintenance.php(109): Illuminate\\Pipeline\\Pipeline->Illuminate\\Pipeline\\{closure}(Object(Illuminate\\Http\\Request))
#56 F:\\Coding\\Web\\Laravel\\agenda\\agenda\\vendor\\laravel\\framework\\src\\Illuminate\\Pipeline\\Pipeline.php(208): Illuminate\\Foundation\\Http\\Middleware\\PreventRequestsDuringMaintenance->handle(Object(Illuminate\\Http\\Request), Object(Closure))
#57 F:\\Coding\\Web\\Laravel\\agenda\\agenda\\vendor\\laravel\\framework\\src\\Illuminate\\Http\\Middleware\\HandleCors.php(48): Illuminate\\Pipeline\\Pipeline->Illuminate\\Pipeline\\{closure}(Object(Illuminate\\Http\\Request))
#58 F:\\Coding\\Web\\Laravel\\agenda\\agenda\\vendor\\laravel\\framework\\src\\Illuminate\\Pipeline\\Pipeline.php(208): Illuminate\\Http\\Middleware\\HandleCors->handle(Object(Illuminate\\Http\\Request), Object(Closure))
#59 F:\\Coding\\Web\\Laravel\\agenda\\agenda\\vendor\\laravel\\framework\\src\\Illuminate\\Http\\Middleware\\TrustProxies.php(58): Illuminate\\Pipeline\\Pipeline->Illuminate\\Pipeline\\{closure}(Object(Illuminate\\Http\\Request))
#60 F:\\Coding\\Web\\Laravel\\agenda\\agenda\\vendor\\laravel\\framework\\src\\Illuminate\\Pipeline\\Pipeline.php(208): Illuminate\\Http\\Middleware\\TrustProxies->handle(Object(Illuminate\\Http\\Request), Object(Closure))
#61 F:\\Coding\\Web\\Laravel\\agenda\\agenda\\vendor\\laravel\\framework\\src\\Illuminate\\Foundation\\Http\\Middleware\\InvokeDeferredCallbacks.php(22): Illuminate\\Pipeline\\Pipeline->Illuminate\\Pipeline\\{closure}(Object(Illuminate\\Http\\Request))
#62 F:\\Coding\\Web\\Laravel\\agenda\\agenda\\vendor\\laravel\\framework\\src\\Illuminate\\Pipeline\\Pipeline.php(208): Illuminate\\Foundation\\Http\\Middleware\\InvokeDeferredCallbacks->handle(Object(Illuminate\\Http\\Request), Object(Closure))
#63 F:\\Coding\\Web\\Laravel\\agenda\\agenda\\vendor\\laravel\\framework\\src\\Illuminate\\Http\\Middleware\\ValidatePathEncoding.php(26): Illuminate\\Pipeline\\Pipeline->Illuminate\\Pipeline\\{closure}(Object(Illuminate\\Http\\Request))
#64 F:\\Coding\\Web\\Laravel\\agenda\\agenda\\vendor\\laravel\\framework\\src\\Illuminate\\Pipeline\\Pipeline.php(208): Illuminate\\Http\\Middleware\\ValidatePathEncoding->handle(Object(Illuminate\\Http\\Request), Object(Closure))
#65 F:\\Coding\\Web\\Laravel\\agenda\\agenda\\vendor\\laravel\\framework\\src\\Illuminate\\Pipeline\\Pipeline.php(126): Illuminate\\Pipeline\\Pipeline->Illuminate\\Pipeline\\{closure}(Object(Illuminate\\Http\\Request))
#66 F:\\Coding\\Web\\Laravel\\agenda\\agenda\\vendor\\laravel\\framework\\src\\Illuminate\\Foundation\\Http\\Kernel.php(175): Illuminate\\Pipeline\\Pipeline->then(Object(Closure))
#67 F:\\Coding\\Web\\Laravel\\agenda\\agenda\\vendor\\laravel\\framework\\src\\Illuminate\\Foundation\\Http\\Kernel.php(144): Illuminate\\Foundation\\Http\\Kernel->sendRequestThroughRouter(Object(Illuminate\\Http\\Request))
#68 F:\\Coding\\Web\\Laravel\\agenda\\agenda\\vendor\\laravel\\framework\\src\\Illuminate\\Foundation\\Application.php(1219): Illuminate\\Foundation\\Http\\Kernel->handle(Object(Illuminate\\Http\\Request))
#69 F:\\Coding\\Web\\Laravel\\agenda\\agenda\\public\\index.php(20): Illuminate\\Foundation\\Application->handleRequest(Object(Illuminate\\Http\\Request))
#70 F:\\Coding\\Web\\Laravel\\agenda\\agenda\\vendor\\laravel\\framework\\src\\Illuminate\\Foundation\\resources\\server.php(23): require_once('F:\\\\Coding\\\\Web\\\\L...')
#71 {main}

[previous exception] [object] (BadMethodCallException(code: 0): Method App\\Livewire\\CalendarAdmin::getTimeOptions does not exist. at F:\\Coding\\Web\\Laravel\\agenda\\agenda\\vendor\\livewire\\livewire\\src\\Component.php:136)
[stacktrace]
#0 F:\\Coding\\Web\\Laravel\\agenda\\agenda\\storage\\framework\\views\\2911da1993e8cc1230962216467adf37.php(91): Livewire\\Component->__call('getTimeOptions', Array)
#1 F:\\Coding\\Web\\Laravel\\agenda\\agenda\\vendor\\livewire\\livewire\\src\\Mechanisms\\ExtendBlade\\ExtendedCompilerEngine.php(37): include('F:\\\\Coding\\\\Web\\\\L...')
#2 F:\\Coding\\Web\\Laravel\\agenda\\agenda\\vendor\\livewire\\livewire\\src\\Mechanisms\\ExtendBlade\\ExtendedCompilerEngine.php(38): App\\Livewire\\CalendarAdmin->Livewire\\Mechanisms\\ExtendBlade\\{closure}()
#3 F:\\Coding\\Web\\Laravel\\agenda\\agenda\\vendor\\laravel\\framework\\src\\Illuminate\\View\\Engines\\CompilerEngine.php(76): Livewire\\Mechanisms\\ExtendBlade\\ExtendedCompilerEngine->evaluatePath('F:\\\\Coding\\\\Web\\\\L...', Array)
#4 F:\\Coding\\Web\\Laravel\\agenda\\agenda\\vendor\\livewire\\livewire\\src\\Mechanisms\\ExtendBlade\\ExtendedCompilerEngine.php(16): Illuminate\\View\\Engines\\CompilerEngine->get('F:\\\\Coding\\\\Web\\\\L...', Array)
#5 F:\\Coding\\Web\\Laravel\\agenda\\agenda\\vendor\\laravel\\framework\\src\\Illuminate\\View\\View.php(208): Livewire\\Mechanisms\\ExtendBlade\\ExtendedCompilerEngine->get('F:\\\\Coding\\\\Web\\\\L...', Array)
#6 F:\\Coding\\Web\\Laravel\\agenda\\agenda\\vendor\\laravel\\framework\\src\\Illuminate\\View\\View.php(191): Illuminate\\View\\View->getContents()
#7 F:\\Coding\\Web\\Laravel\\agenda\\agenda\\vendor\\laravel\\framework\\src\\Illuminate\\View\\View.php(160): Illuminate\\View\\View->renderContents()
#8 F:\\Coding\\Web\\Laravel\\agenda\\agenda\\storage\\framework\\views\\2402510ce86b8be5b981a90d88f2e006.php(21): Illuminate\\View\\View->render()
#9 F:\\Coding\\Web\\Laravel\\agenda\\agenda\\vendor\\livewire\\livewire\\src\\Mechanisms\\ExtendBlade\\ExtendedCompilerEngine.php(37): include('F:\\\\Coding\\\\Web\\\\L...')
#10 F:\\Coding\\Web\\Laravel\\agenda\\agenda\\vendor\\livewire\\livewire\\src\\Mechanisms\\ExtendBlade\\ExtendedCompilerEngine.php(38): App\\Livewire\\CalendarAdmin->Livewire\\Mechanisms\\ExtendBlade\\{closure}()
#11 F:\\Coding\\Web\\Laravel\\agenda\\agenda\\vendor\\laravel\\framework\\src\\Illuminate\\View\\Engines\\CompilerEngine.php(76): Livewire\\Mechanisms\\ExtendBlade\\ExtendedCompilerEngine->evaluatePath('F:\\\\Coding\\\\Web\\\\L...', Array)
#12 F:\\Coding\\Web\\Laravel\\agenda\\agenda\\vendor\\livewire\\livewire\\src\\Mechanisms\\ExtendBlade\\ExtendedCompilerEngine.php(16): Illuminate\\View\\Engines\\CompilerEngine->get('F:\\\\Coding\\\\Web\\\\L...', Array)
#13 F:\\Coding\\Web\\Laravel\\agenda\\agenda\\vendor\\laravel\\framework\\src\\Illuminate\\View\\View.php(208): Livewire\\Mechanisms\\ExtendBlade\\ExtendedCompilerEngine->get('F:\\\\Coding\\\\Web\\\\L...', Array)
#14 F:\\Coding\\Web\\Laravel\\agenda\\agenda\\vendor\\laravel\\framework\\src\\Illuminate\\View\\View.php(191): Illuminate\\View\\View->getContents()
#15 F:\\Coding\\Web\\Laravel\\agenda\\agenda\\vendor\\laravel\\framework\\src\\Illuminate\\View\\View.php(160): Illuminate\\View\\View->renderContents()
#16 F:\\Coding\\Web\\Laravel\\agenda\\agenda\\vendor\\livewire\\livewire\\src\\Mechanisms\\HandleComponents\\HandleComponents.php(259): Illuminate\\View\\View->render(Object(Closure))
#17 F:\\Coding\\Web\\Laravel\\agenda\\agenda\\vendor\\livewire\\livewire\\src\\Mechanisms\\HandleComponents\\HandleComponents.php(303): Livewire\\Mechanisms\\HandleComponents\\HandleComponents->Livewire\\Mechanisms\\HandleComponents\\{closure}()
#18 F:\\Coding\\Web\\Laravel\\agenda\\agenda\\vendor\\livewire\\livewire\\src\\Mechanisms\\HandleComponents\\HandleComponents.php(251): Livewire\\Mechanisms\\HandleComponents\\HandleComponents->trackInRenderStack(Object(App\\Livewire\\CalendarAdmin), Object(Closure))
#19 F:\\Coding\\Web\\Laravel\\agenda\\agenda\\vendor\\livewire\\livewire\\src\\Mechanisms\\HandleComponents\\HandleComponents.php(104): Livewire\\Mechanisms\\HandleComponents\\HandleComponents->render(Object(App\\Livewire\\CalendarAdmin))
#20 F:\\Coding\\Web\\Laravel\\agenda\\agenda\\vendor\\livewire\\livewire\\src\\LivewireManager.php(102): Livewire\\Mechanisms\\HandleComponents\\HandleComponents->update(Array, Array, Array)
#21 F:\\Coding\\Web\\Laravel\\agenda\\agenda\\vendor\\livewire\\volt\\src\\LivewireManager.php(35): Livewire\\LivewireManager->update(Array, Array, Array)
#22 F:\\Coding\\Web\\Laravel\\agenda\\agenda\\vendor\\livewire\\livewire\\src\\Mechanisms\\HandleRequests\\HandleRequests.php(94): Livewire\\Volt\\LivewireManager->update(Array, Array, Array)
#23 F:\\Coding\\Web\\Laravel\\agenda\\agenda\\vendor\\laravel\\framework\\src\\Illuminate\\Routing\\ControllerDispatcher.php(46): Livewire\\Mechanisms\\HandleRequests\\HandleRequests->handleUpdate()
#24 F:\\Coding\\Web\\Laravel\\agenda\\agenda\\vendor\\laravel\\framework\\src\\Illuminate\\Routing\\Route.php(265): Illuminate\\Routing\\ControllerDispatcher->dispatch(Object(Illuminate\\Routing\\Route), Object(Livewire\\Mechanisms\\HandleRequests\\HandleRequests), 'handleUpdate')
#25 F:\\Coding\\Web\\Laravel\\agenda\\agenda\\vendor\\laravel\\framework\\src\\Illuminate\\Routing\\Route.php(211): Illuminate\\Routing\\Route->runController()
#26 F:\\Coding\\Web\\Laravel\\agenda\\agenda\\vendor\\laravel\\framework\\src\\Illuminate\\Routing\\Router.php(808): Illuminate\\Routing\\Route->run()
#27 F:\\Coding\\Web\\Laravel\\agenda\\agenda\\vendor\\laravel\\framework\\src\\Illuminate\\Pipeline\\Pipeline.php(169): Illuminate\\Routing\\Router->Illuminate\\Routing\\{closure}(Object(Illuminate\\Http\\Request))
#28 F:\\Coding\\Web\\Laravel\\agenda\\agenda\\vendor\\laravel\\framework\\src\\Illuminate\\Routing\\Middleware\\SubstituteBindings.php(50): Illuminate\\Pipeline\\Pipeline->Illuminate\\Pipeline\\{closure}(Object(Illuminate\\Http\\Request))
#29 F:\\Coding\\Web\\Laravel\\agenda\\agenda\\vendor\\laravel\\framework\\src\\Illuminate\\Pipeline\\Pipeline.php(208): Illuminate\\Routing\\Middleware\\SubstituteBindings->handle(Object(Illuminate\\Http\\Request), Object(Closure))
#30 F:\\Coding\\Web\\Laravel\\agenda\\agenda\\vendor\\laravel\\framework\\src\\Illuminate\\Foundation\\Http\\Middleware\\VerifyCsrfToken.php(87): Illuminate\\Pipeline\\Pipeline->Illuminate\\Pipeline\\{closure}(Object(Illuminate\\Http\\Request))
#31 F:\\Coding\\Web\\Laravel\\agenda\\agenda\\vendor\\laravel\\framework\\src\\Illuminate\\Pipeline\\Pipeline.php(208): Illuminate\\Foundation\\Http\\Middleware\\VerifyCsrfToken->handle(Object(Illuminate\\Http\\Request), Object(Closure))
#32 F:\\Coding\\Web\\Laravel\\agenda\\agenda\\vendor\\laravel\\framework\\src\\Illuminate\\View\\Middleware\\ShareErrorsFromSession.php(48): Illuminate\\Pipeline\\Pipeline->Illuminate\\Pipeline\\{closure}(Object(Illuminate\\Http\\Request))
#33 F:\\Coding\\Web\\Laravel\\agenda\\agenda\\vendor\\laravel\\framework\\src\\Illuminate\\Pipeline\\Pipeline.php(208): Illuminate\\View\\Middleware\\ShareErrorsFromSession->handle(Object(Illuminate\\Http\\Request), Object(Closure))
#34 F:\\Coding\\Web\\Laravel\\agenda\\agenda\\vendor\\laravel\\framework\\src\\Illuminate\\Session\\Middleware\\StartSession.php(120): Illuminate\\Pipeline\\Pipeline->Illuminate\\Pipeline\\{closure}(Object(Illuminate\\Http\\Request))
#35 F:\\Coding\\Web\\Laravel\\agenda\\agenda\\vendor\\laravel\\framework\\src\\Illuminate\\Session\\Middleware\\StartSession.php(63): Illuminate\\Session\\Middleware\\StartSession->handleStatefulRequest(Object(Illuminate\\Http\\Request), Object(Illuminate\\Session\\Store), Object(Closure))
#36 F:\\Coding\\Web\\Laravel\\agenda\\agenda\\vendor\\laravel\\framework\\src\\Illuminate\\Pipeline\\Pipeline.php(208): Illuminate\\Session\\Middleware\\StartSession->handle(Object(Illuminate\\Http\\Request), Object(Closure))
#37 F:\\Coding\\Web\\Laravel\\agenda\\agenda\\vendor\\laravel\\framework\\src\\Illuminate\\Cookie\\Middleware\\AddQueuedCookiesToResponse.php(36): Illuminate\\Pipeline\\Pipeline->Illuminate\\Pipeline\\{closure}(Object(Illuminate\\Http\\Request))
#38 F:\\Coding\\Web\\Laravel\\agenda\\agenda\\vendor\\laravel\\framework\\src\\Illuminate\\Pipeline\\Pipeline.php(208): Illuminate\\Cookie\\Middleware\\AddQueuedCookiesToResponse->handle(Object(Illuminate\\Http\\Request), Object(Closure))
#39 F:\\Coding\\Web\\Laravel\\agenda\\agenda\\vendor\\laravel\\framework\\src\\Illuminate\\Cookie\\Middleware\\EncryptCookies.php(74): Illuminate\\Pipeline\\Pipeline->Illuminate\\Pipeline\\{closure}(Object(Illuminate\\Http\\Request))
#40 F:\\Coding\\Web\\Laravel\\agenda\\agenda\\vendor\\laravel\\framework\\src\\Illuminate\\Pipeline\\Pipeline.php(208): Illuminate\\Cookie\\Middleware\\EncryptCookies->handle(Object(Illuminate\\Http\\Request), Object(Closure))
#41 F:\\Coding\\Web\\Laravel\\agenda\\agenda\\vendor\\laravel\\framework\\src\\Illuminate\\Pipeline\\Pipeline.php(126): Illuminate\\Pipeline\\Pipeline->Illuminate\\Pipeline\\{closure}(Object(Illuminate\\Http\\Request))
#42 F:\\Coding\\Web\\Laravel\\agenda\\agenda\\vendor\\laravel\\framework\\src\\Illuminate\\Routing\\Router.php(807): Illuminate\\Pipeline\\Pipeline->then(Object(Closure))
#43 F:\\Coding\\Web\\Laravel\\agenda\\agenda\\vendor\\laravel\\framework\\src\\Illuminate\\Routing\\Router.php(786): Illuminate\\Routing\\Router->runRouteWithinStack(Object(Illuminate\\Routing\\Route), Object(Illuminate\\Http\\Request))
#44 F:\\Coding\\Web\\Laravel\\agenda\\agenda\\vendor\\laravel\\framework\\src\\Illuminate\\Routing\\Router.php(750): Illuminate\\Routing\\Router->runRoute(Object(Illuminate\\Http\\Request), Object(Illuminate\\Routing\\Route))
#45 F:\\Coding\\Web\\Laravel\\agenda\\agenda\\vendor\\laravel\\framework\\src\\Illuminate\\Routing\\Router.php(739): Illuminate\\Routing\\Router->dispatchToRoute(Object(Illuminate\\Http\\Request))
#46 F:\\Coding\\Web\\Laravel\\agenda\\agenda\\vendor\\laravel\\framework\\src\\Illuminate\\Foundation\\Http\\Kernel.php(200): Illuminate\\Routing\\Router->dispatch(Object(Illuminate\\Http\\Request))
#47 F:\\Coding\\Web\\Laravel\\agenda\\agenda\\vendor\\laravel\\framework\\src\\Illuminate\\Pipeline\\Pipeline.php(169): Illuminate\\Foundation\\Http\\Kernel->Illuminate\\Foundation\\Http\\{closure}(Object(Illuminate\\Http\\Request))
#48 F:\\Coding\\Web\\Laravel\\agenda\\agenda\\vendor\\livewire\\livewire\\src\\Features\\SupportDisablingBackButtonCache\\DisableBackButtonCacheMiddleware.php(19): Illuminate\\Pipeline\\Pipeline->Illuminate\\Pipeline\\{closure}(Object(Illuminate\\Http\\Request))
#49 F:\\Coding\\Web\\Laravel\\agenda\\agenda\\vendor\\laravel\\framework\\src\\Illuminate\\Pipeline\\Pipeline.php(208): Livewire\\Features\\SupportDisablingBackButtonCache\\DisableBackButtonCacheMiddleware->handle(Object(Illuminate\\Http\\Request), Object(Closure))
#50 F:\\Coding\\Web\\Laravel\\agenda\\agenda\\vendor\\laravel\\framework\\src\\Illuminate\\Foundation\\Http\\Middleware\\ConvertEmptyStringsToNull.php(27): Illuminate\\Pipeline\\Pipeline->Illuminate\\Pipeline\\{closure}(Object(Illuminate\\Http\\Request))
#51 F:\\Coding\\Web\\Laravel\\agenda\\agenda\\vendor\\laravel\\framework\\src\\Illuminate\\Pipeline\\Pipeline.php(208): Illuminate\\Foundation\\Http\\Middleware\\ConvertEmptyStringsToNull->handle(Object(Illuminate\\Http\\Request), Object(Closure))
#52 F:\\Coding\\Web\\Laravel\\agenda\\agenda\\vendor\\laravel\\framework\\src\\Illuminate\\Foundation\\Http\\Middleware\\TrimStrings.php(47): Illuminate\\Pipeline\\Pipeline->Illuminate\\Pipeline\\{closure}(Object(Illuminate\\Http\\Request))
#53 F:\\Coding\\Web\\Laravel\\agenda\\agenda\\vendor\\laravel\\framework\\src\\Illuminate\\Pipeline\\Pipeline.php(208): Illuminate\\Foundation\\Http\\Middleware\\TrimStrings->handle(Object(Illuminate\\Http\\Request), Object(Closure))
#54 F:\\Coding\\Web\\Laravel\\agenda\\agenda\\vendor\\laravel\\framework\\src\\Illuminate\\Http\\Middleware\\ValidatePostSize.php(27): Illuminate\\Pipeline\\Pipeline->Illuminate\\Pipeline\\{closure}(Object(Illuminate\\Http\\Request))
#55 F:\\Coding\\Web\\Laravel\\agenda\\agenda\\vendor\\laravel\\framework\\src\\Illuminate\\Pipeline\\Pipeline.php(208): Illuminate\\Http\\Middleware\\ValidatePostSize->handle(Object(Illuminate\\Http\\Request), Object(Closure))
#56 F:\\Coding\\Web\\Laravel\\agenda\\agenda\\vendor\\laravel\\framework\\src\\Illuminate\\Foundation\\Http\\Middleware\\PreventRequestsDuringMaintenance.php(109): Illuminate\\Pipeline\\Pipeline->Illuminate\\Pipeline\\{closure}(Object(Illuminate\\Http\\Request))
#57 F:\\Coding\\Web\\Laravel\\agenda\\agenda\\vendor\\laravel\\framework\\src\\Illuminate\\Pipeline\\Pipeline.php(208): Illuminate\\Foundation\\Http\\Middleware\\PreventRequestsDuringMaintenance->handle(Object(Illuminate\\Http\\Request), Object(Closure))
#58 F:\\Coding\\Web\\Laravel\\agenda\\agenda\\vendor\\laravel\\framework\\src\\Illuminate\\Http\\Middleware\\HandleCors.php(48): Illuminate\\Pipeline\\Pipeline->Illuminate\\Pipeline\\{closure}(Object(Illuminate\\Http\\Request))
#59 F:\\Coding\\Web\\Laravel\\agenda\\agenda\\vendor\\laravel\\framework\\src\\Illuminate\\Pipeline\\Pipeline.php(208): Illuminate\\Http\\Middleware\\HandleCors->handle(Object(Illuminate\\Http\\Request), Object(Closure))
#60 F:\\Coding\\Web\\Laravel\\agenda\\agenda\\vendor\\laravel\\framework\\src\\Illuminate\\Http\\Middleware\\TrustProxies.php(58): Illuminate\\Pipeline\\Pipeline->Illuminate\\Pipeline\\{closure}(Object(Illuminate\\Http\\Request))
#61 F:\\Coding\\Web\\Laravel\\agenda\\agenda\\vendor\\laravel\\framework\\src\\Illuminate\\Pipeline\\Pipeline.php(208): Illuminate\\Http\\Middleware\\TrustProxies->handle(Object(Illuminate\\Http\\Request), Object(Closure))
#62 F:\\Coding\\Web\\Laravel\\agenda\\agenda\\vendor\\laravel\\framework\\src\\Illuminate\\Foundation\\Http\\Middleware\\InvokeDeferredCallbacks.php(22): Illuminate\\Pipeline\\Pipeline->Illuminate\\Pipeline\\{closure}(Object(Illuminate\\Http\\Request))
#63 F:\\Coding\\Web\\Laravel\\agenda\\agenda\\vendor\\laravel\\framework\\src\\Illuminate\\Pipeline\\Pipeline.php(208): Illuminate\\Foundation\\Http\\Middleware\\InvokeDeferredCallbacks->handle(Object(Illuminate\\Http\\Request), Object(Closure))
#64 F:\\Coding\\Web\\Laravel\\agenda\\agenda\\vendor\\laravel\\framework\\src\\Illuminate\\Http\\Middleware\\ValidatePathEncoding.php(26): Illuminate\\Pipeline\\Pipeline->Illuminate\\Pipeline\\{closure}(Object(Illuminate\\Http\\Request))
#65 F:\\Coding\\Web\\Laravel\\agenda\\agenda\\vendor\\laravel\\framework\\src\\Illuminate\\Pipeline\\Pipeline.php(208): Illuminate\\Http\\Middleware\\ValidatePathEncoding->handle(Object(Illuminate\\Http\\Request), Object(Closure))
#66 F:\\Coding\\Web\\Laravel\\agenda\\agenda\\vendor\\laravel\\framework\\src\\Illuminate\\Pipeline\\Pipeline.php(126): Illuminate\\Pipeline\\Pipeline->Illuminate\\Pipeline\\{closure}(Object(Illuminate\\Http\\Request))
#67 F:\\Coding\\Web\\Laravel\\agenda\\agenda\\vendor\\laravel\\framework\\src\\Illuminate\\Foundation\\Http\\Kernel.php(175): Illuminate\\Pipeline\\Pipeline->then(Object(Closure))
#68 F:\\Coding\\Web\\Laravel\\agenda\\agenda\\vendor\\laravel\\framework\\src\\Illuminate\\Foundation\\Http\\Kernel.php(144): Illuminate\\Foundation\\Http\\Kernel->sendRequestThroughRouter(Object(Illuminate\\Http\\Request))
#69 F:\\Coding\\Web\\Laravel\\agenda\\agenda\\vendor\\laravel\\framework\\src\\Illuminate\\Foundation\\Application.php(1219): Illuminate\\Foundation\\Http\\Kernel->handle(Object(Illuminate\\Http\\Request))
#70 F:\\Coding\\Web\\Laravel\\agenda\\agenda\\public\\index.php(20): Illuminate\\Foundation\\Application->handleRequest(Object(Illuminate\\Http\\Request))
#71 F:\\Coding\\Web\\Laravel\\agenda\\agenda\\vendor\\laravel\\framework\\src\\Illuminate\\Foundation\\resources\\server.php(23): require_once('F:\\\\Coding\\\\Web\\\\L...')
#72 {main}
"} 
[2025-09-09 13:57:38] local.ERROR: syntax error, unexpected token "public", expecting "," or ";" {"exception":"[object] (ParseError(code: 0): syntax error, unexpected token \"public\", expecting \",\" or \";\" at F:\\Coding\\Web\\Laravel\\agenda\\agenda\\app\\Livewire\\Settings\\Tasks.php:27)
[stacktrace]
#0 F:\\Coding\\Web\\Laravel\\agenda\\agenda\\vendor\\composer\\ClassLoader.php(427): Composer\\Autoload\\{closure}('F:\\\\Coding\\\\Web\\\\L...')
#1 [internal function]: Composer\\Autoload\\ClassLoader->loadClass('App\\\\Livewire\\\\Se...')
#2 F:\\Coding\\Web\\Laravel\\agenda\\agenda\\vendor\\laravel\\framework\\src\\Illuminate\\Routing\\RouteAction.php(91): method_exists('App\\\\Livewire\\\\Se...', '__invoke')
#3 F:\\Coding\\Web\\Laravel\\agenda\\agenda\\vendor\\laravel\\framework\\src\\Illuminate\\Routing\\RouteAction.php(47): Illuminate\\Routing\\RouteAction::makeInvokable('App\\\\Livewire\\\\Se...')
#4 F:\\Coding\\Web\\Laravel\\agenda\\agenda\\vendor\\laravel\\framework\\src\\Illuminate\\Routing\\Route.php(197): Illuminate\\Routing\\RouteAction::parse('settings/tasks', Array)
#5 F:\\Coding\\Web\\Laravel\\agenda\\agenda\\vendor\\laravel\\framework\\src\\Illuminate\\Routing\\Route.php(178): Illuminate\\Routing\\Route->parseAction(Array)
#6 F:\\Coding\\Web\\Laravel\\agenda\\agenda\\vendor\\laravel\\framework\\src\\Illuminate\\Routing\\Router.php(671): Illuminate\\Routing\\Route->__construct(Array, 'settings/tasks', Array)
#7 F:\\Coding\\Web\\Laravel\\agenda\\agenda\\vendor\\laravel\\framework\\src\\Illuminate\\Routing\\Router.php(562): Illuminate\\Routing\\Router->newRoute(Array, 'settings/tasks', Array)
#8 F:\\Coding\\Web\\Laravel\\agenda\\agenda\\vendor\\laravel\\framework\\src\\Illuminate\\Routing\\Router.php(542): Illuminate\\Routing\\Router->createRoute(Array, '/settings/tasks', Array)
#9 F:\\Coding\\Web\\Laravel\\agenda\\agenda\\vendor\\laravel\\framework\\src\\Illuminate\\Routing\\Router.php(160): Illuminate\\Routing\\Router->addRoute(Array, '/settings/tasks', 'App\\\\Livewire\\\\Se...')
#10 F:\\Coding\\Web\\Laravel\\agenda\\agenda\\vendor\\laravel\\framework\\src\\Illuminate\\Support\\Facades\\Facade.php(361): Illuminate\\Routing\\Router->get('/settings/tasks', 'App\\\\Livewire\\\\Se...')
#11 F:\\Coding\\Web\\Laravel\\agenda\\agenda\\routes\\web.php(28): Illuminate\\Support\\Facades\\Facade::__callStatic('get', Array)
#12 F:\\Coding\\Web\\Laravel\\agenda\\agenda\\vendor\\laravel\\framework\\src\\Illuminate\\Routing\\Router.php(510): Illuminate\\Routing\\RouteFileRegistrar->{closure}(Object(Illuminate\\Routing\\Router))
#13 F:\\Coding\\Web\\Laravel\\agenda\\agenda\\vendor\\laravel\\framework\\src\\Illuminate\\Routing\\Router.php(466): Illuminate\\Routing\\Router->loadRoutes(Object(Closure))
#14 F:\\Coding\\Web\\Laravel\\agenda\\agenda\\vendor\\laravel\\framework\\src\\Illuminate\\Routing\\RouteRegistrar.php(206): Illuminate\\Routing\\Router->group(Array, Object(Closure))
#15 F:\\Coding\\Web\\Laravel\\agenda\\agenda\\routes\\web.php(20): Illuminate\\Routing\\RouteRegistrar->group(Object(Closure))
#16 F:\\Coding\\Web\\Laravel\\agenda\\agenda\\vendor\\laravel\\framework\\src\\Illuminate\\Routing\\RouteFileRegistrar.php(34): require('F:\\\\Coding\\\\Web\\\\L...')
#17 F:\\Coding\\Web\\Laravel\\agenda\\agenda\\vendor\\laravel\\framework\\src\\Illuminate\\Routing\\Router.php(512): Illuminate\\Routing\\RouteFileRegistrar->register('F:\\\\Coding\\\\Web\\\\L...')
#18 F:\\Coding\\Web\\Laravel\\agenda\\agenda\\vendor\\laravel\\framework\\src\\Illuminate\\Routing\\Router.php(466): Illuminate\\Routing\\Router->loadRoutes('F:\\\\Coding\\\\Web\\\\L...')
#19 F:\\Coding\\Web\\Laravel\\agenda\\agenda\\vendor\\laravel\\framework\\src\\Illuminate\\Routing\\RouteRegistrar.php(206): Illuminate\\Routing\\Router->group(Array, 'F:\\\\Coding\\\\Web\\\\L...')
#20 F:\\Coding\\Web\\Laravel\\agenda\\agenda\\vendor\\laravel\\framework\\src\\Illuminate\\Foundation\\Configuration\\ApplicationBuilder.php(248): Illuminate\\Routing\\RouteRegistrar->group('F:\\\\Coding\\\\Web\\\\L...')
#21 F:\\Coding\\Web\\Laravel\\agenda\\agenda\\vendor\\laravel\\framework\\src\\Illuminate\\Container\\BoundMethod.php(36): Illuminate\\Foundation\\Configuration\\ApplicationBuilder->Illuminate\\Foundation\\Configuration\\{closure}()
#22 F:\\Coding\\Web\\Laravel\\agenda\\agenda\\vendor\\laravel\\framework\\src\\Illuminate\\Container\\Util.php(43): Illuminate\\Container\\BoundMethod::Illuminate\\Container\\{closure}()
#23 F:\\Coding\\Web\\Laravel\\agenda\\agenda\\vendor\\laravel\\framework\\src\\Illuminate\\Container\\BoundMethod.php(84): Illuminate\\Container\\Util::unwrapIfClosure(Object(Closure))
#24 F:\\Coding\\Web\\Laravel\\agenda\\agenda\\vendor\\laravel\\framework\\src\\Illuminate\\Container\\BoundMethod.php(35): Illuminate\\Container\\BoundMethod::callBoundMethod(Object(Illuminate\\Foundation\\Application), Object(Closure), Object(Closure))
#25 F:\\Coding\\Web\\Laravel\\agenda\\agenda\\vendor\\laravel\\framework\\src\\Illuminate\\Container\\Container.php(754): Illuminate\\Container\\BoundMethod::call(Object(Illuminate\\Foundation\\Application), Object(Closure), Array, NULL)
#26 F:\\Coding\\Web\\Laravel\\agenda\\agenda\\vendor\\laravel\\framework\\src\\Illuminate\\Foundation\\Support\\Providers\\RouteServiceProvider.php(162): Illuminate\\Container\\Container->call(Object(Closure))
#27 F:\\Coding\\Web\\Laravel\\agenda\\agenda\\vendor\\laravel\\framework\\src\\Illuminate\\Foundation\\Support\\Providers\\RouteServiceProvider.php(59): Illuminate\\Foundation\\Support\\Providers\\RouteServiceProvider->loadRoutes()
#28 F:\\Coding\\Web\\Laravel\\agenda\\agenda\\vendor\\laravel\\framework\\src\\Illuminate\\Container\\BoundMethod.php(36): Illuminate\\Foundation\\Support\\Providers\\RouteServiceProvider->Illuminate\\Foundation\\Support\\Providers\\{closure}()
#29 F:\\Coding\\Web\\Laravel\\agenda\\agenda\\vendor\\laravel\\framework\\src\\Illuminate\\Container\\Util.php(43): Illuminate\\Container\\BoundMethod::Illuminate\\Container\\{closure}()
#30 F:\\Coding\\Web\\Laravel\\agenda\\agenda\\vendor\\laravel\\framework\\src\\Illuminate\\Container\\BoundMethod.php(84): Illuminate\\Container\\Util::unwrapIfClosure(Object(Closure))
#31 F:\\Coding\\Web\\Laravel\\agenda\\agenda\\vendor\\laravel\\framework\\src\\Illuminate\\Container\\BoundMethod.php(35): Illuminate\\Container\\BoundMethod::callBoundMethod(Object(Illuminate\\Foundation\\Application), Object(Closure), Object(Closure))
#32 F:\\Coding\\Web\\Laravel\\agenda\\agenda\\vendor\\laravel\\framework\\src\\Illuminate\\Container\\Container.php(754): Illuminate\\Container\\BoundMethod::call(Object(Illuminate\\Foundation\\Application), Object(Closure), Array, NULL)
#33 F:\\Coding\\Web\\Laravel\\agenda\\agenda\\vendor\\laravel\\framework\\src\\Illuminate\\Support\\ServiceProvider.php(143): Illuminate\\Container\\Container->call(Object(Closure))
#34 F:\\Coding\\Web\\Laravel\\agenda\\agenda\\vendor\\laravel\\framework\\src\\Illuminate\\Foundation\\Application.php(1153): Illuminate\\Support\\ServiceProvider->callBootedCallbacks()
#35 F:\\Coding\\Web\\Laravel\\agenda\\agenda\\vendor\\laravel\\framework\\src\\Illuminate\\Foundation\\Application.php(1131): Illuminate\\Foundation\\Application->bootProvider(Object(Illuminate\\Foundation\\Support\\Providers\\RouteServiceProvider))
#36 [internal function]: Illuminate\\Foundation\\Application->Illuminate\\Foundation\\{closure}(Object(Illuminate\\Foundation\\Support\\Providers\\RouteServiceProvider), 'Illuminate\\\\Foun...')
#37 F:\\Coding\\Web\\Laravel\\agenda\\agenda\\vendor\\laravel\\framework\\src\\Illuminate\\Foundation\\Application.php(1130): array_walk(Array, Object(Closure))
#38 F:\\Coding\\Web\\Laravel\\agenda\\agenda\\vendor\\laravel\\framework\\src\\Illuminate\\Foundation\\Bootstrap\\BootProviders.php(17): Illuminate\\Foundation\\Application->boot()
#39 F:\\Coding\\Web\\Laravel\\agenda\\agenda\\vendor\\laravel\\framework\\src\\Illuminate\\Foundation\\Application.php(341): Illuminate\\Foundation\\Bootstrap\\BootProviders->bootstrap(Object(Illuminate\\Foundation\\Application))
#40 F:\\Coding\\Web\\Laravel\\agenda\\agenda\\vendor\\laravel\\framework\\src\\Illuminate\\Foundation\\Http\\Kernel.php(186): Illuminate\\Foundation\\Application->bootstrapWith(Array)
#41 F:\\Coding\\Web\\Laravel\\agenda\\agenda\\vendor\\laravel\\framework\\src\\Illuminate\\Foundation\\Http\\Kernel.php(170): Illuminate\\Foundation\\Http\\Kernel->bootstrap()
#42 F:\\Coding\\Web\\Laravel\\agenda\\agenda\\vendor\\laravel\\framework\\src\\Illuminate\\Foundation\\Http\\Kernel.php(144): Illuminate\\Foundation\\Http\\Kernel->sendRequestThroughRouter(Object(Illuminate\\Http\\Request))
#43 F:\\Coding\\Web\\Laravel\\agenda\\agenda\\vendor\\laravel\\framework\\src\\Illuminate\\Foundation\\Application.php(1219): Illuminate\\Foundation\\Http\\Kernel->handle(Object(Illuminate\\Http\\Request))
#44 F:\\Coding\\Web\\Laravel\\agenda\\agenda\\public\\index.php(20): Illuminate\\Foundation\\Application->handleRequest(Object(Illuminate\\Http\\Request))
#45 F:\\Coding\\Web\\Laravel\\agenda\\agenda\\vendor\\laravel\\framework\\src\\Illuminate\\Foundation\\resources\\server.php(23): require_once('F:\\\\Coding\\\\Web\\\\L...')
#46 {main}
"} 
[2025-09-09 19:50:36] local.ERROR: Unable to resolve dependency [Parameter #0 [ <required> $id ]] in class App\Livewire\CalendarAdmin {"userId":1,"exception":"[object] (Illuminate\\Contracts\\Container\\BindingResolutionException(code: 0): Unable to resolve dependency [Parameter #0 [ <required> $id ]] in class App\\Livewire\\CalendarAdmin at F:\\Coding\\Web\\Laravel\\agenda\\agenda\\vendor\\laravel\\framework\\src\\Illuminate\\Container\\BoundMethod.php:198)
[stacktrace]
#0 F:\\Coding\\Web\\Laravel\\agenda\\agenda\\vendor\\livewire\\livewire\\src\\ImplicitlyBoundMethod.php(21): Illuminate\\Container\\BoundMethod::addDependencyForCallParameter(Object(Illuminate\\Foundation\\Application), Object(ReflectionParameter), Array, Array)
#1 F:\\Coding\\Web\\Laravel\\agenda\\agenda\\vendor\\laravel\\framework\\src\\Illuminate\\Container\\BoundMethod.php(36): Livewire\\ImplicitlyBoundMethod::getMethodDependencies(Object(Illuminate\\Foundation\\Application), Array, Array)
#2 F:\\Coding\\Web\\Laravel\\agenda\\agenda\\vendor\\laravel\\framework\\src\\Illuminate\\Container\\Util.php(43): Illuminate\\Container\\BoundMethod::Illuminate\\Container\\{closure}()
#3 F:\\Coding\\Web\\Laravel\\agenda\\agenda\\vendor\\laravel\\framework\\src\\Illuminate\\Container\\BoundMethod.php(96): Illuminate\\Container\\Util::unwrapIfClosure(Object(Closure))
#4 F:\\Coding\\Web\\Laravel\\agenda\\agenda\\vendor\\laravel\\framework\\src\\Illuminate\\Container\\BoundMethod.php(35): Illuminate\\Container\\BoundMethod::callBoundMethod(Object(Illuminate\\Foundation\\Application), Array, Object(Closure))
#5 F:\\Coding\\Web\\Laravel\\agenda\\agenda\\vendor\\livewire\\livewire\\src\\Wrapped.php(23): Illuminate\\Container\\BoundMethod::call(Object(Illuminate\\Foundation\\Application), Array, Array)
#6 F:\\Coding\\Web\\Laravel\\agenda\\agenda\\vendor\\livewire\\livewire\\src\\Mechanisms\\HandleComponents\\HandleComponents.php(492): Livewire\\Wrapped->__call('deleteParticipa...', Array)
#7 F:\\Coding\\Web\\Laravel\\agenda\\agenda\\vendor\\livewire\\livewire\\src\\Mechanisms\\HandleComponents\\HandleComponents.php(101): Livewire\\Mechanisms\\HandleComponents\\HandleComponents->callMethods(Object(App\\Livewire\\CalendarAdmin), Array, Object(Livewire\\Mechanisms\\HandleComponents\\ComponentContext))
#8 F:\\Coding\\Web\\Laravel\\agenda\\agenda\\vendor\\livewire\\livewire\\src\\LivewireManager.php(102): Livewire\\Mechanisms\\HandleComponents\\HandleComponents->update(Array, Array, Array)
#9 F:\\Coding\\Web\\Laravel\\agenda\\agenda\\vendor\\livewire\\volt\\src\\LivewireManager.php(35): Livewire\\LivewireManager->update(Array, Array, Array)
#10 F:\\Coding\\Web\\Laravel\\agenda\\agenda\\vendor\\livewire\\livewire\\src\\Mechanisms\\HandleRequests\\HandleRequests.php(94): Livewire\\Volt\\LivewireManager->update(Array, Array, Array)
#11 F:\\Coding\\Web\\Laravel\\agenda\\agenda\\vendor\\laravel\\framework\\src\\Illuminate\\Routing\\ControllerDispatcher.php(46): Livewire\\Mechanisms\\HandleRequests\\HandleRequests->handleUpdate()
#12 F:\\Coding\\Web\\Laravel\\agenda\\agenda\\vendor\\laravel\\framework\\src\\Illuminate\\Routing\\Route.php(265): Illuminate\\Routing\\ControllerDispatcher->dispatch(Object(Illuminate\\Routing\\Route), Object(Livewire\\Mechanisms\\HandleRequests\\HandleRequests), 'handleUpdate')
#13 F:\\Coding\\Web\\Laravel\\agenda\\agenda\\vendor\\laravel\\framework\\src\\Illuminate\\Routing\\Route.php(211): Illuminate\\Routing\\Route->runController()
#14 F:\\Coding\\Web\\Laravel\\agenda\\agenda\\vendor\\laravel\\framework\\src\\Illuminate\\Routing\\Router.php(808): Illuminate\\Routing\\Route->run()
#15 F:\\Coding\\Web\\Laravel\\agenda\\agenda\\vendor\\laravel\\framework\\src\\Illuminate\\Pipeline\\Pipeline.php(169): Illuminate\\Routing\\Router->Illuminate\\Routing\\{closure}(Object(Illuminate\\Http\\Request))
#16 F:\\Coding\\Web\\Laravel\\agenda\\agenda\\vendor\\laravel\\framework\\src\\Illuminate\\Routing\\Middleware\\SubstituteBindings.php(50): Illuminate\\Pipeline\\Pipeline->Illuminate\\Pipeline\\{closure}(Object(Illuminate\\Http\\Request))
#17 F:\\Coding\\Web\\Laravel\\agenda\\agenda\\vendor\\laravel\\framework\\src\\Illuminate\\Pipeline\\Pipeline.php(208): Illuminate\\Routing\\Middleware\\SubstituteBindings->handle(Object(Illuminate\\Http\\Request), Object(Closure))
#18 F:\\Coding\\Web\\Laravel\\agenda\\agenda\\vendor\\laravel\\framework\\src\\Illuminate\\Foundation\\Http\\Middleware\\VerifyCsrfToken.php(87): Illuminate\\Pipeline\\Pipeline->Illuminate\\Pipeline\\{closure}(Object(Illuminate\\Http\\Request))
#19 F:\\Coding\\Web\\Laravel\\agenda\\agenda\\vendor\\laravel\\framework\\src\\Illuminate\\Pipeline\\Pipeline.php(208): Illuminate\\Foundation\\Http\\Middleware\\VerifyCsrfToken->handle(Object(Illuminate\\Http\\Request), Object(Closure))
#20 F:\\Coding\\Web\\Laravel\\agenda\\agenda\\vendor\\laravel\\framework\\src\\Illuminate\\View\\Middleware\\ShareErrorsFromSession.php(48): Illuminate\\Pipeline\\Pipeline->Illuminate\\Pipeline\\{closure}(Object(Illuminate\\Http\\Request))
#21 F:\\Coding\\Web\\Laravel\\agenda\\agenda\\vendor\\laravel\\framework\\src\\Illuminate\\Pipeline\\Pipeline.php(208): Illuminate\\View\\Middleware\\ShareErrorsFromSession->handle(Object(Illuminate\\Http\\Request), Object(Closure))
#22 F:\\Coding\\Web\\Laravel\\agenda\\agenda\\vendor\\laravel\\framework\\src\\Illuminate\\Session\\Middleware\\StartSession.php(120): Illuminate\\Pipeline\\Pipeline->Illuminate\\Pipeline\\{closure}(Object(Illuminate\\Http\\Request))
#23 F:\\Coding\\Web\\Laravel\\agenda\\agenda\\vendor\\laravel\\framework\\src\\Illuminate\\Session\\Middleware\\StartSession.php(63): Illuminate\\Session\\Middleware\\StartSession->handleStatefulRequest(Object(Illuminate\\Http\\Request), Object(Illuminate\\Session\\Store), Object(Closure))
#24 F:\\Coding\\Web\\Laravel\\agenda\\agenda\\vendor\\laravel\\framework\\src\\Illuminate\\Pipeline\\Pipeline.php(208): Illuminate\\Session\\Middleware\\StartSession->handle(Object(Illuminate\\Http\\Request), Object(Closure))
#25 F:\\Coding\\Web\\Laravel\\agenda\\agenda\\vendor\\laravel\\framework\\src\\Illuminate\\Cookie\\Middleware\\AddQueuedCookiesToResponse.php(36): Illuminate\\Pipeline\\Pipeline->Illuminate\\Pipeline\\{closure}(Object(Illuminate\\Http\\Request))
#26 F:\\Coding\\Web\\Laravel\\agenda\\agenda\\vendor\\laravel\\framework\\src\\Illuminate\\Pipeline\\Pipeline.php(208): Illuminate\\Cookie\\Middleware\\AddQueuedCookiesToResponse->handle(Object(Illuminate\\Http\\Request), Object(Closure))
#27 F:\\Coding\\Web\\Laravel\\agenda\\agenda\\vendor\\laravel\\framework\\src\\Illuminate\\Cookie\\Middleware\\EncryptCookies.php(74): Illuminate\\Pipeline\\Pipeline->Illuminate\\Pipeline\\{closure}(Object(Illuminate\\Http\\Request))
#28 F:\\Coding\\Web\\Laravel\\agenda\\agenda\\vendor\\laravel\\framework\\src\\Illuminate\\Pipeline\\Pipeline.php(208): Illuminate\\Cookie\\Middleware\\EncryptCookies->handle(Object(Illuminate\\Http\\Request), Object(Closure))
#29 F:\\Coding\\Web\\Laravel\\agenda\\agenda\\vendor\\laravel\\framework\\src\\Illuminate\\Pipeline\\Pipeline.php(126): Illuminate\\Pipeline\\Pipeline->Illuminate\\Pipeline\\{closure}(Object(Illuminate\\Http\\Request))
#30 F:\\Coding\\Web\\Laravel\\agenda\\agenda\\vendor\\laravel\\framework\\src\\Illuminate\\Routing\\Router.php(807): Illuminate\\Pipeline\\Pipeline->then(Object(Closure))
#31 F:\\Coding\\Web\\Laravel\\agenda\\agenda\\vendor\\laravel\\framework\\src\\Illuminate\\Routing\\Router.php(786): Illuminate\\Routing\\Router->runRouteWithinStack(Object(Illuminate\\Routing\\Route), Object(Illuminate\\Http\\Request))
#32 F:\\Coding\\Web\\Laravel\\agenda\\agenda\\vendor\\laravel\\framework\\src\\Illuminate\\Routing\\Router.php(750): Illuminate\\Routing\\Router->runRoute(Object(Illuminate\\Http\\Request), Object(Illuminate\\Routing\\Route))
#33 F:\\Coding\\Web\\Laravel\\agenda\\agenda\\vendor\\laravel\\framework\\src\\Illuminate\\Routing\\Router.php(739): Illuminate\\Routing\\Router->dispatchToRoute(Object(Illuminate\\Http\\Request))
#34 F:\\Coding\\Web\\Laravel\\agenda\\agenda\\vendor\\laravel\\framework\\src\\Illuminate\\Foundation\\Http\\Kernel.php(200): Illuminate\\Routing\\Router->dispatch(Object(Illuminate\\Http\\Request))
#35 F:\\Coding\\Web\\Laravel\\agenda\\agenda\\vendor\\laravel\\framework\\src\\Illuminate\\Pipeline\\Pipeline.php(169): Illuminate\\Foundation\\Http\\Kernel->Illuminate\\Foundation\\Http\\{closure}(Object(Illuminate\\Http\\Request))
#36 F:\\Coding\\Web\\Laravel\\agenda\\agenda\\vendor\\livewire\\livewire\\src\\Features\\SupportDisablingBackButtonCache\\DisableBackButtonCacheMiddleware.php(19): Illuminate\\Pipeline\\Pipeline->Illuminate\\Pipeline\\{closure}(Object(Illuminate\\Http\\Request))
#37 F:\\Coding\\Web\\Laravel\\agenda\\agenda\\vendor\\laravel\\framework\\src\\Illuminate\\Pipeline\\Pipeline.php(208): Livewire\\Features\\SupportDisablingBackButtonCache\\DisableBackButtonCacheMiddleware->handle(Object(Illuminate\\Http\\Request), Object(Closure))
#38 F:\\Coding\\Web\\Laravel\\agenda\\agenda\\vendor\\laravel\\framework\\src\\Illuminate\\Foundation\\Http\\Middleware\\ConvertEmptyStringsToNull.php(27): Illuminate\\Pipeline\\Pipeline->Illuminate\\Pipeline\\{closure}(Object(Illuminate\\Http\\Request))
#39 F:\\Coding\\Web\\Laravel\\agenda\\agenda\\vendor\\laravel\\framework\\src\\Illuminate\\Pipeline\\Pipeline.php(208): Illuminate\\Foundation\\Http\\Middleware\\ConvertEmptyStringsToNull->handle(Object(Illuminate\\Http\\Request), Object(Closure))
#40 F:\\Coding\\Web\\Laravel\\agenda\\agenda\\vendor\\laravel\\framework\\src\\Illuminate\\Foundation\\Http\\Middleware\\TrimStrings.php(47): Illuminate\\Pipeline\\Pipeline->Illuminate\\Pipeline\\{closure}(Object(Illuminate\\Http\\Request))
#41 F:\\Coding\\Web\\Laravel\\agenda\\agenda\\vendor\\laravel\\framework\\src\\Illuminate\\Pipeline\\Pipeline.php(208): Illuminate\\Foundation\\Http\\Middleware\\TrimStrings->handle(Object(Illuminate\\Http\\Request), Object(Closure))
#42 F:\\Coding\\Web\\Laravel\\agenda\\agenda\\vendor\\laravel\\framework\\src\\Illuminate\\Http\\Middleware\\ValidatePostSize.php(27): Illuminate\\Pipeline\\Pipeline->Illuminate\\Pipeline\\{closure}(Object(Illuminate\\Http\\Request))
#43 F:\\Coding\\Web\\Laravel\\agenda\\agenda\\vendor\\laravel\\framework\\src\\Illuminate\\Pipeline\\Pipeline.php(208): Illuminate\\Http\\Middleware\\ValidatePostSize->handle(Object(Illuminate\\Http\\Request), Object(Closure))
#44 F:\\Coding\\Web\\Laravel\\agenda\\agenda\\vendor\\laravel\\framework\\src\\Illuminate\\Foundation\\Http\\Middleware\\PreventRequestsDuringMaintenance.php(109): Illuminate\\Pipeline\\Pipeline->Illuminate\\Pipeline\\{closure}(Object(Illuminate\\Http\\Request))
#45 F:\\Coding\\Web\\Laravel\\agenda\\agenda\\vendor\\laravel\\framework\\src\\Illuminate\\Pipeline\\Pipeline.php(208): Illuminate\\Foundation\\Http\\Middleware\\PreventRequestsDuringMaintenance->handle(Object(Illuminate\\Http\\Request), Object(Closure))
#46 F:\\Coding\\Web\\Laravel\\agenda\\agenda\\vendor\\laravel\\framework\\src\\Illuminate\\Http\\Middleware\\HandleCors.php(48): Illuminate\\Pipeline\\Pipeline->Illuminate\\Pipeline\\{closure}(Object(Illuminate\\Http\\Request))
#47 F:\\Coding\\Web\\Laravel\\agenda\\agenda\\vendor\\laravel\\framework\\src\\Illuminate\\Pipeline\\Pipeline.php(208): Illuminate\\Http\\Middleware\\HandleCors->handle(Object(Illuminate\\Http\\Request), Object(Closure))
#48 F:\\Coding\\Web\\Laravel\\agenda\\agenda\\vendor\\laravel\\framework\\src\\Illuminate\\Http\\Middleware\\TrustProxies.php(58): Illuminate\\Pipeline\\Pipeline->Illuminate\\Pipeline\\{closure}(Object(Illuminate\\Http\\Request))
#49 F:\\Coding\\Web\\Laravel\\agenda\\agenda\\vendor\\laravel\\framework\\src\\Illuminate\\Pipeline\\Pipeline.php(208): Illuminate\\Http\\Middleware\\TrustProxies->handle(Object(Illuminate\\Http\\Request), Object(Closure))
#50 F:\\Coding\\Web\\Laravel\\agenda\\agenda\\vendor\\laravel\\framework\\src\\Illuminate\\Foundation\\Http\\Middleware\\InvokeDeferredCallbacks.php(22): Illuminate\\Pipeline\\Pipeline->Illuminate\\Pipeline\\{closure}(Object(Illuminate\\Http\\Request))
#51 F:\\Coding\\Web\\Laravel\\agenda\\agenda\\vendor\\laravel\\framework\\src\\Illuminate\\Pipeline\\Pipeline.php(208): Illuminate\\Foundation\\Http\\Middleware\\InvokeDeferredCallbacks->handle(Object(Illuminate\\Http\\Request), Object(Closure))
#52 F:\\Coding\\Web\\Laravel\\agenda\\agenda\\vendor\\laravel\\framework\\src\\Illuminate\\Http\\Middleware\\ValidatePathEncoding.php(26): Illuminate\\Pipeline\\Pipeline->Illuminate\\Pipeline\\{closure}(Object(Illuminate\\Http\\Request))
#53 F:\\Coding\\Web\\Laravel\\agenda\\agenda\\vendor\\laravel\\framework\\src\\Illuminate\\Pipeline\\Pipeline.php(208): Illuminate\\Http\\Middleware\\ValidatePathEncoding->handle(Object(Illuminate\\Http\\Request), Object(Closure))
#54 F:\\Coding\\Web\\Laravel\\agenda\\agenda\\vendor\\laravel\\framework\\src\\Illuminate\\Pipeline\\Pipeline.php(126): Illuminate\\Pipeline\\Pipeline->Illuminate\\Pipeline\\{closure}(Object(Illuminate\\Http\\Request))
#55 F:\\Coding\\Web\\Laravel\\agenda\\agenda\\vendor\\laravel\\framework\\src\\Illuminate\\Foundation\\Http\\Kernel.php(175): Illuminate\\Pipeline\\Pipeline->then(Object(Closure))
#56 F:\\Coding\\Web\\Laravel\\agenda\\agenda\\vendor\\laravel\\framework\\src\\Illuminate\\Foundation\\Http\\Kernel.php(144): Illuminate\\Foundation\\Http\\Kernel->sendRequestThroughRouter(Object(Illuminate\\Http\\Request))
#57 F:\\Coding\\Web\\Laravel\\agenda\\agenda\\vendor\\laravel\\framework\\src\\Illuminate\\Foundation\\Application.php(1219): Illuminate\\Foundation\\Http\\Kernel->handle(Object(Illuminate\\Http\\Request))
#58 F:\\Coding\\Web\\Laravel\\agenda\\agenda\\public\\index.php(20): Illuminate\\Foundation\\Application->handleRequest(Object(Illuminate\\Http\\Request))
#59 F:\\Coding\\Web\\Laravel\\agenda\\agenda\\vendor\\laravel\\framework\\src\\Illuminate\\Foundation\\resources\\server.php(23): require_once('F:\\\\Coding\\\\Web\\\\L...')
#60 {main}
"} 
[2025-09-09 19:50:37] local.ERROR: Unable to resolve dependency [Parameter #0 [ <required> $id ]] in class App\Livewire\CalendarAdmin {"userId":1,"exception":"[object] (Illuminate\\Contracts\\Container\\BindingResolutionException(code: 0): Unable to resolve dependency [Parameter #0 [ <required> $id ]] in class App\\Livewire\\CalendarAdmin at F:\\Coding\\Web\\Laravel\\agenda\\agenda\\vendor\\laravel\\framework\\src\\Illuminate\\Container\\BoundMethod.php:198)
[stacktrace]
#0 F:\\Coding\\Web\\Laravel\\agenda\\agenda\\vendor\\livewire\\livewire\\src\\ImplicitlyBoundMethod.php(21): Illuminate\\Container\\BoundMethod::addDependencyForCallParameter(Object(Illuminate\\Foundation\\Application), Object(ReflectionParameter), Array, Array)
#1 F:\\Coding\\Web\\Laravel\\agenda\\agenda\\vendor\\laravel\\framework\\src\\Illuminate\\Container\\BoundMethod.php(36): Livewire\\ImplicitlyBoundMethod::getMethodDependencies(Object(Illuminate\\Foundation\\Application), Array, Array)
#2 F:\\Coding\\Web\\Laravel\\agenda\\agenda\\vendor\\laravel\\framework\\src\\Illuminate\\Container\\Util.php(43): Illuminate\\Container\\BoundMethod::Illuminate\\Container\\{closure}()
#3 F:\\Coding\\Web\\Laravel\\agenda\\agenda\\vendor\\laravel\\framework\\src\\Illuminate\\Container\\BoundMethod.php(96): Illuminate\\Container\\Util::unwrapIfClosure(Object(Closure))
#4 F:\\Coding\\Web\\Laravel\\agenda\\agenda\\vendor\\laravel\\framework\\src\\Illuminate\\Container\\BoundMethod.php(35): Illuminate\\Container\\BoundMethod::callBoundMethod(Object(Illuminate\\Foundation\\Application), Array, Object(Closure))
#5 F:\\Coding\\Web\\Laravel\\agenda\\agenda\\vendor\\livewire\\livewire\\src\\Wrapped.php(23): Illuminate\\Container\\BoundMethod::call(Object(Illuminate\\Foundation\\Application), Array, Array)
#6 F:\\Coding\\Web\\Laravel\\agenda\\agenda\\vendor\\livewire\\livewire\\src\\Mechanisms\\HandleComponents\\HandleComponents.php(492): Livewire\\Wrapped->__call('deleteParticipa...', Array)
#7 F:\\Coding\\Web\\Laravel\\agenda\\agenda\\vendor\\livewire\\livewire\\src\\Mechanisms\\HandleComponents\\HandleComponents.php(101): Livewire\\Mechanisms\\HandleComponents\\HandleComponents->callMethods(Object(App\\Livewire\\CalendarAdmin), Array, Object(Livewire\\Mechanisms\\HandleComponents\\ComponentContext))
#8 F:\\Coding\\Web\\Laravel\\agenda\\agenda\\vendor\\livewire\\livewire\\src\\LivewireManager.php(102): Livewire\\Mechanisms\\HandleComponents\\HandleComponents->update(Array, Array, Array)
#9 F:\\Coding\\Web\\Laravel\\agenda\\agenda\\vendor\\livewire\\volt\\src\\LivewireManager.php(35): Livewire\\LivewireManager->update(Array, Array, Array)
#10 F:\\Coding\\Web\\Laravel\\agenda\\agenda\\vendor\\livewire\\livewire\\src\\Mechanisms\\HandleRequests\\HandleRequests.php(94): Livewire\\Volt\\LivewireManager->update(Array, Array, Array)
#11 F:\\Coding\\Web\\Laravel\\agenda\\agenda\\vendor\\laravel\\framework\\src\\Illuminate\\Routing\\ControllerDispatcher.php(46): Livewire\\Mechanisms\\HandleRequests\\HandleRequests->handleUpdate()
#12 F:\\Coding\\Web\\Laravel\\agenda\\agenda\\vendor\\laravel\\framework\\src\\Illuminate\\Routing\\Route.php(265): Illuminate\\Routing\\ControllerDispatcher->dispatch(Object(Illuminate\\Routing\\Route), Object(Livewire\\Mechanisms\\HandleRequests\\HandleRequests), 'handleUpdate')
#13 F:\\Coding\\Web\\Laravel\\agenda\\agenda\\vendor\\laravel\\framework\\src\\Illuminate\\Routing\\Route.php(211): Illuminate\\Routing\\Route->runController()
#14 F:\\Coding\\Web\\Laravel\\agenda\\agenda\\vendor\\laravel\\framework\\src\\Illuminate\\Routing\\Router.php(808): Illuminate\\Routing\\Route->run()
#15 F:\\Coding\\Web\\Laravel\\agenda\\agenda\\vendor\\laravel\\framework\\src\\Illuminate\\Pipeline\\Pipeline.php(169): Illuminate\\Routing\\Router->Illuminate\\Routing\\{closure}(Object(Illuminate\\Http\\Request))
#16 F:\\Coding\\Web\\Laravel\\agenda\\agenda\\vendor\\laravel\\framework\\src\\Illuminate\\Routing\\Middleware\\SubstituteBindings.php(50): Illuminate\\Pipeline\\Pipeline->Illuminate\\Pipeline\\{closure}(Object(Illuminate\\Http\\Request))
#17 F:\\Coding\\Web\\Laravel\\agenda\\agenda\\vendor\\laravel\\framework\\src\\Illuminate\\Pipeline\\Pipeline.php(208): Illuminate\\Routing\\Middleware\\SubstituteBindings->handle(Object(Illuminate\\Http\\Request), Object(Closure))
#18 F:\\Coding\\Web\\Laravel\\agenda\\agenda\\vendor\\laravel\\framework\\src\\Illuminate\\Foundation\\Http\\Middleware\\VerifyCsrfToken.php(87): Illuminate\\Pipeline\\Pipeline->Illuminate\\Pipeline\\{closure}(Object(Illuminate\\Http\\Request))
#19 F:\\Coding\\Web\\Laravel\\agenda\\agenda\\vendor\\laravel\\framework\\src\\Illuminate\\Pipeline\\Pipeline.php(208): Illuminate\\Foundation\\Http\\Middleware\\VerifyCsrfToken->handle(Object(Illuminate\\Http\\Request), Object(Closure))
#20 F:\\Coding\\Web\\Laravel\\agenda\\agenda\\vendor\\laravel\\framework\\src\\Illuminate\\View\\Middleware\\ShareErrorsFromSession.php(48): Illuminate\\Pipeline\\Pipeline->Illuminate\\Pipeline\\{closure}(Object(Illuminate\\Http\\Request))
#21 F:\\Coding\\Web\\Laravel\\agenda\\agenda\\vendor\\laravel\\framework\\src\\Illuminate\\Pipeline\\Pipeline.php(208): Illuminate\\View\\Middleware\\ShareErrorsFromSession->handle(Object(Illuminate\\Http\\Request), Object(Closure))
#22 F:\\Coding\\Web\\Laravel\\agenda\\agenda\\vendor\\laravel\\framework\\src\\Illuminate\\Session\\Middleware\\StartSession.php(120): Illuminate\\Pipeline\\Pipeline->Illuminate\\Pipeline\\{closure}(Object(Illuminate\\Http\\Request))
#23 F:\\Coding\\Web\\Laravel\\agenda\\agenda\\vendor\\laravel\\framework\\src\\Illuminate\\Session\\Middleware\\StartSession.php(63): Illuminate\\Session\\Middleware\\StartSession->handleStatefulRequest(Object(Illuminate\\Http\\Request), Object(Illuminate\\Session\\Store), Object(Closure))
#24 F:\\Coding\\Web\\Laravel\\agenda\\agenda\\vendor\\laravel\\framework\\src\\Illuminate\\Pipeline\\Pipeline.php(208): Illuminate\\Session\\Middleware\\StartSession->handle(Object(Illuminate\\Http\\Request), Object(Closure))
#25 F:\\Coding\\Web\\Laravel\\agenda\\agenda\\vendor\\laravel\\framework\\src\\Illuminate\\Cookie\\Middleware\\AddQueuedCookiesToResponse.php(36): Illuminate\\Pipeline\\Pipeline->Illuminate\\Pipeline\\{closure}(Object(Illuminate\\Http\\Request))
#26 F:\\Coding\\Web\\Laravel\\agenda\\agenda\\vendor\\laravel\\framework\\src\\Illuminate\\Pipeline\\Pipeline.php(208): Illuminate\\Cookie\\Middleware\\AddQueuedCookiesToResponse->handle(Object(Illuminate\\Http\\Request), Object(Closure))
#27 F:\\Coding\\Web\\Laravel\\agenda\\agenda\\vendor\\laravel\\framework\\src\\Illuminate\\Cookie\\Middleware\\EncryptCookies.php(74): Illuminate\\Pipeline\\Pipeline->Illuminate\\Pipeline\\{closure}(Object(Illuminate\\Http\\Request))
#28 F:\\Coding\\Web\\Laravel\\agenda\\agenda\\vendor\\laravel\\framework\\src\\Illuminate\\Pipeline\\Pipeline.php(208): Illuminate\\Cookie\\Middleware\\EncryptCookies->handle(Object(Illuminate\\Http\\Request), Object(Closure))
#29 F:\\Coding\\Web\\Laravel\\agenda\\agenda\\vendor\\laravel\\framework\\src\\Illuminate\\Pipeline\\Pipeline.php(126): Illuminate\\Pipeline\\Pipeline->Illuminate\\Pipeline\\{closure}(Object(Illuminate\\Http\\Request))
#30 F:\\Coding\\Web\\Laravel\\agenda\\agenda\\vendor\\laravel\\framework\\src\\Illuminate\\Routing\\Router.php(807): Illuminate\\Pipeline\\Pipeline->then(Object(Closure))
#31 F:\\Coding\\Web\\Laravel\\agenda\\agenda\\vendor\\laravel\\framework\\src\\Illuminate\\Routing\\Router.php(786): Illuminate\\Routing\\Router->runRouteWithinStack(Object(Illuminate\\Routing\\Route), Object(Illuminate\\Http\\Request))
#32 F:\\Coding\\Web\\Laravel\\agenda\\agenda\\vendor\\laravel\\framework\\src\\Illuminate\\Routing\\Router.php(750): Illuminate\\Routing\\Router->runRoute(Object(Illuminate\\Http\\Request), Object(Illuminate\\Routing\\Route))
#33 F:\\Coding\\Web\\Laravel\\agenda\\agenda\\vendor\\laravel\\framework\\src\\Illuminate\\Routing\\Router.php(739): Illuminate\\Routing\\Router->dispatchToRoute(Object(Illuminate\\Http\\Request))
#34 F:\\Coding\\Web\\Laravel\\agenda\\agenda\\vendor\\laravel\\framework\\src\\Illuminate\\Foundation\\Http\\Kernel.php(200): Illuminate\\Routing\\Router->dispatch(Object(Illuminate\\Http\\Request))
#35 F:\\Coding\\Web\\Laravel\\agenda\\agenda\\vendor\\laravel\\framework\\src\\Illuminate\\Pipeline\\Pipeline.php(169): Illuminate\\Foundation\\Http\\Kernel->Illuminate\\Foundation\\Http\\{closure}(Object(Illuminate\\Http\\Request))
#36 F:\\Coding\\Web\\Laravel\\agenda\\agenda\\vendor\\livewire\\livewire\\src\\Features\\SupportDisablingBackButtonCache\\DisableBackButtonCacheMiddleware.php(19): Illuminate\\Pipeline\\Pipeline->Illuminate\\Pipeline\\{closure}(Object(Illuminate\\Http\\Request))
#37 F:\\Coding\\Web\\Laravel\\agenda\\agenda\\vendor\\laravel\\framework\\src\\Illuminate\\Pipeline\\Pipeline.php(208): Livewire\\Features\\SupportDisablingBackButtonCache\\DisableBackButtonCacheMiddleware->handle(Object(Illuminate\\Http\\Request), Object(Closure))
#38 F:\\Coding\\Web\\Laravel\\agenda\\agenda\\vendor\\laravel\\framework\\src\\Illuminate\\Foundation\\Http\\Middleware\\ConvertEmptyStringsToNull.php(27): Illuminate\\Pipeline\\Pipeline->Illuminate\\Pipeline\\{closure}(Object(Illuminate\\Http\\Request))
#39 F:\\Coding\\Web\\Laravel\\agenda\\agenda\\vendor\\laravel\\framework\\src\\Illuminate\\Pipeline\\Pipeline.php(208): Illuminate\\Foundation\\Http\\Middleware\\ConvertEmptyStringsToNull->handle(Object(Illuminate\\Http\\Request), Object(Closure))
#40 F:\\Coding\\Web\\Laravel\\agenda\\agenda\\vendor\\laravel\\framework\\src\\Illuminate\\Foundation\\Http\\Middleware\\TrimStrings.php(47): Illuminate\\Pipeline\\Pipeline->Illuminate\\Pipeline\\{closure}(Object(Illuminate\\Http\\Request))
#41 F:\\Coding\\Web\\Laravel\\agenda\\agenda\\vendor\\laravel\\framework\\src\\Illuminate\\Pipeline\\Pipeline.php(208): Illuminate\\Foundation\\Http\\Middleware\\TrimStrings->handle(Object(Illuminate\\Http\\Request), Object(Closure))
#42 F:\\Coding\\Web\\Laravel\\agenda\\agenda\\vendor\\laravel\\framework\\src\\Illuminate\\Http\\Middleware\\ValidatePostSize.php(27): Illuminate\\Pipeline\\Pipeline->Illuminate\\Pipeline\\{closure}(Object(Illuminate\\Http\\Request))
#43 F:\\Coding\\Web\\Laravel\\agenda\\agenda\\vendor\\laravel\\framework\\src\\Illuminate\\Pipeline\\Pipeline.php(208): Illuminate\\Http\\Middleware\\ValidatePostSize->handle(Object(Illuminate\\Http\\Request), Object(Closure))
#44 F:\\Coding\\Web\\Laravel\\agenda\\agenda\\vendor\\laravel\\framework\\src\\Illuminate\\Foundation\\Http\\Middleware\\PreventRequestsDuringMaintenance.php(109): Illuminate\\Pipeline\\Pipeline->Illuminate\\Pipeline\\{closure}(Object(Illuminate\\Http\\Request))
#45 F:\\Coding\\Web\\Laravel\\agenda\\agenda\\vendor\\laravel\\framework\\src\\Illuminate\\Pipeline\\Pipeline.php(208): Illuminate\\Foundation\\Http\\Middleware\\PreventRequestsDuringMaintenance->handle(Object(Illuminate\\Http\\Request), Object(Closure))
#46 F:\\Coding\\Web\\Laravel\\agenda\\agenda\\vendor\\laravel\\framework\\src\\Illuminate\\Http\\Middleware\\HandleCors.php(48): Illuminate\\Pipeline\\Pipeline->Illuminate\\Pipeline\\{closure}(Object(Illuminate\\Http\\Request))
#47 F:\\Coding\\Web\\Laravel\\agenda\\agenda\\vendor\\laravel\\framework\\src\\Illuminate\\Pipeline\\Pipeline.php(208): Illuminate\\Http\\Middleware\\HandleCors->handle(Object(Illuminate\\Http\\Request), Object(Closure))
#48 F:\\Coding\\Web\\Laravel\\agenda\\agenda\\vendor\\laravel\\framework\\src\\Illuminate\\Http\\Middleware\\TrustProxies.php(58): Illuminate\\Pipeline\\Pipeline->Illuminate\\Pipeline\\{closure}(Object(Illuminate\\Http\\Request))
#49 F:\\Coding\\Web\\Laravel\\agenda\\agenda\\vendor\\laravel\\framework\\src\\Illuminate\\Pipeline\\Pipeline.php(208): Illuminate\\Http\\Middleware\\TrustProxies->handle(Object(Illuminate\\Http\\Request), Object(Closure))
#50 F:\\Coding\\Web\\Laravel\\agenda\\agenda\\vendor\\laravel\\framework\\src\\Illuminate\\Foundation\\Http\\Middleware\\InvokeDeferredCallbacks.php(22): Illuminate\\Pipeline\\Pipeline->Illuminate\\Pipeline\\{closure}(Object(Illuminate\\Http\\Request))
#51 F:\\Coding\\Web\\Laravel\\agenda\\agenda\\vendor\\laravel\\framework\\src\\Illuminate\\Pipeline\\Pipeline.php(208): Illuminate\\Foundation\\Http\\Middleware\\InvokeDeferredCallbacks->handle(Object(Illuminate\\Http\\Request), Object(Closure))
#52 F:\\Coding\\Web\\Laravel\\agenda\\agenda\\vendor\\laravel\\framework\\src\\Illuminate\\Http\\Middleware\\ValidatePathEncoding.php(26): Illuminate\\Pipeline\\Pipeline->Illuminate\\Pipeline\\{closure}(Object(Illuminate\\Http\\Request))
#53 F:\\Coding\\Web\\Laravel\\agenda\\agenda\\vendor\\laravel\\framework\\src\\Illuminate\\Pipeline\\Pipeline.php(208): Illuminate\\Http\\Middleware\\ValidatePathEncoding->handle(Object(Illuminate\\Http\\Request), Object(Closure))
#54 F:\\Coding\\Web\\Laravel\\agenda\\agenda\\vendor\\laravel\\framework\\src\\Illuminate\\Pipeline\\Pipeline.php(126): Illuminate\\Pipeline\\Pipeline->Illuminate\\Pipeline\\{closure}(Object(Illuminate\\Http\\Request))
#55 F:\\Coding\\Web\\Laravel\\agenda\\agenda\\vendor\\laravel\\framework\\src\\Illuminate\\Foundation\\Http\\Kernel.php(175): Illuminate\\Pipeline\\Pipeline->then(Object(Closure))
#56 F:\\Coding\\Web\\Laravel\\agenda\\agenda\\vendor\\laravel\\framework\\src\\Illuminate\\Foundation\\Http\\Kernel.php(144): Illuminate\\Foundation\\Http\\Kernel->sendRequestThroughRouter(Object(Illuminate\\Http\\Request))
#57 F:\\Coding\\Web\\Laravel\\agenda\\agenda\\vendor\\laravel\\framework\\src\\Illuminate\\Foundation\\Application.php(1219): Illuminate\\Foundation\\Http\\Kernel->handle(Object(Illuminate\\Http\\Request))
#58 F:\\Coding\\Web\\Laravel\\agenda\\agenda\\public\\index.php(20): Illuminate\\Foundation\\Application->handleRequest(Object(Illuminate\\Http\\Request))
#59 F:\\Coding\\Web\\Laravel\\agenda\\agenda\\vendor\\laravel\\framework\\src\\Illuminate\\Foundation\\resources\\server.php(23): require_once('F:\\\\Coding\\\\Web\\\\L...')
#60 {main}
"} 
[2025-09-10 10:44:46] local.INFO: loadData triggered via Livewire listener  
[2025-09-10 10:44:46] local.INFO: loadData triggered via Livewire listener  
[2025-09-10 10:45:27] local.INFO: loadData triggered via Livewire listener  
[2025-09-10 10:45:27] local.INFO: loadData triggered via Livewire listener  
[2025-09-10 11:06:13] local.INFO: loadData triggered via Livewire listener  
[2025-09-10 11:06:13] local.INFO: loadData triggered via Livewire listener  
[2025-09-10 12:06:40] local.INFO: EventCreated broadcast dispatched {"event_id":14} 
[2025-09-10 12:06:51] local.INFO: EventDeleted broadcast dispatched {"event_id":14} 
[2025-09-10 12:06:56] local.INFO: EventDeleted broadcast dispatched {"event_id":9} 
[2025-09-10 12:07:00] local.INFO: EventDeleted broadcast dispatched {"event_id":13} 
[2025-09-10 12:07:02] local.INFO: loadData triggered via Livewire listener  
[2025-09-10 12:07:02] local.INFO: loadData triggered via Livewire listener  
[2025-09-10 12:08:13] local.INFO: EventUpdated broadcast dispatched {"event_id":12} 
[2025-09-10 12:12:30] local.INFO: loadData triggered via Livewire listener  
[2025-09-10 12:12:30] local.INFO: loadData triggered via Livewire listener  
[2025-09-10 12:14:17] local.INFO: Broadcasting EventCreated for: xx  
[2025-09-10 12:14:17] local.INFO: EventCreated broadcast dispatched {"event_id":15} 
[2025-09-10 12:24:38] local.INFO: Broadcasting EventDeleted for: xx  
[2025-09-10 12:24:38] local.INFO: EventDeleted broadcast dispatched {"event_id":15} 
[2025-09-10 07:49:43] laravel.EMERGENCY: Unable to create configured logger. Using emergency logger. {"exception":"[object] (InvalidArgumentException(code: 0): Log [] is not defined. at F:\\Coding\\Web\\Laravel\\agenda\\agenda\\vendor\\laravel\\framework\\src\\Illuminate\\Log\\LogManager.php:222)
[stacktrace]
#0 F:\\Coding\\Web\\Laravel\\agenda\\agenda\\vendor\\laravel\\framework\\src\\Illuminate\\Log\\LogManager.php(138): Illuminate\\Log\\LogManager->resolve(NULL, NULL)
#1 F:\\Coding\\Web\\Laravel\\agenda\\agenda\\vendor\\laravel\\framework\\src\\Illuminate\\Log\\LogManager.php(125): Illuminate\\Log\\LogManager->get(NULL)
#2 F:\\Coding\\Web\\Laravel\\agenda\\agenda\\vendor\\laravel\\framework\\src\\Illuminate\\Log\\LogManager.php(699): Illuminate\\Log\\LogManager->driver()
#3 F:\\Coding\\Web\\Laravel\\agenda\\agenda\\vendor\\laravel\\framework\\src\\Illuminate\\Foundation\\Exceptions\\Handler.php(379): Illuminate\\Log\\LogManager->error('array_merge(): ...', Array)
#4 F:\\Coding\\Web\\Laravel\\agenda\\agenda\\vendor\\laravel\\framework\\src\\Illuminate\\Foundation\\Exceptions\\Handler.php(342): Illuminate\\Foundation\\Exceptions\\Handler->reportThrowable(Object(TypeError))
#5 F:\\Coding\\Web\\Laravel\\agenda\\agenda\\vendor\\laravel\\framework\\src\\Illuminate\\Foundation\\Http\\Kernel.php(562): Illuminate\\Foundation\\Exceptions\\Handler->report(Object(TypeError))
#6 F:\\Coding\\Web\\Laravel\\agenda\\agenda\\vendor\\laravel\\framework\\src\\Illuminate\\Foundation\\Http\\Kernel.php(146): Illuminate\\Foundation\\Http\\Kernel->reportException(Object(TypeError))
#7 F:\\Coding\\Web\\Laravel\\agenda\\agenda\\vendor\\laravel\\framework\\src\\Illuminate\\Foundation\\Application.php(1219): Illuminate\\Foundation\\Http\\Kernel->handle(Object(Illuminate\\Http\\Request))
#8 F:\\Coding\\Web\\Laravel\\agenda\\agenda\\public\\index.php(20): Illuminate\\Foundation\\Application->handleRequest(Object(Illuminate\\Http\\Request))
#9 F:\\Coding\\Web\\Laravel\\agenda\\agenda\\vendor\\laravel\\framework\\src\\Illuminate\\Foundation\\resources\\server.php(23): require_once('F:\\\\Coding\\\\Web\\\\L...')
#10 {main}
"} 
[2025-09-10 07:49:43] laravel.ERROR: array_merge(): Argument #2 must be of type array, int given {"exception":"[object] (TypeError(code: 0): array_merge(): Argument #2 must be of type array, int given at F:\\Coding\\Web\\Laravel\\agenda\\agenda\\vendor\\laravel\\framework\\src\\Illuminate\\Foundation\\Bootstrap\\LoadConfiguration.php:99)
[stacktrace]
#0 F:\\Coding\\Web\\Laravel\\agenda\\agenda\\vendor\\laravel\\framework\\src\\Illuminate\\Foundation\\Bootstrap\\LoadConfiguration.php(99): array_merge(Array, 1)
#1 F:\\Coding\\Web\\Laravel\\agenda\\agenda\\vendor\\laravel\\framework\\src\\Illuminate\\Foundation\\Bootstrap\\LoadConfiguration.php(77): Illuminate\\Foundation\\Bootstrap\\LoadConfiguration->loadConfigurationFile(Object(Illuminate\\Config\\Repository), 'broadcasting', 'F:\\\\Coding\\\\Web\\\\L...', Array)
#2 F:\\Coding\\Web\\Laravel\\agenda\\agenda\\vendor\\laravel\\framework\\src\\Illuminate\\Foundation\\Bootstrap\\LoadConfiguration.php(38): Illuminate\\Foundation\\Bootstrap\\LoadConfiguration->loadConfigurationFiles(Object(Illuminate\\Foundation\\Application), Object(Illuminate\\Config\\Repository))
#3 F:\\Coding\\Web\\Laravel\\agenda\\agenda\\vendor\\laravel\\framework\\src\\Illuminate\\Foundation\\Application.php(341): Illuminate\\Foundation\\Bootstrap\\LoadConfiguration->bootstrap(Object(Illuminate\\Foundation\\Application))
#4 F:\\Coding\\Web\\Laravel\\agenda\\agenda\\vendor\\laravel\\framework\\src\\Illuminate\\Foundation\\Http\\Kernel.php(186): Illuminate\\Foundation\\Application->bootstrapWith(Array)
#5 F:\\Coding\\Web\\Laravel\\agenda\\agenda\\vendor\\laravel\\framework\\src\\Illuminate\\Foundation\\Http\\Kernel.php(170): Illuminate\\Foundation\\Http\\Kernel->bootstrap()
#6 F:\\Coding\\Web\\Laravel\\agenda\\agenda\\vendor\\laravel\\framework\\src\\Illuminate\\Foundation\\Http\\Kernel.php(144): Illuminate\\Foundation\\Http\\Kernel->sendRequestThroughRouter(Object(Illuminate\\Http\\Request))
#7 F:\\Coding\\Web\\Laravel\\agenda\\agenda\\vendor\\laravel\\framework\\src\\Illuminate\\Foundation\\Application.php(1219): Illuminate\\Foundation\\Http\\Kernel->handle(Object(Illuminate\\Http\\Request))
#8 F:\\Coding\\Web\\Laravel\\agenda\\agenda\\public\\index.php(20): Illuminate\\Foundation\\Application->handleRequest(Object(Illuminate\\Http\\Request))
#9 F:\\Coding\\Web\\Laravel\\agenda\\agenda\\vendor\\laravel\\framework\\src\\Illuminate\\Foundation\\resources\\server.php(23): require_once('F:\\\\Coding\\\\Web\\\\L...')
#10 {main}
"} 
[2025-09-10 07:49:43] laravel.EMERGENCY: Unable to create configured logger. Using emergency logger. {"exception":"[object] (InvalidArgumentException(code: 0): Log [] is not defined. at F:\\Coding\\Web\\Laravel\\agenda\\agenda\\vendor\\laravel\\framework\\src\\Illuminate\\Log\\LogManager.php:222)
[stacktrace]
#0 F:\\Coding\\Web\\Laravel\\agenda\\agenda\\vendor\\laravel\\framework\\src\\Illuminate\\Log\\LogManager.php(138): Illuminate\\Log\\LogManager->resolve(NULL, NULL)
#1 F:\\Coding\\Web\\Laravel\\agenda\\agenda\\vendor\\laravel\\framework\\src\\Illuminate\\Log\\LogManager.php(125): Illuminate\\Log\\LogManager->get(NULL)
#2 F:\\Coding\\Web\\Laravel\\agenda\\agenda\\vendor\\laravel\\framework\\src\\Illuminate\\Log\\LogManager.php(699): Illuminate\\Log\\LogManager->driver()
#3 F:\\Coding\\Web\\Laravel\\agenda\\agenda\\vendor\\laravel\\framework\\src\\Illuminate\\Foundation\\Exceptions\\Handler.php(379): Illuminate\\Log\\LogManager->error('array_merge(): ...', Array)
#4 F:\\Coding\\Web\\Laravel\\agenda\\agenda\\vendor\\laravel\\framework\\src\\Illuminate\\Foundation\\Exceptions\\Handler.php(342): Illuminate\\Foundation\\Exceptions\\Handler->reportThrowable(Object(TypeError))
#5 F:\\Coding\\Web\\Laravel\\agenda\\agenda\\vendor\\laravel\\framework\\src\\Illuminate\\Foundation\\Http\\Kernel.php(562): Illuminate\\Foundation\\Exceptions\\Handler->report(Object(TypeError))
#6 F:\\Coding\\Web\\Laravel\\agenda\\agenda\\vendor\\laravel\\framework\\src\\Illuminate\\Foundation\\Http\\Kernel.php(146): Illuminate\\Foundation\\Http\\Kernel->reportException(Object(TypeError))
#7 F:\\Coding\\Web\\Laravel\\agenda\\agenda\\vendor\\laravel\\framework\\src\\Illuminate\\Foundation\\Application.php(1219): Illuminate\\Foundation\\Http\\Kernel->handle(Object(Illuminate\\Http\\Request))
#8 F:\\Coding\\Web\\Laravel\\agenda\\agenda\\public\\index.php(20): Illuminate\\Foundation\\Application->handleRequest(Object(Illuminate\\Http\\Request))
#9 F:\\Coding\\Web\\Laravel\\agenda\\agenda\\vendor\\laravel\\framework\\src\\Illuminate\\Foundation\\resources\\server.php(23): require_once('F:\\\\Coding\\\\Web\\\\L...')
#10 {main}
"} 
[2025-09-10 07:49:43] laravel.ERROR: array_merge(): Argument #2 must be of type array, int given {"exception":"[object] (TypeError(code: 0): array_merge(): Argument #2 must be of type array, int given at F:\\Coding\\Web\\Laravel\\agenda\\agenda\\vendor\\laravel\\framework\\src\\Illuminate\\Foundation\\Bootstrap\\LoadConfiguration.php:99)
[stacktrace]
#0 F:\\Coding\\Web\\Laravel\\agenda\\agenda\\vendor\\laravel\\framework\\src\\Illuminate\\Foundation\\Bootstrap\\LoadConfiguration.php(99): array_merge(Array, 1)
#1 F:\\Coding\\Web\\Laravel\\agenda\\agenda\\vendor\\laravel\\framework\\src\\Illuminate\\Foundation\\Bootstrap\\LoadConfiguration.php(77): Illuminate\\Foundation\\Bootstrap\\LoadConfiguration->loadConfigurationFile(Object(Illuminate\\Config\\Repository), 'broadcasting', 'F:\\\\Coding\\\\Web\\\\L...', Array)
#2 F:\\Coding\\Web\\Laravel\\agenda\\agenda\\vendor\\laravel\\framework\\src\\Illuminate\\Foundation\\Bootstrap\\LoadConfiguration.php(38): Illuminate\\Foundation\\Bootstrap\\LoadConfiguration->loadConfigurationFiles(Object(Illuminate\\Foundation\\Application), Object(Illuminate\\Config\\Repository))
#3 F:\\Coding\\Web\\Laravel\\agenda\\agenda\\vendor\\laravel\\framework\\src\\Illuminate\\Foundation\\Application.php(341): Illuminate\\Foundation\\Bootstrap\\LoadConfiguration->bootstrap(Object(Illuminate\\Foundation\\Application))
#4 F:\\Coding\\Web\\Laravel\\agenda\\agenda\\vendor\\laravel\\framework\\src\\Illuminate\\Foundation\\Http\\Kernel.php(186): Illuminate\\Foundation\\Application->bootstrapWith(Array)
#5 F:\\Coding\\Web\\Laravel\\agenda\\agenda\\vendor\\laravel\\framework\\src\\Illuminate\\Foundation\\Http\\Kernel.php(170): Illuminate\\Foundation\\Http\\Kernel->bootstrap()
#6 F:\\Coding\\Web\\Laravel\\agenda\\agenda\\vendor\\laravel\\framework\\src\\Illuminate\\Foundation\\Http\\Kernel.php(144): Illuminate\\Foundation\\Http\\Kernel->sendRequestThroughRouter(Object(Illuminate\\Http\\Request))
#7 F:\\Coding\\Web\\Laravel\\agenda\\agenda\\vendor\\laravel\\framework\\src\\Illuminate\\Foundation\\Application.php(1219): Illuminate\\Foundation\\Http\\Kernel->handle(Object(Illuminate\\Http\\Request))
#8 F:\\Coding\\Web\\Laravel\\agenda\\agenda\\public\\index.php(20): Illuminate\\Foundation\\Application->handleRequest(Object(Illuminate\\Http\\Request))
#9 F:\\Coding\\Web\\Laravel\\agenda\\agenda\\vendor\\laravel\\framework\\src\\Illuminate\\Foundation\\resources\\server.php(23): require_once('F:\\\\Coding\\\\Web\\\\L...')
#10 {main}
"} 
[2025-09-10 07:49:45] laravel.EMERGENCY: Unable to create configured logger. Using emergency logger. {"exception":"[object] (InvalidArgumentException(code: 0): Log [] is not defined. at F:\\Coding\\Web\\Laravel\\agenda\\agenda\\vendor\\laravel\\framework\\src\\Illuminate\\Log\\LogManager.php:222)
[stacktrace]
#0 F:\\Coding\\Web\\Laravel\\agenda\\agenda\\vendor\\laravel\\framework\\src\\Illuminate\\Log\\LogManager.php(138): Illuminate\\Log\\LogManager->resolve(NULL, NULL)
#1 F:\\Coding\\Web\\Laravel\\agenda\\agenda\\vendor\\laravel\\framework\\src\\Illuminate\\Log\\LogManager.php(125): Illuminate\\Log\\LogManager->get(NULL)
#2 F:\\Coding\\Web\\Laravel\\agenda\\agenda\\vendor\\laravel\\framework\\src\\Illuminate\\Log\\LogManager.php(699): Illuminate\\Log\\LogManager->driver()
#3 F:\\Coding\\Web\\Laravel\\agenda\\agenda\\vendor\\laravel\\framework\\src\\Illuminate\\Foundation\\Exceptions\\Handler.php(379): Illuminate\\Log\\LogManager->error('array_merge(): ...', Array)
#4 F:\\Coding\\Web\\Laravel\\agenda\\agenda\\vendor\\laravel\\framework\\src\\Illuminate\\Foundation\\Exceptions\\Handler.php(342): Illuminate\\Foundation\\Exceptions\\Handler->reportThrowable(Object(TypeError))
#5 F:\\Coding\\Web\\Laravel\\agenda\\agenda\\vendor\\laravel\\framework\\src\\Illuminate\\Foundation\\Http\\Kernel.php(562): Illuminate\\Foundation\\Exceptions\\Handler->report(Object(TypeError))
#6 F:\\Coding\\Web\\Laravel\\agenda\\agenda\\vendor\\laravel\\framework\\src\\Illuminate\\Foundation\\Http\\Kernel.php(146): Illuminate\\Foundation\\Http\\Kernel->reportException(Object(TypeError))
#7 F:\\Coding\\Web\\Laravel\\agenda\\agenda\\vendor\\laravel\\framework\\src\\Illuminate\\Foundation\\Application.php(1219): Illuminate\\Foundation\\Http\\Kernel->handle(Object(Illuminate\\Http\\Request))
#8 F:\\Coding\\Web\\Laravel\\agenda\\agenda\\public\\index.php(20): Illuminate\\Foundation\\Application->handleRequest(Object(Illuminate\\Http\\Request))
#9 F:\\Coding\\Web\\Laravel\\agenda\\agenda\\vendor\\laravel\\framework\\src\\Illuminate\\Foundation\\resources\\server.php(23): require_once('F:\\\\Coding\\\\Web\\\\L...')
#10 {main}
"} 
[2025-09-10 07:49:45] laravel.ERROR: array_merge(): Argument #2 must be of type array, int given {"exception":"[object] (TypeError(code: 0): array_merge(): Argument #2 must be of type array, int given at F:\\Coding\\Web\\Laravel\\agenda\\agenda\\vendor\\laravel\\framework\\src\\Illuminate\\Foundation\\Bootstrap\\LoadConfiguration.php:99)
[stacktrace]
#0 F:\\Coding\\Web\\Laravel\\agenda\\agenda\\vendor\\laravel\\framework\\src\\Illuminate\\Foundation\\Bootstrap\\LoadConfiguration.php(99): array_merge(Array, 1)
#1 F:\\Coding\\Web\\Laravel\\agenda\\agenda\\vendor\\laravel\\framework\\src\\Illuminate\\Foundation\\Bootstrap\\LoadConfiguration.php(77): Illuminate\\Foundation\\Bootstrap\\LoadConfiguration->loadConfigurationFile(Object(Illuminate\\Config\\Repository), 'broadcasting', 'F:\\\\Coding\\\\Web\\\\L...', Array)
#2 F:\\Coding\\Web\\Laravel\\agenda\\agenda\\vendor\\laravel\\framework\\src\\Illuminate\\Foundation\\Bootstrap\\LoadConfiguration.php(38): Illuminate\\Foundation\\Bootstrap\\LoadConfiguration->loadConfigurationFiles(Object(Illuminate\\Foundation\\Application), Object(Illuminate\\Config\\Repository))
#3 F:\\Coding\\Web\\Laravel\\agenda\\agenda\\vendor\\laravel\\framework\\src\\Illuminate\\Foundation\\Application.php(341): Illuminate\\Foundation\\Bootstrap\\LoadConfiguration->bootstrap(Object(Illuminate\\Foundation\\Application))
#4 F:\\Coding\\Web\\Laravel\\agenda\\agenda\\vendor\\laravel\\framework\\src\\Illuminate\\Foundation\\Http\\Kernel.php(186): Illuminate\\Foundation\\Application->bootstrapWith(Array)
#5 F:\\Coding\\Web\\Laravel\\agenda\\agenda\\vendor\\laravel\\framework\\src\\Illuminate\\Foundation\\Http\\Kernel.php(170): Illuminate\\Foundation\\Http\\Kernel->bootstrap()
#6 F:\\Coding\\Web\\Laravel\\agenda\\agenda\\vendor\\laravel\\framework\\src\\Illuminate\\Foundation\\Http\\Kernel.php(144): Illuminate\\Foundation\\Http\\Kernel->sendRequestThroughRouter(Object(Illuminate\\Http\\Request))
#7 F:\\Coding\\Web\\Laravel\\agenda\\agenda\\vendor\\laravel\\framework\\src\\Illuminate\\Foundation\\Application.php(1219): Illuminate\\Foundation\\Http\\Kernel->handle(Object(Illuminate\\Http\\Request))
#8 F:\\Coding\\Web\\Laravel\\agenda\\agenda\\public\\index.php(20): Illuminate\\Foundation\\Application->handleRequest(Object(Illuminate\\Http\\Request))
#9 F:\\Coding\\Web\\Laravel\\agenda\\agenda\\vendor\\laravel\\framework\\src\\Illuminate\\Foundation\\resources\\server.php(23): require_once('F:\\\\Coding\\\\Web\\\\L...')
#10 {main}
"} 
[2025-09-10 07:49:47] laravel.EMERGENCY: Unable to create configured logger. Using emergency logger. {"exception":"[object] (InvalidArgumentException(code: 0): Log [] is not defined. at F:\\Coding\\Web\\Laravel\\agenda\\agenda\\vendor\\laravel\\framework\\src\\Illuminate\\Log\\LogManager.php:222)
[stacktrace]
#0 F:\\Coding\\Web\\Laravel\\agenda\\agenda\\vendor\\laravel\\framework\\src\\Illuminate\\Log\\LogManager.php(138): Illuminate\\Log\\LogManager->resolve(NULL, NULL)
#1 F:\\Coding\\Web\\Laravel\\agenda\\agenda\\vendor\\laravel\\framework\\src\\Illuminate\\Log\\LogManager.php(125): Illuminate\\Log\\LogManager->get(NULL)
#2 F:\\Coding\\Web\\Laravel\\agenda\\agenda\\vendor\\laravel\\framework\\src\\Illuminate\\Log\\LogManager.php(699): Illuminate\\Log\\LogManager->driver()
#3 F:\\Coding\\Web\\Laravel\\agenda\\agenda\\vendor\\laravel\\framework\\src\\Illuminate\\Foundation\\Exceptions\\Handler.php(379): Illuminate\\Log\\LogManager->error('array_merge(): ...', Array)
#4 F:\\Coding\\Web\\Laravel\\agenda\\agenda\\vendor\\laravel\\framework\\src\\Illuminate\\Foundation\\Exceptions\\Handler.php(342): Illuminate\\Foundation\\Exceptions\\Handler->reportThrowable(Object(TypeError))
#5 F:\\Coding\\Web\\Laravel\\agenda\\agenda\\vendor\\laravel\\framework\\src\\Illuminate\\Foundation\\Http\\Kernel.php(562): Illuminate\\Foundation\\Exceptions\\Handler->report(Object(TypeError))
#6 F:\\Coding\\Web\\Laravel\\agenda\\agenda\\vendor\\laravel\\framework\\src\\Illuminate\\Foundation\\Http\\Kernel.php(146): Illuminate\\Foundation\\Http\\Kernel->reportException(Object(TypeError))
#7 F:\\Coding\\Web\\Laravel\\agenda\\agenda\\vendor\\laravel\\framework\\src\\Illuminate\\Foundation\\Application.php(1219): Illuminate\\Foundation\\Http\\Kernel->handle(Object(Illuminate\\Http\\Request))
#8 F:\\Coding\\Web\\Laravel\\agenda\\agenda\\public\\index.php(20): Illuminate\\Foundation\\Application->handleRequest(Object(Illuminate\\Http\\Request))
#9 F:\\Coding\\Web\\Laravel\\agenda\\agenda\\vendor\\laravel\\framework\\src\\Illuminate\\Foundation\\resources\\server.php(23): require_once('F:\\\\Coding\\\\Web\\\\L...')
#10 {main}
"} 
[2025-09-10 07:49:47] laravel.ERROR: array_merge(): Argument #2 must be of type array, int given {"exception":"[object] (TypeError(code: 0): array_merge(): Argument #2 must be of type array, int given at F:\\Coding\\Web\\Laravel\\agenda\\agenda\\vendor\\laravel\\framework\\src\\Illuminate\\Foundation\\Bootstrap\\LoadConfiguration.php:99)
[stacktrace]
#0 F:\\Coding\\Web\\Laravel\\agenda\\agenda\\vendor\\laravel\\framework\\src\\Illuminate\\Foundation\\Bootstrap\\LoadConfiguration.php(99): array_merge(Array, 1)
#1 F:\\Coding\\Web\\Laravel\\agenda\\agenda\\vendor\\laravel\\framework\\src\\Illuminate\\Foundation\\Bootstrap\\LoadConfiguration.php(77): Illuminate\\Foundation\\Bootstrap\\LoadConfiguration->loadConfigurationFile(Object(Illuminate\\Config\\Repository), 'broadcasting', 'F:\\\\Coding\\\\Web\\\\L...', Array)
#2 F:\\Coding\\Web\\Laravel\\agenda\\agenda\\vendor\\laravel\\framework\\src\\Illuminate\\Foundation\\Bootstrap\\LoadConfiguration.php(38): Illuminate\\Foundation\\Bootstrap\\LoadConfiguration->loadConfigurationFiles(Object(Illuminate\\Foundation\\Application), Object(Illuminate\\Config\\Repository))
#3 F:\\Coding\\Web\\Laravel\\agenda\\agenda\\vendor\\laravel\\framework\\src\\Illuminate\\Foundation\\Application.php(341): Illuminate\\Foundation\\Bootstrap\\LoadConfiguration->bootstrap(Object(Illuminate\\Foundation\\Application))
#4 F:\\Coding\\Web\\Laravel\\agenda\\agenda\\vendor\\laravel\\framework\\src\\Illuminate\\Foundation\\Http\\Kernel.php(186): Illuminate\\Foundation\\Application->bootstrapWith(Array)
#5 F:\\Coding\\Web\\Laravel\\agenda\\agenda\\vendor\\laravel\\framework\\src\\Illuminate\\Foundation\\Http\\Kernel.php(170): Illuminate\\Foundation\\Http\\Kernel->bootstrap()
#6 F:\\Coding\\Web\\Laravel\\agenda\\agenda\\vendor\\laravel\\framework\\src\\Illuminate\\Foundation\\Http\\Kernel.php(144): Illuminate\\Foundation\\Http\\Kernel->sendRequestThroughRouter(Object(Illuminate\\Http\\Request))
#7 F:\\Coding\\Web\\Laravel\\agenda\\agenda\\vendor\\laravel\\framework\\src\\Illuminate\\Foundation\\Application.php(1219): Illuminate\\Foundation\\Http\\Kernel->handle(Object(Illuminate\\Http\\Request))
#8 F:\\Coding\\Web\\Laravel\\agenda\\agenda\\public\\index.php(20): Illuminate\\Foundation\\Application->handleRequest(Object(Illuminate\\Http\\Request))
#9 F:\\Coding\\Web\\Laravel\\agenda\\agenda\\vendor\\laravel\\framework\\src\\Illuminate\\Foundation\\resources\\server.php(23): require_once('F:\\\\Coding\\\\Web\\\\L...')
#10 {main}
"} 
[2025-09-10 07:49:49] laravel.EMERGENCY: Unable to create configured logger. Using emergency logger. {"exception":"[object] (InvalidArgumentException(code: 0): Log [] is not defined. at F:\\Coding\\Web\\Laravel\\agenda\\agenda\\vendor\\laravel\\framework\\src\\Illuminate\\Log\\LogManager.php:222)
[stacktrace]
#0 F:\\Coding\\Web\\Laravel\\agenda\\agenda\\vendor\\laravel\\framework\\src\\Illuminate\\Log\\LogManager.php(138): Illuminate\\Log\\LogManager->resolve(NULL, NULL)
#1 F:\\Coding\\Web\\Laravel\\agenda\\agenda\\vendor\\laravel\\framework\\src\\Illuminate\\Log\\LogManager.php(125): Illuminate\\Log\\LogManager->get(NULL)
#2 F:\\Coding\\Web\\Laravel\\agenda\\agenda\\vendor\\laravel\\framework\\src\\Illuminate\\Log\\LogManager.php(699): Illuminate\\Log\\LogManager->driver()
#3 F:\\Coding\\Web\\Laravel\\agenda\\agenda\\vendor\\laravel\\framework\\src\\Illuminate\\Foundation\\Exceptions\\Handler.php(379): Illuminate\\Log\\LogManager->error('array_merge(): ...', Array)
#4 F:\\Coding\\Web\\Laravel\\agenda\\agenda\\vendor\\laravel\\framework\\src\\Illuminate\\Foundation\\Exceptions\\Handler.php(342): Illuminate\\Foundation\\Exceptions\\Handler->reportThrowable(Object(TypeError))
#5 F:\\Coding\\Web\\Laravel\\agenda\\agenda\\vendor\\laravel\\framework\\src\\Illuminate\\Foundation\\Http\\Kernel.php(562): Illuminate\\Foundation\\Exceptions\\Handler->report(Object(TypeError))
#6 F:\\Coding\\Web\\Laravel\\agenda\\agenda\\vendor\\laravel\\framework\\src\\Illuminate\\Foundation\\Http\\Kernel.php(146): Illuminate\\Foundation\\Http\\Kernel->reportException(Object(TypeError))
#7 F:\\Coding\\Web\\Laravel\\agenda\\agenda\\vendor\\laravel\\framework\\src\\Illuminate\\Foundation\\Application.php(1219): Illuminate\\Foundation\\Http\\Kernel->handle(Object(Illuminate\\Http\\Request))
#8 F:\\Coding\\Web\\Laravel\\agenda\\agenda\\public\\index.php(20): Illuminate\\Foundation\\Application->handleRequest(Object(Illuminate\\Http\\Request))
#9 F:\\Coding\\Web\\Laravel\\agenda\\agenda\\vendor\\laravel\\framework\\src\\Illuminate\\Foundation\\resources\\server.php(23): require_once('F:\\\\Coding\\\\Web\\\\L...')
#10 {main}
"} 
[2025-09-10 07:49:49] laravel.ERROR: array_merge(): Argument #2 must be of type array, int given {"exception":"[object] (TypeError(code: 0): array_merge(): Argument #2 must be of type array, int given at F:\\Coding\\Web\\Laravel\\agenda\\agenda\\vendor\\laravel\\framework\\src\\Illuminate\\Foundation\\Bootstrap\\LoadConfiguration.php:99)
[stacktrace]
#0 F:\\Coding\\Web\\Laravel\\agenda\\agenda\\vendor\\laravel\\framework\\src\\Illuminate\\Foundation\\Bootstrap\\LoadConfiguration.php(99): array_merge(Array, 1)
#1 F:\\Coding\\Web\\Laravel\\agenda\\agenda\\vendor\\laravel\\framework\\src\\Illuminate\\Foundation\\Bootstrap\\LoadConfiguration.php(77): Illuminate\\Foundation\\Bootstrap\\LoadConfiguration->loadConfigurationFile(Object(Illuminate\\Config\\Repository), 'broadcasting', 'F:\\\\Coding\\\\Web\\\\L...', Array)
#2 F:\\Coding\\Web\\Laravel\\agenda\\agenda\\vendor\\laravel\\framework\\src\\Illuminate\\Foundation\\Bootstrap\\LoadConfiguration.php(38): Illuminate\\Foundation\\Bootstrap\\LoadConfiguration->loadConfigurationFiles(Object(Illuminate\\Foundation\\Application), Object(Illuminate\\Config\\Repository))
#3 F:\\Coding\\Web\\Laravel\\agenda\\agenda\\vendor\\laravel\\framework\\src\\Illuminate\\Foundation\\Application.php(341): Illuminate\\Foundation\\Bootstrap\\LoadConfiguration->bootstrap(Object(Illuminate\\Foundation\\Application))
#4 F:\\Coding\\Web\\Laravel\\agenda\\agenda\\vendor\\laravel\\framework\\src\\Illuminate\\Foundation\\Http\\Kernel.php(186): Illuminate\\Foundation\\Application->bootstrapWith(Array)
#5 F:\\Coding\\Web\\Laravel\\agenda\\agenda\\vendor\\laravel\\framework\\src\\Illuminate\\Foundation\\Http\\Kernel.php(170): Illuminate\\Foundation\\Http\\Kernel->bootstrap()
#6 F:\\Coding\\Web\\Laravel\\agenda\\agenda\\vendor\\laravel\\framework\\src\\Illuminate\\Foundation\\Http\\Kernel.php(144): Illuminate\\Foundation\\Http\\Kernel->sendRequestThroughRouter(Object(Illuminate\\Http\\Request))
#7 F:\\Coding\\Web\\Laravel\\agenda\\agenda\\vendor\\laravel\\framework\\src\\Illuminate\\Foundation\\Application.php(1219): Illuminate\\Foundation\\Http\\Kernel->handle(Object(Illuminate\\Http\\Request))
#8 F:\\Coding\\Web\\Laravel\\agenda\\agenda\\public\\index.php(20): Illuminate\\Foundation\\Application->handleRequest(Object(Illuminate\\Http\\Request))
#9 F:\\Coding\\Web\\Laravel\\agenda\\agenda\\vendor\\laravel\\framework\\src\\Illuminate\\Foundation\\resources\\server.php(23): require_once('F:\\\\Coding\\\\Web\\\\L...')
#10 {main}
"} 
[2025-09-10 07:49:51] laravel.EMERGENCY: Unable to create configured logger. Using emergency logger. {"exception":"[object] (InvalidArgumentException(code: 0): Log [] is not defined. at F:\\Coding\\Web\\Laravel\\agenda\\agenda\\vendor\\laravel\\framework\\src\\Illuminate\\Log\\LogManager.php:222)
[stacktrace]
#0 F:\\Coding\\Web\\Laravel\\agenda\\agenda\\vendor\\laravel\\framework\\src\\Illuminate\\Log\\LogManager.php(138): Illuminate\\Log\\LogManager->resolve(NULL, NULL)
#1 F:\\Coding\\Web\\Laravel\\agenda\\agenda\\vendor\\laravel\\framework\\src\\Illuminate\\Log\\LogManager.php(125): Illuminate\\Log\\LogManager->get(NULL)
#2 F:\\Coding\\Web\\Laravel\\agenda\\agenda\\vendor\\laravel\\framework\\src\\Illuminate\\Log\\LogManager.php(699): Illuminate\\Log\\LogManager->driver()
#3 F:\\Coding\\Web\\Laravel\\agenda\\agenda\\vendor\\laravel\\framework\\src\\Illuminate\\Foundation\\Exceptions\\Handler.php(379): Illuminate\\Log\\LogManager->error('array_merge(): ...', Array)
#4 F:\\Coding\\Web\\Laravel\\agenda\\agenda\\vendor\\laravel\\framework\\src\\Illuminate\\Foundation\\Exceptions\\Handler.php(342): Illuminate\\Foundation\\Exceptions\\Handler->reportThrowable(Object(TypeError))
#5 F:\\Coding\\Web\\Laravel\\agenda\\agenda\\vendor\\laravel\\framework\\src\\Illuminate\\Foundation\\Http\\Kernel.php(562): Illuminate\\Foundation\\Exceptions\\Handler->report(Object(TypeError))
#6 F:\\Coding\\Web\\Laravel\\agenda\\agenda\\vendor\\laravel\\framework\\src\\Illuminate\\Foundation\\Http\\Kernel.php(146): Illuminate\\Foundation\\Http\\Kernel->reportException(Object(TypeError))
#7 F:\\Coding\\Web\\Laravel\\agenda\\agenda\\vendor\\laravel\\framework\\src\\Illuminate\\Foundation\\Application.php(1219): Illuminate\\Foundation\\Http\\Kernel->handle(Object(Illuminate\\Http\\Request))
#8 F:\\Coding\\Web\\Laravel\\agenda\\agenda\\public\\index.php(20): Illuminate\\Foundation\\Application->handleRequest(Object(Illuminate\\Http\\Request))
#9 F:\\Coding\\Web\\Laravel\\agenda\\agenda\\vendor\\laravel\\framework\\src\\Illuminate\\Foundation\\resources\\server.php(23): require_once('F:\\\\Coding\\\\Web\\\\L...')
#10 {main}
"} 
[2025-09-10 07:49:51] laravel.ERROR: array_merge(): Argument #2 must be of type array, int given {"exception":"[object] (TypeError(code: 0): array_merge(): Argument #2 must be of type array, int given at F:\\Coding\\Web\\Laravel\\agenda\\agenda\\vendor\\laravel\\framework\\src\\Illuminate\\Foundation\\Bootstrap\\LoadConfiguration.php:99)
[stacktrace]
#0 F:\\Coding\\Web\\Laravel\\agenda\\agenda\\vendor\\laravel\\framework\\src\\Illuminate\\Foundation\\Bootstrap\\LoadConfiguration.php(99): array_merge(Array, 1)
#1 F:\\Coding\\Web\\Laravel\\agenda\\agenda\\vendor\\laravel\\framework\\src\\Illuminate\\Foundation\\Bootstrap\\LoadConfiguration.php(77): Illuminate\\Foundation\\Bootstrap\\LoadConfiguration->loadConfigurationFile(Object(Illuminate\\Config\\Repository), 'broadcasting', 'F:\\\\Coding\\\\Web\\\\L...', Array)
#2 F:\\Coding\\Web\\Laravel\\agenda\\agenda\\vendor\\laravel\\framework\\src\\Illuminate\\Foundation\\Bootstrap\\LoadConfiguration.php(38): Illuminate\\Foundation\\Bootstrap\\LoadConfiguration->loadConfigurationFiles(Object(Illuminate\\Foundation\\Application), Object(Illuminate\\Config\\Repository))
#3 F:\\Coding\\Web\\Laravel\\agenda\\agenda\\vendor\\laravel\\framework\\src\\Illuminate\\Foundation\\Application.php(341): Illuminate\\Foundation\\Bootstrap\\LoadConfiguration->bootstrap(Object(Illuminate\\Foundation\\Application))
#4 F:\\Coding\\Web\\Laravel\\agenda\\agenda\\vendor\\laravel\\framework\\src\\Illuminate\\Foundation\\Http\\Kernel.php(186): Illuminate\\Foundation\\Application->bootstrapWith(Array)
#5 F:\\Coding\\Web\\Laravel\\agenda\\agenda\\vendor\\laravel\\framework\\src\\Illuminate\\Foundation\\Http\\Kernel.php(170): Illuminate\\Foundation\\Http\\Kernel->bootstrap()
#6 F:\\Coding\\Web\\Laravel\\agenda\\agenda\\vendor\\laravel\\framework\\src\\Illuminate\\Foundation\\Http\\Kernel.php(144): Illuminate\\Foundation\\Http\\Kernel->sendRequestThroughRouter(Object(Illuminate\\Http\\Request))
#7 F:\\Coding\\Web\\Laravel\\agenda\\agenda\\vendor\\laravel\\framework\\src\\Illuminate\\Foundation\\Application.php(1219): Illuminate\\Foundation\\Http\\Kernel->handle(Object(Illuminate\\Http\\Request))
#8 F:\\Coding\\Web\\Laravel\\agenda\\agenda\\public\\index.php(20): Illuminate\\Foundation\\Application->handleRequest(Object(Illuminate\\Http\\Request))
#9 F:\\Coding\\Web\\Laravel\\agenda\\agenda\\vendor\\laravel\\framework\\src\\Illuminate\\Foundation\\resources\\server.php(23): require_once('F:\\\\Coding\\\\Web\\\\L...')
#10 {main}
"} 
[2025-09-10 07:50:17] laravel.EMERGENCY: Unable to create configured logger. Using emergency logger. {"exception":"[object] (InvalidArgumentException(code: 0): Log [] is not defined. at F:\\Coding\\Web\\Laravel\\agenda\\agenda\\vendor\\laravel\\framework\\src\\Illuminate\\Log\\LogManager.php:222)
[stacktrace]
#0 F:\\Coding\\Web\\Laravel\\agenda\\agenda\\vendor\\laravel\\framework\\src\\Illuminate\\Log\\LogManager.php(138): Illuminate\\Log\\LogManager->resolve(NULL, NULL)
#1 F:\\Coding\\Web\\Laravel\\agenda\\agenda\\vendor\\laravel\\framework\\src\\Illuminate\\Log\\LogManager.php(125): Illuminate\\Log\\LogManager->get(NULL)
#2 F:\\Coding\\Web\\Laravel\\agenda\\agenda\\vendor\\laravel\\framework\\src\\Illuminate\\Log\\LogManager.php(699): Illuminate\\Log\\LogManager->driver()
#3 F:\\Coding\\Web\\Laravel\\agenda\\agenda\\vendor\\laravel\\framework\\src\\Illuminate\\Foundation\\Exceptions\\Handler.php(379): Illuminate\\Log\\LogManager->error('array_merge(): ...', Array)
#4 F:\\Coding\\Web\\Laravel\\agenda\\agenda\\vendor\\laravel\\framework\\src\\Illuminate\\Foundation\\Exceptions\\Handler.php(342): Illuminate\\Foundation\\Exceptions\\Handler->reportThrowable(Object(TypeError))
#5 F:\\Coding\\Web\\Laravel\\agenda\\agenda\\vendor\\laravel\\framework\\src\\Illuminate\\Foundation\\Http\\Kernel.php(562): Illuminate\\Foundation\\Exceptions\\Handler->report(Object(TypeError))
#6 F:\\Coding\\Web\\Laravel\\agenda\\agenda\\vendor\\laravel\\framework\\src\\Illuminate\\Foundation\\Http\\Kernel.php(146): Illuminate\\Foundation\\Http\\Kernel->reportException(Object(TypeError))
#7 F:\\Coding\\Web\\Laravel\\agenda\\agenda\\vendor\\laravel\\framework\\src\\Illuminate\\Foundation\\Application.php(1219): Illuminate\\Foundation\\Http\\Kernel->handle(Object(Illuminate\\Http\\Request))
#8 F:\\Coding\\Web\\Laravel\\agenda\\agenda\\public\\index.php(20): Illuminate\\Foundation\\Application->handleRequest(Object(Illuminate\\Http\\Request))
#9 F:\\Coding\\Web\\Laravel\\agenda\\agenda\\vendor\\laravel\\framework\\src\\Illuminate\\Foundation\\resources\\server.php(23): require_once('F:\\\\Coding\\\\Web\\\\L...')
#10 {main}
"} 
[2025-09-10 07:50:17] laravel.ERROR: array_merge(): Argument #2 must be of type array, int given {"exception":"[object] (TypeError(code: 0): array_merge(): Argument #2 must be of type array, int given at F:\\Coding\\Web\\Laravel\\agenda\\agenda\\vendor\\laravel\\framework\\src\\Illuminate\\Foundation\\Bootstrap\\LoadConfiguration.php:99)
[stacktrace]
#0 F:\\Coding\\Web\\Laravel\\agenda\\agenda\\vendor\\laravel\\framework\\src\\Illuminate\\Foundation\\Bootstrap\\LoadConfiguration.php(99): array_merge(Array, 1)
#1 F:\\Coding\\Web\\Laravel\\agenda\\agenda\\vendor\\laravel\\framework\\src\\Illuminate\\Foundation\\Bootstrap\\LoadConfiguration.php(77): Illuminate\\Foundation\\Bootstrap\\LoadConfiguration->loadConfigurationFile(Object(Illuminate\\Config\\Repository), 'broadcasting', 'F:\\\\Coding\\\\Web\\\\L...', Array)
#2 F:\\Coding\\Web\\Laravel\\agenda\\agenda\\vendor\\laravel\\framework\\src\\Illuminate\\Foundation\\Bootstrap\\LoadConfiguration.php(38): Illuminate\\Foundation\\Bootstrap\\LoadConfiguration->loadConfigurationFiles(Object(Illuminate\\Foundation\\Application), Object(Illuminate\\Config\\Repository))
#3 F:\\Coding\\Web\\Laravel\\agenda\\agenda\\vendor\\laravel\\framework\\src\\Illuminate\\Foundation\\Application.php(341): Illuminate\\Foundation\\Bootstrap\\LoadConfiguration->bootstrap(Object(Illuminate\\Foundation\\Application))
#4 F:\\Coding\\Web\\Laravel\\agenda\\agenda\\vendor\\laravel\\framework\\src\\Illuminate\\Foundation\\Http\\Kernel.php(186): Illuminate\\Foundation\\Application->bootstrapWith(Array)
#5 F:\\Coding\\Web\\Laravel\\agenda\\agenda\\vendor\\laravel\\framework\\src\\Illuminate\\Foundation\\Http\\Kernel.php(170): Illuminate\\Foundation\\Http\\Kernel->bootstrap()
#6 F:\\Coding\\Web\\Laravel\\agenda\\agenda\\vendor\\laravel\\framework\\src\\Illuminate\\Foundation\\Http\\Kernel.php(144): Illuminate\\Foundation\\Http\\Kernel->sendRequestThroughRouter(Object(Illuminate\\Http\\Request))
#7 F:\\Coding\\Web\\Laravel\\agenda\\agenda\\vendor\\laravel\\framework\\src\\Illuminate\\Foundation\\Application.php(1219): Illuminate\\Foundation\\Http\\Kernel->handle(Object(Illuminate\\Http\\Request))
#8 F:\\Coding\\Web\\Laravel\\agenda\\agenda\\public\\index.php(20): Illuminate\\Foundation\\Application->handleRequest(Object(Illuminate\\Http\\Request))
#9 F:\\Coding\\Web\\Laravel\\agenda\\agenda\\vendor\\laravel\\framework\\src\\Illuminate\\Foundation\\resources\\server.php(23): require_once('F:\\\\Coding\\\\Web\\\\L...')
#10 {main}
"} 
[2025-09-10 07:50:19] laravel.EMERGENCY: Unable to create configured logger. Using emergency logger. {"exception":"[object] (InvalidArgumentException(code: 0): Log [] is not defined. at F:\\Coding\\Web\\Laravel\\agenda\\agenda\\vendor\\laravel\\framework\\src\\Illuminate\\Log\\LogManager.php:222)
[stacktrace]
#0 F:\\Coding\\Web\\Laravel\\agenda\\agenda\\vendor\\laravel\\framework\\src\\Illuminate\\Log\\LogManager.php(138): Illuminate\\Log\\LogManager->resolve(NULL, NULL)
#1 F:\\Coding\\Web\\Laravel\\agenda\\agenda\\vendor\\laravel\\framework\\src\\Illuminate\\Log\\LogManager.php(125): Illuminate\\Log\\LogManager->get(NULL)
#2 F:\\Coding\\Web\\Laravel\\agenda\\agenda\\vendor\\laravel\\framework\\src\\Illuminate\\Log\\LogManager.php(699): Illuminate\\Log\\LogManager->driver()
#3 F:\\Coding\\Web\\Laravel\\agenda\\agenda\\vendor\\laravel\\framework\\src\\Illuminate\\Foundation\\Exceptions\\Handler.php(379): Illuminate\\Log\\LogManager->error('array_merge(): ...', Array)
#4 F:\\Coding\\Web\\Laravel\\agenda\\agenda\\vendor\\laravel\\framework\\src\\Illuminate\\Foundation\\Exceptions\\Handler.php(342): Illuminate\\Foundation\\Exceptions\\Handler->reportThrowable(Object(TypeError))
#5 F:\\Coding\\Web\\Laravel\\agenda\\agenda\\vendor\\laravel\\framework\\src\\Illuminate\\Foundation\\Http\\Kernel.php(562): Illuminate\\Foundation\\Exceptions\\Handler->report(Object(TypeError))
#6 F:\\Coding\\Web\\Laravel\\agenda\\agenda\\vendor\\laravel\\framework\\src\\Illuminate\\Foundation\\Http\\Kernel.php(146): Illuminate\\Foundation\\Http\\Kernel->reportException(Object(TypeError))
#7 F:\\Coding\\Web\\Laravel\\agenda\\agenda\\vendor\\laravel\\framework\\src\\Illuminate\\Foundation\\Application.php(1219): Illuminate\\Foundation\\Http\\Kernel->handle(Object(Illuminate\\Http\\Request))
#8 F:\\Coding\\Web\\Laravel\\agenda\\agenda\\public\\index.php(20): Illuminate\\Foundation\\Application->handleRequest(Object(Illuminate\\Http\\Request))
#9 F:\\Coding\\Web\\Laravel\\agenda\\agenda\\vendor\\laravel\\framework\\src\\Illuminate\\Foundation\\resources\\server.php(23): require_once('F:\\\\Coding\\\\Web\\\\L...')
#10 {main}
"} 
[2025-09-10 07:50:19] laravel.ERROR: array_merge(): Argument #2 must be of type array, int given {"exception":"[object] (TypeError(code: 0): array_merge(): Argument #2 must be of type array, int given at F:\\Coding\\Web\\Laravel\\agenda\\agenda\\vendor\\laravel\\framework\\src\\Illuminate\\Foundation\\Bootstrap\\LoadConfiguration.php:99)
[stacktrace]
#0 F:\\Coding\\Web\\Laravel\\agenda\\agenda\\vendor\\laravel\\framework\\src\\Illuminate\\Foundation\\Bootstrap\\LoadConfiguration.php(99): array_merge(Array, 1)
#1 F:\\Coding\\Web\\Laravel\\agenda\\agenda\\vendor\\laravel\\framework\\src\\Illuminate\\Foundation\\Bootstrap\\LoadConfiguration.php(77): Illuminate\\Foundation\\Bootstrap\\LoadConfiguration->loadConfigurationFile(Object(Illuminate\\Config\\Repository), 'broadcasting', 'F:\\\\Coding\\\\Web\\\\L...', Array)
#2 F:\\Coding\\Web\\Laravel\\agenda\\agenda\\vendor\\laravel\\framework\\src\\Illuminate\\Foundation\\Bootstrap\\LoadConfiguration.php(38): Illuminate\\Foundation\\Bootstrap\\LoadConfiguration->loadConfigurationFiles(Object(Illuminate\\Foundation\\Application), Object(Illuminate\\Config\\Repository))
#3 F:\\Coding\\Web\\Laravel\\agenda\\agenda\\vendor\\laravel\\framework\\src\\Illuminate\\Foundation\\Application.php(341): Illuminate\\Foundation\\Bootstrap\\LoadConfiguration->bootstrap(Object(Illuminate\\Foundation\\Application))
#4 F:\\Coding\\Web\\Laravel\\agenda\\agenda\\vendor\\laravel\\framework\\src\\Illuminate\\Foundation\\Http\\Kernel.php(186): Illuminate\\Foundation\\Application->bootstrapWith(Array)
#5 F:\\Coding\\Web\\Laravel\\agenda\\agenda\\vendor\\laravel\\framework\\src\\Illuminate\\Foundation\\Http\\Kernel.php(170): Illuminate\\Foundation\\Http\\Kernel->bootstrap()
#6 F:\\Coding\\Web\\Laravel\\agenda\\agenda\\vendor\\laravel\\framework\\src\\Illuminate\\Foundation\\Http\\Kernel.php(144): Illuminate\\Foundation\\Http\\Kernel->sendRequestThroughRouter(Object(Illuminate\\Http\\Request))
#7 F:\\Coding\\Web\\Laravel\\agenda\\agenda\\vendor\\laravel\\framework\\src\\Illuminate\\Foundation\\Application.php(1219): Illuminate\\Foundation\\Http\\Kernel->handle(Object(Illuminate\\Http\\Request))
#8 F:\\Coding\\Web\\Laravel\\agenda\\agenda\\public\\index.php(20): Illuminate\\Foundation\\Application->handleRequest(Object(Illuminate\\Http\\Request))
#9 F:\\Coding\\Web\\Laravel\\agenda\\agenda\\vendor\\laravel\\framework\\src\\Illuminate\\Foundation\\resources\\server.php(23): require_once('F:\\\\Coding\\\\Web\\\\L...')
#10 {main}
"} 
[2025-09-10 12:50:55] local.ERROR: Unable to find observer: App\Observers\EventObserver {"exception":"[object] (InvalidArgumentException(code: 0): Unable to find observer: App\\Observers\\EventObserver at F:\\Coding\\Web\\Laravel\\agenda\\agenda\\vendor\\laravel\\framework\\src\\Illuminate\\Database\\Eloquent\\Concerns\\HasEvents.php:123)
[stacktrace]
#0 F:\\Coding\\Web\\Laravel\\agenda\\agenda\\vendor\\laravel\\framework\\src\\Illuminate\\Database\\Eloquent\\Concerns\\HasEvents.php(93): Illuminate\\Database\\Eloquent\\Model->resolveObserverClassName('App\\\\Observers\\\\E...')
#1 F:\\Coding\\Web\\Laravel\\agenda\\agenda\\vendor\\laravel\\framework\\src\\Illuminate\\Database\\Eloquent\\Concerns\\HasEvents.php(79): Illuminate\\Database\\Eloquent\\Model->registerObserver('App\\\\Observers\\\\E...')
#2 F:\\Coding\\Web\\Laravel\\agenda\\agenda\\app\\Providers\\AppServiceProvider.php(39): Illuminate\\Database\\Eloquent\\Model::observe('App\\\\Observers\\\\E...')
#3 F:\\Coding\\Web\\Laravel\\agenda\\agenda\\vendor\\laravel\\framework\\src\\Illuminate\\Container\\BoundMethod.php(36): App\\Providers\\AppServiceProvider->boot()
#4 F:\\Coding\\Web\\Laravel\\agenda\\agenda\\vendor\\laravel\\framework\\src\\Illuminate\\Container\\Util.php(43): Illuminate\\Container\\BoundMethod::Illuminate\\Container\\{closure}()
#5 F:\\Coding\\Web\\Laravel\\agenda\\agenda\\vendor\\laravel\\framework\\src\\Illuminate\\Container\\BoundMethod.php(96): Illuminate\\Container\\Util::unwrapIfClosure(Object(Closure))
#6 F:\\Coding\\Web\\Laravel\\agenda\\agenda\\vendor\\laravel\\framework\\src\\Illuminate\\Container\\BoundMethod.php(35): Illuminate\\Container\\BoundMethod::callBoundMethod(Object(Illuminate\\Foundation\\Application), Array, Object(Closure))
#7 F:\\Coding\\Web\\Laravel\\agenda\\agenda\\vendor\\laravel\\framework\\src\\Illuminate\\Container\\Container.php(754): Illuminate\\Container\\BoundMethod::call(Object(Illuminate\\Foundation\\Application), Array, Array, NULL)
#8 F:\\Coding\\Web\\Laravel\\agenda\\agenda\\vendor\\laravel\\framework\\src\\Illuminate\\Foundation\\Application.php(1150): Illuminate\\Container\\Container->call(Array)
#9 F:\\Coding\\Web\\Laravel\\agenda\\agenda\\vendor\\laravel\\framework\\src\\Illuminate\\Foundation\\Application.php(1131): Illuminate\\Foundation\\Application->bootProvider(Object(App\\Providers\\AppServiceProvider))
#10 [internal function]: Illuminate\\Foundation\\Application->Illuminate\\Foundation\\{closure}(Object(App\\Providers\\AppServiceProvider), 'App\\\\Providers\\\\A...')
#11 F:\\Coding\\Web\\Laravel\\agenda\\agenda\\vendor\\laravel\\framework\\src\\Illuminate\\Foundation\\Application.php(1130): array_walk(Array, Object(Closure))
#12 F:\\Coding\\Web\\Laravel\\agenda\\agenda\\vendor\\laravel\\framework\\src\\Illuminate\\Foundation\\Bootstrap\\BootProviders.php(17): Illuminate\\Foundation\\Application->boot()
#13 F:\\Coding\\Web\\Laravel\\agenda\\agenda\\vendor\\laravel\\framework\\src\\Illuminate\\Foundation\\Application.php(341): Illuminate\\Foundation\\Bootstrap\\BootProviders->bootstrap(Object(Illuminate\\Foundation\\Application))
#14 F:\\Coding\\Web\\Laravel\\agenda\\agenda\\vendor\\laravel\\framework\\src\\Illuminate\\Foundation\\Http\\Kernel.php(186): Illuminate\\Foundation\\Application->bootstrapWith(Array)
#15 F:\\Coding\\Web\\Laravel\\agenda\\agenda\\vendor\\laravel\\framework\\src\\Illuminate\\Foundation\\Http\\Kernel.php(170): Illuminate\\Foundation\\Http\\Kernel->bootstrap()
#16 F:\\Coding\\Web\\Laravel\\agenda\\agenda\\vendor\\laravel\\framework\\src\\Illuminate\\Foundation\\Http\\Kernel.php(144): Illuminate\\Foundation\\Http\\Kernel->sendRequestThroughRouter(Object(Illuminate\\Http\\Request))
#17 F:\\Coding\\Web\\Laravel\\agenda\\agenda\\vendor\\laravel\\framework\\src\\Illuminate\\Foundation\\Application.php(1219): Illuminate\\Foundation\\Http\\Kernel->handle(Object(Illuminate\\Http\\Request))
#18 F:\\Coding\\Web\\Laravel\\agenda\\agenda\\public\\index.php(20): Illuminate\\Foundation\\Application->handleRequest(Object(Illuminate\\Http\\Request))
#19 F:\\Coding\\Web\\Laravel\\agenda\\agenda\\vendor\\laravel\\framework\\src\\Illuminate\\Foundation\\resources\\server.php(23): require_once('F:\\\\Coding\\\\Web\\\\L...')
#20 {main}
"} 
[2025-09-10 12:51:38] local.ERROR: Unable to find observer: App\Observers\EventObserver {"exception":"[object] (InvalidArgumentException(code: 0): Unable to find observer: App\\Observers\\EventObserver at F:\\Coding\\Web\\Laravel\\agenda\\agenda\\vendor\\laravel\\framework\\src\\Illuminate\\Database\\Eloquent\\Concerns\\HasEvents.php:123)
[stacktrace]
#0 F:\\Coding\\Web\\Laravel\\agenda\\agenda\\vendor\\laravel\\framework\\src\\Illuminate\\Database\\Eloquent\\Concerns\\HasEvents.php(93): Illuminate\\Database\\Eloquent\\Model->resolveObserverClassName('App\\\\Observers\\\\E...')
#1 F:\\Coding\\Web\\Laravel\\agenda\\agenda\\vendor\\laravel\\framework\\src\\Illuminate\\Database\\Eloquent\\Concerns\\HasEvents.php(79): Illuminate\\Database\\Eloquent\\Model->registerObserver('App\\\\Observers\\\\E...')
#2 F:\\Coding\\Web\\Laravel\\agenda\\agenda\\app\\Providers\\AppServiceProvider.php(39): Illuminate\\Database\\Eloquent\\Model::observe('App\\\\Observers\\\\E...')
#3 F:\\Coding\\Web\\Laravel\\agenda\\agenda\\vendor\\laravel\\framework\\src\\Illuminate\\Container\\BoundMethod.php(36): App\\Providers\\AppServiceProvider->boot()
#4 F:\\Coding\\Web\\Laravel\\agenda\\agenda\\vendor\\laravel\\framework\\src\\Illuminate\\Container\\Util.php(43): Illuminate\\Container\\BoundMethod::Illuminate\\Container\\{closure}()
#5 F:\\Coding\\Web\\Laravel\\agenda\\agenda\\vendor\\laravel\\framework\\src\\Illuminate\\Container\\BoundMethod.php(96): Illuminate\\Container\\Util::unwrapIfClosure(Object(Closure))
#6 F:\\Coding\\Web\\Laravel\\agenda\\agenda\\vendor\\laravel\\framework\\src\\Illuminate\\Container\\BoundMethod.php(35): Illuminate\\Container\\BoundMethod::callBoundMethod(Object(Illuminate\\Foundation\\Application), Array, Object(Closure))
#7 F:\\Coding\\Web\\Laravel\\agenda\\agenda\\vendor\\laravel\\framework\\src\\Illuminate\\Container\\Container.php(754): Illuminate\\Container\\BoundMethod::call(Object(Illuminate\\Foundation\\Application), Array, Array, NULL)
#8 F:\\Coding\\Web\\Laravel\\agenda\\agenda\\vendor\\laravel\\framework\\src\\Illuminate\\Foundation\\Application.php(1150): Illuminate\\Container\\Container->call(Array)
#9 F:\\Coding\\Web\\Laravel\\agenda\\agenda\\vendor\\laravel\\framework\\src\\Illuminate\\Foundation\\Application.php(1131): Illuminate\\Foundation\\Application->bootProvider(Object(App\\Providers\\AppServiceProvider))
#10 [internal function]: Illuminate\\Foundation\\Application->Illuminate\\Foundation\\{closure}(Object(App\\Providers\\AppServiceProvider), 'App\\\\Providers\\\\A...')
#11 F:\\Coding\\Web\\Laravel\\agenda\\agenda\\vendor\\laravel\\framework\\src\\Illuminate\\Foundation\\Application.php(1130): array_walk(Array, Object(Closure))
#12 F:\\Coding\\Web\\Laravel\\agenda\\agenda\\vendor\\laravel\\framework\\src\\Illuminate\\Foundation\\Bootstrap\\BootProviders.php(17): Illuminate\\Foundation\\Application->boot()
#13 F:\\Coding\\Web\\Laravel\\agenda\\agenda\\vendor\\laravel\\framework\\src\\Illuminate\\Foundation\\Application.php(341): Illuminate\\Foundation\\Bootstrap\\BootProviders->bootstrap(Object(Illuminate\\Foundation\\Application))
#14 F:\\Coding\\Web\\Laravel\\agenda\\agenda\\vendor\\laravel\\framework\\src\\Illuminate\\Foundation\\Http\\Kernel.php(186): Illuminate\\Foundation\\Application->bootstrapWith(Array)
#15 F:\\Coding\\Web\\Laravel\\agenda\\agenda\\vendor\\laravel\\framework\\src\\Illuminate\\Foundation\\Http\\Kernel.php(170): Illuminate\\Foundation\\Http\\Kernel->bootstrap()
#16 F:\\Coding\\Web\\Laravel\\agenda\\agenda\\vendor\\laravel\\framework\\src\\Illuminate\\Foundation\\Http\\Kernel.php(144): Illuminate\\Foundation\\Http\\Kernel->sendRequestThroughRouter(Object(Illuminate\\Http\\Request))
#17 F:\\Coding\\Web\\Laravel\\agenda\\agenda\\vendor\\laravel\\framework\\src\\Illuminate\\Foundation\\Application.php(1219): Illuminate\\Foundation\\Http\\Kernel->handle(Object(Illuminate\\Http\\Request))
#18 F:\\Coding\\Web\\Laravel\\agenda\\agenda\\public\\index.php(20): Illuminate\\Foundation\\Application->handleRequest(Object(Illuminate\\Http\\Request))
#19 F:\\Coding\\Web\\Laravel\\agenda\\agenda\\vendor\\laravel\\framework\\src\\Illuminate\\Foundation\\resources\\server.php(23): require_once('F:\\\\Coding\\\\Web\\\\L...')
#20 {main}
"} 
[2025-09-10 12:51:39] local.ERROR: Unable to find observer: App\Observers\EventObserver {"exception":"[object] (InvalidArgumentException(code: 0): Unable to find observer: App\\Observers\\EventObserver at F:\\Coding\\Web\\Laravel\\agenda\\agenda\\vendor\\laravel\\framework\\src\\Illuminate\\Database\\Eloquent\\Concerns\\HasEvents.php:123)
[stacktrace]
#0 F:\\Coding\\Web\\Laravel\\agenda\\agenda\\vendor\\laravel\\framework\\src\\Illuminate\\Database\\Eloquent\\Concerns\\HasEvents.php(93): Illuminate\\Database\\Eloquent\\Model->resolveObserverClassName('App\\\\Observers\\\\E...')
#1 F:\\Coding\\Web\\Laravel\\agenda\\agenda\\vendor\\laravel\\framework\\src\\Illuminate\\Database\\Eloquent\\Concerns\\HasEvents.php(79): Illuminate\\Database\\Eloquent\\Model->registerObserver('App\\\\Observers\\\\E...')
#2 F:\\Coding\\Web\\Laravel\\agenda\\agenda\\app\\Providers\\AppServiceProvider.php(39): Illuminate\\Database\\Eloquent\\Model::observe('App\\\\Observers\\\\E...')
#3 F:\\Coding\\Web\\Laravel\\agenda\\agenda\\vendor\\laravel\\framework\\src\\Illuminate\\Container\\BoundMethod.php(36): App\\Providers\\AppServiceProvider->boot()
#4 F:\\Coding\\Web\\Laravel\\agenda\\agenda\\vendor\\laravel\\framework\\src\\Illuminate\\Container\\Util.php(43): Illuminate\\Container\\BoundMethod::Illuminate\\Container\\{closure}()
#5 F:\\Coding\\Web\\Laravel\\agenda\\agenda\\vendor\\laravel\\framework\\src\\Illuminate\\Container\\BoundMethod.php(96): Illuminate\\Container\\Util::unwrapIfClosure(Object(Closure))
#6 F:\\Coding\\Web\\Laravel\\agenda\\agenda\\vendor\\laravel\\framework\\src\\Illuminate\\Container\\BoundMethod.php(35): Illuminate\\Container\\BoundMethod::callBoundMethod(Object(Illuminate\\Foundation\\Application), Array, Object(Closure))
#7 F:\\Coding\\Web\\Laravel\\agenda\\agenda\\vendor\\laravel\\framework\\src\\Illuminate\\Container\\Container.php(754): Illuminate\\Container\\BoundMethod::call(Object(Illuminate\\Foundation\\Application), Array, Array, NULL)
#8 F:\\Coding\\Web\\Laravel\\agenda\\agenda\\vendor\\laravel\\framework\\src\\Illuminate\\Foundation\\Application.php(1150): Illuminate\\Container\\Container->call(Array)
#9 F:\\Coding\\Web\\Laravel\\agenda\\agenda\\vendor\\laravel\\framework\\src\\Illuminate\\Foundation\\Application.php(1131): Illuminate\\Foundation\\Application->bootProvider(Object(App\\Providers\\AppServiceProvider))
#10 [internal function]: Illuminate\\Foundation\\Application->Illuminate\\Foundation\\{closure}(Object(App\\Providers\\AppServiceProvider), 'App\\\\Providers\\\\A...')
#11 F:\\Coding\\Web\\Laravel\\agenda\\agenda\\vendor\\laravel\\framework\\src\\Illuminate\\Foundation\\Application.php(1130): array_walk(Array, Object(Closure))
#12 F:\\Coding\\Web\\Laravel\\agenda\\agenda\\vendor\\laravel\\framework\\src\\Illuminate\\Foundation\\Bootstrap\\BootProviders.php(17): Illuminate\\Foundation\\Application->boot()
#13 F:\\Coding\\Web\\Laravel\\agenda\\agenda\\vendor\\laravel\\framework\\src\\Illuminate\\Foundation\\Application.php(341): Illuminate\\Foundation\\Bootstrap\\BootProviders->bootstrap(Object(Illuminate\\Foundation\\Application))
#14 F:\\Coding\\Web\\Laravel\\agenda\\agenda\\vendor\\laravel\\framework\\src\\Illuminate\\Foundation\\Http\\Kernel.php(186): Illuminate\\Foundation\\Application->bootstrapWith(Array)
#15 F:\\Coding\\Web\\Laravel\\agenda\\agenda\\vendor\\laravel\\framework\\src\\Illuminate\\Foundation\\Http\\Kernel.php(170): Illuminate\\Foundation\\Http\\Kernel->bootstrap()
#16 F:\\Coding\\Web\\Laravel\\agenda\\agenda\\vendor\\laravel\\framework\\src\\Illuminate\\Foundation\\Http\\Kernel.php(144): Illuminate\\Foundation\\Http\\Kernel->sendRequestThroughRouter(Object(Illuminate\\Http\\Request))
#17 F:\\Coding\\Web\\Laravel\\agenda\\agenda\\vendor\\laravel\\framework\\src\\Illuminate\\Foundation\\Application.php(1219): Illuminate\\Foundation\\Http\\Kernel->handle(Object(Illuminate\\Http\\Request))
#18 F:\\Coding\\Web\\Laravel\\agenda\\agenda\\public\\index.php(20): Illuminate\\Foundation\\Application->handleRequest(Object(Illuminate\\Http\\Request))
#19 F:\\Coding\\Web\\Laravel\\agenda\\agenda\\vendor\\laravel\\framework\\src\\Illuminate\\Foundation\\resources\\server.php(23): require_once('F:\\\\Coding\\\\Web\\\\L...')
#20 {main}
"} 
[2025-09-10 12:51:41] local.ERROR: Unable to find observer: App\Observers\EventObserver {"exception":"[object] (InvalidArgumentException(code: 0): Unable to find observer: App\\Observers\\EventObserver at F:\\Coding\\Web\\Laravel\\agenda\\agenda\\vendor\\laravel\\framework\\src\\Illuminate\\Database\\Eloquent\\Concerns\\HasEvents.php:123)
[stacktrace]
#0 F:\\Coding\\Web\\Laravel\\agenda\\agenda\\vendor\\laravel\\framework\\src\\Illuminate\\Database\\Eloquent\\Concerns\\HasEvents.php(93): Illuminate\\Database\\Eloquent\\Model->resolveObserverClassName('App\\\\Observers\\\\E...')
#1 F:\\Coding\\Web\\Laravel\\agenda\\agenda\\vendor\\laravel\\framework\\src\\Illuminate\\Database\\Eloquent\\Concerns\\HasEvents.php(79): Illuminate\\Database\\Eloquent\\Model->registerObserver('App\\\\Observers\\\\E...')
#2 F:\\Coding\\Web\\Laravel\\agenda\\agenda\\app\\Providers\\AppServiceProvider.php(39): Illuminate\\Database\\Eloquent\\Model::observe('App\\\\Observers\\\\E...')
#3 F:\\Coding\\Web\\Laravel\\agenda\\agenda\\vendor\\laravel\\framework\\src\\Illuminate\\Container\\BoundMethod.php(36): App\\Providers\\AppServiceProvider->boot()
#4 F:\\Coding\\Web\\Laravel\\agenda\\agenda\\vendor\\laravel\\framework\\src\\Illuminate\\Container\\Util.php(43): Illuminate\\Container\\BoundMethod::Illuminate\\Container\\{closure}()
#5 F:\\Coding\\Web\\Laravel\\agenda\\agenda\\vendor\\laravel\\framework\\src\\Illuminate\\Container\\BoundMethod.php(96): Illuminate\\Container\\Util::unwrapIfClosure(Object(Closure))
#6 F:\\Coding\\Web\\Laravel\\agenda\\agenda\\vendor\\laravel\\framework\\src\\Illuminate\\Container\\BoundMethod.php(35): Illuminate\\Container\\BoundMethod::callBoundMethod(Object(Illuminate\\Foundation\\Application), Array, Object(Closure))
#7 F:\\Coding\\Web\\Laravel\\agenda\\agenda\\vendor\\laravel\\framework\\src\\Illuminate\\Container\\Container.php(754): Illuminate\\Container\\BoundMethod::call(Object(Illuminate\\Foundation\\Application), Array, Array, NULL)
#8 F:\\Coding\\Web\\Laravel\\agenda\\agenda\\vendor\\laravel\\framework\\src\\Illuminate\\Foundation\\Application.php(1150): Illuminate\\Container\\Container->call(Array)
#9 F:\\Coding\\Web\\Laravel\\agenda\\agenda\\vendor\\laravel\\framework\\src\\Illuminate\\Foundation\\Application.php(1131): Illuminate\\Foundation\\Application->bootProvider(Object(App\\Providers\\AppServiceProvider))
#10 [internal function]: Illuminate\\Foundation\\Application->Illuminate\\Foundation\\{closure}(Object(App\\Providers\\AppServiceProvider), 'App\\\\Providers\\\\A...')
#11 F:\\Coding\\Web\\Laravel\\agenda\\agenda\\vendor\\laravel\\framework\\src\\Illuminate\\Foundation\\Application.php(1130): array_walk(Array, Object(Closure))
#12 F:\\Coding\\Web\\Laravel\\agenda\\agenda\\vendor\\laravel\\framework\\src\\Illuminate\\Foundation\\Bootstrap\\BootProviders.php(17): Illuminate\\Foundation\\Application->boot()
#13 F:\\Coding\\Web\\Laravel\\agenda\\agenda\\vendor\\laravel\\framework\\src\\Illuminate\\Foundation\\Application.php(341): Illuminate\\Foundation\\Bootstrap\\BootProviders->bootstrap(Object(Illuminate\\Foundation\\Application))
#14 F:\\Coding\\Web\\Laravel\\agenda\\agenda\\vendor\\laravel\\framework\\src\\Illuminate\\Foundation\\Http\\Kernel.php(186): Illuminate\\Foundation\\Application->bootstrapWith(Array)
#15 F:\\Coding\\Web\\Laravel\\agenda\\agenda\\vendor\\laravel\\framework\\src\\Illuminate\\Foundation\\Http\\Kernel.php(170): Illuminate\\Foundation\\Http\\Kernel->bootstrap()
#16 F:\\Coding\\Web\\Laravel\\agenda\\agenda\\vendor\\laravel\\framework\\src\\Illuminate\\Foundation\\Http\\Kernel.php(144): Illuminate\\Foundation\\Http\\Kernel->sendRequestThroughRouter(Object(Illuminate\\Http\\Request))
#17 F:\\Coding\\Web\\Laravel\\agenda\\agenda\\vendor\\laravel\\framework\\src\\Illuminate\\Foundation\\Application.php(1219): Illuminate\\Foundation\\Http\\Kernel->handle(Object(Illuminate\\Http\\Request))
#18 F:\\Coding\\Web\\Laravel\\agenda\\agenda\\public\\index.php(20): Illuminate\\Foundation\\Application->handleRequest(Object(Illuminate\\Http\\Request))
#19 F:\\Coding\\Web\\Laravel\\agenda\\agenda\\vendor\\laravel\\framework\\src\\Illuminate\\Foundation\\resources\\server.php(23): require_once('F:\\\\Coding\\\\Web\\\\L...')
#20 {main}
"} 
[2025-09-10 12:52:04] local.ERROR: Unable to find observer: App\Observers\EventObserver {"exception":"[object] (InvalidArgumentException(code: 0): Unable to find observer: App\\Observers\\EventObserver at F:\\Coding\\Web\\Laravel\\agenda\\agenda\\vendor\\laravel\\framework\\src\\Illuminate\\Database\\Eloquent\\Concerns\\HasEvents.php:123)
[stacktrace]
#0 F:\\Coding\\Web\\Laravel\\agenda\\agenda\\vendor\\laravel\\framework\\src\\Illuminate\\Database\\Eloquent\\Concerns\\HasEvents.php(93): Illuminate\\Database\\Eloquent\\Model->resolveObserverClassName('App\\\\Observers\\\\E...')
#1 F:\\Coding\\Web\\Laravel\\agenda\\agenda\\vendor\\laravel\\framework\\src\\Illuminate\\Database\\Eloquent\\Concerns\\HasEvents.php(79): Illuminate\\Database\\Eloquent\\Model->registerObserver('App\\\\Observers\\\\E...')
#2 F:\\Coding\\Web\\Laravel\\agenda\\agenda\\app\\Providers\\AppServiceProvider.php(39): Illuminate\\Database\\Eloquent\\Model::observe('App\\\\Observers\\\\E...')
#3 F:\\Coding\\Web\\Laravel\\agenda\\agenda\\vendor\\laravel\\framework\\src\\Illuminate\\Container\\BoundMethod.php(36): App\\Providers\\AppServiceProvider->boot()
#4 F:\\Coding\\Web\\Laravel\\agenda\\agenda\\vendor\\laravel\\framework\\src\\Illuminate\\Container\\Util.php(43): Illuminate\\Container\\BoundMethod::Illuminate\\Container\\{closure}()
#5 F:\\Coding\\Web\\Laravel\\agenda\\agenda\\vendor\\laravel\\framework\\src\\Illuminate\\Container\\BoundMethod.php(96): Illuminate\\Container\\Util::unwrapIfClosure(Object(Closure))
#6 F:\\Coding\\Web\\Laravel\\agenda\\agenda\\vendor\\laravel\\framework\\src\\Illuminate\\Container\\BoundMethod.php(35): Illuminate\\Container\\BoundMethod::callBoundMethod(Object(Illuminate\\Foundation\\Application), Array, Object(Closure))
#7 F:\\Coding\\Web\\Laravel\\agenda\\agenda\\vendor\\laravel\\framework\\src\\Illuminate\\Container\\Container.php(754): Illuminate\\Container\\BoundMethod::call(Object(Illuminate\\Foundation\\Application), Array, Array, NULL)
#8 F:\\Coding\\Web\\Laravel\\agenda\\agenda\\vendor\\laravel\\framework\\src\\Illuminate\\Foundation\\Application.php(1150): Illuminate\\Container\\Container->call(Array)
#9 F:\\Coding\\Web\\Laravel\\agenda\\agenda\\vendor\\laravel\\framework\\src\\Illuminate\\Foundation\\Application.php(1131): Illuminate\\Foundation\\Application->bootProvider(Object(App\\Providers\\AppServiceProvider))
#10 [internal function]: Illuminate\\Foundation\\Application->Illuminate\\Foundation\\{closure}(Object(App\\Providers\\AppServiceProvider), 'App\\\\Providers\\\\A...')
#11 F:\\Coding\\Web\\Laravel\\agenda\\agenda\\vendor\\laravel\\framework\\src\\Illuminate\\Foundation\\Application.php(1130): array_walk(Array, Object(Closure))
#12 F:\\Coding\\Web\\Laravel\\agenda\\agenda\\vendor\\laravel\\framework\\src\\Illuminate\\Foundation\\Bootstrap\\BootProviders.php(17): Illuminate\\Foundation\\Application->boot()
#13 F:\\Coding\\Web\\Laravel\\agenda\\agenda\\vendor\\laravel\\framework\\src\\Illuminate\\Foundation\\Application.php(341): Illuminate\\Foundation\\Bootstrap\\BootProviders->bootstrap(Object(Illuminate\\Foundation\\Application))
#14 F:\\Coding\\Web\\Laravel\\agenda\\agenda\\vendor\\laravel\\framework\\src\\Illuminate\\Foundation\\Http\\Kernel.php(186): Illuminate\\Foundation\\Application->bootstrapWith(Array)
#15 F:\\Coding\\Web\\Laravel\\agenda\\agenda\\vendor\\laravel\\framework\\src\\Illuminate\\Foundation\\Http\\Kernel.php(170): Illuminate\\Foundation\\Http\\Kernel->bootstrap()
#16 F:\\Coding\\Web\\Laravel\\agenda\\agenda\\vendor\\laravel\\framework\\src\\Illuminate\\Foundation\\Http\\Kernel.php(144): Illuminate\\Foundation\\Http\\Kernel->sendRequestThroughRouter(Object(Illuminate\\Http\\Request))
#17 F:\\Coding\\Web\\Laravel\\agenda\\agenda\\vendor\\laravel\\framework\\src\\Illuminate\\Foundation\\Application.php(1219): Illuminate\\Foundation\\Http\\Kernel->handle(Object(Illuminate\\Http\\Request))
#18 F:\\Coding\\Web\\Laravel\\agenda\\agenda\\public\\index.php(20): Illuminate\\Foundation\\Application->handleRequest(Object(Illuminate\\Http\\Request))
#19 F:\\Coding\\Web\\Laravel\\agenda\\agenda\\vendor\\laravel\\framework\\src\\Illuminate\\Foundation\\resources\\server.php(23): require_once('F:\\\\Coding\\\\Web\\\\L...')
#20 {main}
"} 
[2025-09-10 12:52:06] local.ERROR: Unable to find observer: App\Observers\EventObserver {"exception":"[object] (InvalidArgumentException(code: 0): Unable to find observer: App\\Observers\\EventObserver at F:\\Coding\\Web\\Laravel\\agenda\\agenda\\vendor\\laravel\\framework\\src\\Illuminate\\Database\\Eloquent\\Concerns\\HasEvents.php:123)
[stacktrace]
#0 F:\\Coding\\Web\\Laravel\\agenda\\agenda\\vendor\\laravel\\framework\\src\\Illuminate\\Database\\Eloquent\\Concerns\\HasEvents.php(93): Illuminate\\Database\\Eloquent\\Model->resolveObserverClassName('App\\\\Observers\\\\E...')
#1 F:\\Coding\\Web\\Laravel\\agenda\\agenda\\vendor\\laravel\\framework\\src\\Illuminate\\Database\\Eloquent\\Concerns\\HasEvents.php(79): Illuminate\\Database\\Eloquent\\Model->registerObserver('App\\\\Observers\\\\E...')
#2 F:\\Coding\\Web\\Laravel\\agenda\\agenda\\app\\Providers\\AppServiceProvider.php(39): Illuminate\\Database\\Eloquent\\Model::observe('App\\\\Observers\\\\E...')
#3 F:\\Coding\\Web\\Laravel\\agenda\\agenda\\vendor\\laravel\\framework\\src\\Illuminate\\Container\\BoundMethod.php(36): App\\Providers\\AppServiceProvider->boot()
#4 F:\\Coding\\Web\\Laravel\\agenda\\agenda\\vendor\\laravel\\framework\\src\\Illuminate\\Container\\Util.php(43): Illuminate\\Container\\BoundMethod::Illuminate\\Container\\{closure}()
#5 F:\\Coding\\Web\\Laravel\\agenda\\agenda\\vendor\\laravel\\framework\\src\\Illuminate\\Container\\BoundMethod.php(96): Illuminate\\Container\\Util::unwrapIfClosure(Object(Closure))
#6 F:\\Coding\\Web\\Laravel\\agenda\\agenda\\vendor\\laravel\\framework\\src\\Illuminate\\Container\\BoundMethod.php(35): Illuminate\\Container\\BoundMethod::callBoundMethod(Object(Illuminate\\Foundation\\Application), Array, Object(Closure))
#7 F:\\Coding\\Web\\Laravel\\agenda\\agenda\\vendor\\laravel\\framework\\src\\Illuminate\\Container\\Container.php(754): Illuminate\\Container\\BoundMethod::call(Object(Illuminate\\Foundation\\Application), Array, Array, NULL)
#8 F:\\Coding\\Web\\Laravel\\agenda\\agenda\\vendor\\laravel\\framework\\src\\Illuminate\\Foundation\\Application.php(1150): Illuminate\\Container\\Container->call(Array)
#9 F:\\Coding\\Web\\Laravel\\agenda\\agenda\\vendor\\laravel\\framework\\src\\Illuminate\\Foundation\\Application.php(1131): Illuminate\\Foundation\\Application->bootProvider(Object(App\\Providers\\AppServiceProvider))
#10 [internal function]: Illuminate\\Foundation\\Application->Illuminate\\Foundation\\{closure}(Object(App\\Providers\\AppServiceProvider), 'App\\\\Providers\\\\A...')
#11 F:\\Coding\\Web\\Laravel\\agenda\\agenda\\vendor\\laravel\\framework\\src\\Illuminate\\Foundation\\Application.php(1130): array_walk(Array, Object(Closure))
#12 F:\\Coding\\Web\\Laravel\\agenda\\agenda\\vendor\\laravel\\framework\\src\\Illuminate\\Foundation\\Bootstrap\\BootProviders.php(17): Illuminate\\Foundation\\Application->boot()
#13 F:\\Coding\\Web\\Laravel\\agenda\\agenda\\vendor\\laravel\\framework\\src\\Illuminate\\Foundation\\Application.php(341): Illuminate\\Foundation\\Bootstrap\\BootProviders->bootstrap(Object(Illuminate\\Foundation\\Application))
#14 F:\\Coding\\Web\\Laravel\\agenda\\agenda\\vendor\\laravel\\framework\\src\\Illuminate\\Foundation\\Http\\Kernel.php(186): Illuminate\\Foundation\\Application->bootstrapWith(Array)
#15 F:\\Coding\\Web\\Laravel\\agenda\\agenda\\vendor\\laravel\\framework\\src\\Illuminate\\Foundation\\Http\\Kernel.php(170): Illuminate\\Foundation\\Http\\Kernel->bootstrap()
#16 F:\\Coding\\Web\\Laravel\\agenda\\agenda\\vendor\\laravel\\framework\\src\\Illuminate\\Foundation\\Http\\Kernel.php(144): Illuminate\\Foundation\\Http\\Kernel->sendRequestThroughRouter(Object(Illuminate\\Http\\Request))
#17 F:\\Coding\\Web\\Laravel\\agenda\\agenda\\vendor\\laravel\\framework\\src\\Illuminate\\Foundation\\Application.php(1219): Illuminate\\Foundation\\Http\\Kernel->handle(Object(Illuminate\\Http\\Request))
#18 F:\\Coding\\Web\\Laravel\\agenda\\agenda\\public\\index.php(20): Illuminate\\Foundation\\Application->handleRequest(Object(Illuminate\\Http\\Request))
#19 F:\\Coding\\Web\\Laravel\\agenda\\agenda\\vendor\\laravel\\framework\\src\\Illuminate\\Foundation\\resources\\server.php(23): require_once('F:\\\\Coding\\\\Web\\\\L...')
#20 {main}
"} 
[2025-09-10 12:52:08] local.ERROR: Unable to find observer: App\Observers\EventObserver {"exception":"[object] (InvalidArgumentException(code: 0): Unable to find observer: App\\Observers\\EventObserver at F:\\Coding\\Web\\Laravel\\agenda\\agenda\\vendor\\laravel\\framework\\src\\Illuminate\\Database\\Eloquent\\Concerns\\HasEvents.php:123)
[stacktrace]
#0 F:\\Coding\\Web\\Laravel\\agenda\\agenda\\vendor\\laravel\\framework\\src\\Illuminate\\Database\\Eloquent\\Concerns\\HasEvents.php(93): Illuminate\\Database\\Eloquent\\Model->resolveObserverClassName('App\\\\Observers\\\\E...')
#1 F:\\Coding\\Web\\Laravel\\agenda\\agenda\\vendor\\laravel\\framework\\src\\Illuminate\\Database\\Eloquent\\Concerns\\HasEvents.php(79): Illuminate\\Database\\Eloquent\\Model->registerObserver('App\\\\Observers\\\\E...')
#2 F:\\Coding\\Web\\Laravel\\agenda\\agenda\\app\\Providers\\AppServiceProvider.php(39): Illuminate\\Database\\Eloquent\\Model::observe('App\\\\Observers\\\\E...')
#3 F:\\Coding\\Web\\Laravel\\agenda\\agenda\\vendor\\laravel\\framework\\src\\Illuminate\\Container\\BoundMethod.php(36): App\\Providers\\AppServiceProvider->boot()
#4 F:\\Coding\\Web\\Laravel\\agenda\\agenda\\vendor\\laravel\\framework\\src\\Illuminate\\Container\\Util.php(43): Illuminate\\Container\\BoundMethod::Illuminate\\Container\\{closure}()
#5 F:\\Coding\\Web\\Laravel\\agenda\\agenda\\vendor\\laravel\\framework\\src\\Illuminate\\Container\\BoundMethod.php(96): Illuminate\\Container\\Util::unwrapIfClosure(Object(Closure))
#6 F:\\Coding\\Web\\Laravel\\agenda\\agenda\\vendor\\laravel\\framework\\src\\Illuminate\\Container\\BoundMethod.php(35): Illuminate\\Container\\BoundMethod::callBoundMethod(Object(Illuminate\\Foundation\\Application), Array, Object(Closure))
#7 F:\\Coding\\Web\\Laravel\\agenda\\agenda\\vendor\\laravel\\framework\\src\\Illuminate\\Container\\Container.php(754): Illuminate\\Container\\BoundMethod::call(Object(Illuminate\\Foundation\\Application), Array, Array, NULL)
#8 F:\\Coding\\Web\\Laravel\\agenda\\agenda\\vendor\\laravel\\framework\\src\\Illuminate\\Foundation\\Application.php(1150): Illuminate\\Container\\Container->call(Array)
#9 F:\\Coding\\Web\\Laravel\\agenda\\agenda\\vendor\\laravel\\framework\\src\\Illuminate\\Foundation\\Application.php(1131): Illuminate\\Foundation\\Application->bootProvider(Object(App\\Providers\\AppServiceProvider))
#10 [internal function]: Illuminate\\Foundation\\Application->Illuminate\\Foundation\\{closure}(Object(App\\Providers\\AppServiceProvider), 'App\\\\Providers\\\\A...')
#11 F:\\Coding\\Web\\Laravel\\agenda\\agenda\\vendor\\laravel\\framework\\src\\Illuminate\\Foundation\\Application.php(1130): array_walk(Array, Object(Closure))
#12 F:\\Coding\\Web\\Laravel\\agenda\\agenda\\vendor\\laravel\\framework\\src\\Illuminate\\Foundation\\Bootstrap\\BootProviders.php(17): Illuminate\\Foundation\\Application->boot()
#13 F:\\Coding\\Web\\Laravel\\agenda\\agenda\\vendor\\laravel\\framework\\src\\Illuminate\\Foundation\\Application.php(341): Illuminate\\Foundation\\Bootstrap\\BootProviders->bootstrap(Object(Illuminate\\Foundation\\Application))
#14 F:\\Coding\\Web\\Laravel\\agenda\\agenda\\vendor\\laravel\\framework\\src\\Illuminate\\Foundation\\Http\\Kernel.php(186): Illuminate\\Foundation\\Application->bootstrapWith(Array)
#15 F:\\Coding\\Web\\Laravel\\agenda\\agenda\\vendor\\laravel\\framework\\src\\Illuminate\\Foundation\\Http\\Kernel.php(170): Illuminate\\Foundation\\Http\\Kernel->bootstrap()
#16 F:\\Coding\\Web\\Laravel\\agenda\\agenda\\vendor\\laravel\\framework\\src\\Illuminate\\Foundation\\Http\\Kernel.php(144): Illuminate\\Foundation\\Http\\Kernel->sendRequestThroughRouter(Object(Illuminate\\Http\\Request))
#17 F:\\Coding\\Web\\Laravel\\agenda\\agenda\\vendor\\laravel\\framework\\src\\Illuminate\\Foundation\\Application.php(1219): Illuminate\\Foundation\\Http\\Kernel->handle(Object(Illuminate\\Http\\Request))
#18 F:\\Coding\\Web\\Laravel\\agenda\\agenda\\public\\index.php(20): Illuminate\\Foundation\\Application->handleRequest(Object(Illuminate\\Http\\Request))
#19 F:\\Coding\\Web\\Laravel\\agenda\\agenda\\vendor\\laravel\\framework\\src\\Illuminate\\Foundation\\resources\\server.php(23): require_once('F:\\\\Coding\\\\Web\\\\L...')
#20 {main}
"} 
[2025-09-10 13:13:54] local.ERROR: syntax error, unexpected identifier "z", expecting ";" {"exception":"[object] (ParseError(code: 0): syntax error, unexpected identifier \"z\", expecting \";\" at F:\\Coding\\Web\\Laravel\\agenda\\agenda\\app\\Livewire\\Display\\UserBoard.php:24)
[stacktrace]
#0 F:\\Coding\\Web\\Laravel\\agenda\\agenda\\vendor\\composer\\ClassLoader.php(427): Composer\\Autoload\\{closure}('F:\\\\Coding\\\\Web\\\\L...')
#1 [internal function]: Composer\\Autoload\\ClassLoader->loadClass('App\\\\Livewire\\\\Di...')
#2 F:\\Coding\\Web\\Laravel\\agenda\\agenda\\vendor\\laravel\\framework\\src\\Illuminate\\Routing\\RouteAction.php(91): method_exists('App\\\\Livewire\\\\Di...', '__invoke')
#3 F:\\Coding\\Web\\Laravel\\agenda\\agenda\\vendor\\laravel\\framework\\src\\Illuminate\\Routing\\RouteAction.php(47): Illuminate\\Routing\\RouteAction::makeInvokable('App\\\\Livewire\\\\Di...')
#4 F:\\Coding\\Web\\Laravel\\agenda\\agenda\\vendor\\laravel\\framework\\src\\Illuminate\\Routing\\Route.php(197): Illuminate\\Routing\\RouteAction::parse('user', Array)
#5 F:\\Coding\\Web\\Laravel\\agenda\\agenda\\vendor\\laravel\\framework\\src\\Illuminate\\Routing\\Route.php(178): Illuminate\\Routing\\Route->parseAction(Array)
#6 F:\\Coding\\Web\\Laravel\\agenda\\agenda\\vendor\\laravel\\framework\\src\\Illuminate\\Routing\\Router.php(671): Illuminate\\Routing\\Route->__construct(Array, 'user', Array)
#7 F:\\Coding\\Web\\Laravel\\agenda\\agenda\\vendor\\laravel\\framework\\src\\Illuminate\\Routing\\Router.php(562): Illuminate\\Routing\\Router->newRoute(Array, 'user', Array)
#8 F:\\Coding\\Web\\Laravel\\agenda\\agenda\\vendor\\laravel\\framework\\src\\Illuminate\\Routing\\Router.php(542): Illuminate\\Routing\\Router->createRoute(Array, '/user', Array)
#9 F:\\Coding\\Web\\Laravel\\agenda\\agenda\\vendor\\laravel\\framework\\src\\Illuminate\\Routing\\Router.php(160): Illuminate\\Routing\\Router->addRoute(Array, '/user', 'App\\\\Livewire\\\\Di...')
#10 F:\\Coding\\Web\\Laravel\\agenda\\agenda\\vendor\\laravel\\framework\\src\\Illuminate\\Support\\Facades\\Facade.php(361): Illuminate\\Routing\\Router->get('/user', 'App\\\\Livewire\\\\Di...')
#11 F:\\Coding\\Web\\Laravel\\agenda\\agenda\\routes\\web.php(12): Illuminate\\Support\\Facades\\Facade::__callStatic('get', Array)
#12 F:\\Coding\\Web\\Laravel\\agenda\\agenda\\vendor\\laravel\\framework\\src\\Illuminate\\Routing\\RouteFileRegistrar.php(34): require('F:\\\\Coding\\\\Web\\\\L...')
#13 F:\\Coding\\Web\\Laravel\\agenda\\agenda\\vendor\\laravel\\framework\\src\\Illuminate\\Routing\\Router.php(512): Illuminate\\Routing\\RouteFileRegistrar->register('F:\\\\Coding\\\\Web\\\\L...')
#14 F:\\Coding\\Web\\Laravel\\agenda\\agenda\\vendor\\laravel\\framework\\src\\Illuminate\\Routing\\Router.php(466): Illuminate\\Routing\\Router->loadRoutes('F:\\\\Coding\\\\Web\\\\L...')
#15 F:\\Coding\\Web\\Laravel\\agenda\\agenda\\vendor\\laravel\\framework\\src\\Illuminate\\Routing\\RouteRegistrar.php(206): Illuminate\\Routing\\Router->group(Array, 'F:\\\\Coding\\\\Web\\\\L...')
#16 F:\\Coding\\Web\\Laravel\\agenda\\agenda\\vendor\\laravel\\framework\\src\\Illuminate\\Foundation\\Configuration\\ApplicationBuilder.php(248): Illuminate\\Routing\\RouteRegistrar->group('F:\\\\Coding\\\\Web\\\\L...')
#17 F:\\Coding\\Web\\Laravel\\agenda\\agenda\\vendor\\laravel\\framework\\src\\Illuminate\\Container\\BoundMethod.php(36): Illuminate\\Foundation\\Configuration\\ApplicationBuilder->Illuminate\\Foundation\\Configuration\\{closure}()
#18 F:\\Coding\\Web\\Laravel\\agenda\\agenda\\vendor\\laravel\\framework\\src\\Illuminate\\Container\\Util.php(43): Illuminate\\Container\\BoundMethod::Illuminate\\Container\\{closure}()
#19 F:\\Coding\\Web\\Laravel\\agenda\\agenda\\vendor\\laravel\\framework\\src\\Illuminate\\Container\\BoundMethod.php(84): Illuminate\\Container\\Util::unwrapIfClosure(Object(Closure))
#20 F:\\Coding\\Web\\Laravel\\agenda\\agenda\\vendor\\laravel\\framework\\src\\Illuminate\\Container\\BoundMethod.php(35): Illuminate\\Container\\BoundMethod::callBoundMethod(Object(Illuminate\\Foundation\\Application), Object(Closure), Object(Closure))
#21 F:\\Coding\\Web\\Laravel\\agenda\\agenda\\vendor\\laravel\\framework\\src\\Illuminate\\Container\\Container.php(754): Illuminate\\Container\\BoundMethod::call(Object(Illuminate\\Foundation\\Application), Object(Closure), Array, NULL)
#22 F:\\Coding\\Web\\Laravel\\agenda\\agenda\\vendor\\laravel\\framework\\src\\Illuminate\\Foundation\\Support\\Providers\\RouteServiceProvider.php(162): Illuminate\\Container\\Container->call(Object(Closure))
#23 F:\\Coding\\Web\\Laravel\\agenda\\agenda\\vendor\\laravel\\framework\\src\\Illuminate\\Foundation\\Support\\Providers\\RouteServiceProvider.php(59): Illuminate\\Foundation\\Support\\Providers\\RouteServiceProvider->loadRoutes()
#24 F:\\Coding\\Web\\Laravel\\agenda\\agenda\\vendor\\laravel\\framework\\src\\Illuminate\\Container\\BoundMethod.php(36): Illuminate\\Foundation\\Support\\Providers\\RouteServiceProvider->Illuminate\\Foundation\\Support\\Providers\\{closure}()
#25 F:\\Coding\\Web\\Laravel\\agenda\\agenda\\vendor\\laravel\\framework\\src\\Illuminate\\Container\\Util.php(43): Illuminate\\Container\\BoundMethod::Illuminate\\Container\\{closure}()
#26 F:\\Coding\\Web\\Laravel\\agenda\\agenda\\vendor\\laravel\\framework\\src\\Illuminate\\Container\\BoundMethod.php(84): Illuminate\\Container\\Util::unwrapIfClosure(Object(Closure))
#27 F:\\Coding\\Web\\Laravel\\agenda\\agenda\\vendor\\laravel\\framework\\src\\Illuminate\\Container\\BoundMethod.php(35): Illuminate\\Container\\BoundMethod::callBoundMethod(Object(Illuminate\\Foundation\\Application), Object(Closure), Object(Closure))
#28 F:\\Coding\\Web\\Laravel\\agenda\\agenda\\vendor\\laravel\\framework\\src\\Illuminate\\Container\\Container.php(754): Illuminate\\Container\\BoundMethod::call(Object(Illuminate\\Foundation\\Application), Object(Closure), Array, NULL)
#29 F:\\Coding\\Web\\Laravel\\agenda\\agenda\\vendor\\laravel\\framework\\src\\Illuminate\\Support\\ServiceProvider.php(143): Illuminate\\Container\\Container->call(Object(Closure))
#30 F:\\Coding\\Web\\Laravel\\agenda\\agenda\\vendor\\laravel\\framework\\src\\Illuminate\\Foundation\\Application.php(1153): Illuminate\\Support\\ServiceProvider->callBootedCallbacks()
#31 F:\\Coding\\Web\\Laravel\\agenda\\agenda\\vendor\\laravel\\framework\\src\\Illuminate\\Foundation\\Application.php(1131): Illuminate\\Foundation\\Application->bootProvider(Object(Illuminate\\Foundation\\Support\\Providers\\RouteServiceProvider))
#32 [internal function]: Illuminate\\Foundation\\Application->Illuminate\\Foundation\\{closure}(Object(Illuminate\\Foundation\\Support\\Providers\\RouteServiceProvider), 'Illuminate\\\\Foun...')
#33 F:\\Coding\\Web\\Laravel\\agenda\\agenda\\vendor\\laravel\\framework\\src\\Illuminate\\Foundation\\Application.php(1130): array_walk(Array, Object(Closure))
#34 F:\\Coding\\Web\\Laravel\\agenda\\agenda\\vendor\\laravel\\framework\\src\\Illuminate\\Foundation\\Bootstrap\\BootProviders.php(17): Illuminate\\Foundation\\Application->boot()
#35 F:\\Coding\\Web\\Laravel\\agenda\\agenda\\vendor\\laravel\\framework\\src\\Illuminate\\Foundation\\Application.php(341): Illuminate\\Foundation\\Bootstrap\\BootProviders->bootstrap(Object(Illuminate\\Foundation\\Application))
#36 F:\\Coding\\Web\\Laravel\\agenda\\agenda\\vendor\\laravel\\framework\\src\\Illuminate\\Foundation\\Http\\Kernel.php(186): Illuminate\\Foundation\\Application->bootstrapWith(Array)
#37 F:\\Coding\\Web\\Laravel\\agenda\\agenda\\vendor\\laravel\\framework\\src\\Illuminate\\Foundation\\Http\\Kernel.php(170): Illuminate\\Foundation\\Http\\Kernel->bootstrap()
#38 F:\\Coding\\Web\\Laravel\\agenda\\agenda\\vendor\\laravel\\framework\\src\\Illuminate\\Foundation\\Http\\Kernel.php(144): Illuminate\\Foundation\\Http\\Kernel->sendRequestThroughRouter(Object(Illuminate\\Http\\Request))
#39 F:\\Coding\\Web\\Laravel\\agenda\\agenda\\vendor\\laravel\\framework\\src\\Illuminate\\Foundation\\Application.php(1219): Illuminate\\Foundation\\Http\\Kernel->handle(Object(Illuminate\\Http\\Request))
#40 F:\\Coding\\Web\\Laravel\\agenda\\agenda\\public\\index.php(20): Illuminate\\Foundation\\Application->handleRequest(Object(Illuminate\\Http\\Request))
#41 F:\\Coding\\Web\\Laravel\\agenda\\agenda\\vendor\\laravel\\framework\\src\\Illuminate\\Foundation\\resources\\server.php(23): require_once('F:\\\\Coding\\\\Web\\\\L...')
#42 {main}
"} 
[2025-09-10 14:06:55] local.ERROR: Unable to call component method. Public method [userboardManager] not found on component {"userId":1,"exception":"[object] (Livewire\\Exceptions\\MethodNotFoundException(code: 0): Unable to call component method. Public method [userboardManager] not found on component at F:\\Coding\\Web\\Laravel\\agenda\\agenda\\vendor\\livewire\\livewire\\src\\Mechanisms\\HandleComponents\\HandleComponents.php:488)
[stacktrace]
#0 F:\\Coding\\Web\\Laravel\\agenda\\agenda\\vendor\\livewire\\livewire\\src\\Mechanisms\\HandleComponents\\HandleComponents.php(101): Livewire\\Mechanisms\\HandleComponents\\HandleComponents->callMethods(Object(App\\Livewire\\Display\\UserBoard), Array, Object(Livewire\\Mechanisms\\HandleComponents\\ComponentContext))
#1 F:\\Coding\\Web\\Laravel\\agenda\\agenda\\vendor\\livewire\\livewire\\src\\LivewireManager.php(102): Livewire\\Mechanisms\\HandleComponents\\HandleComponents->update(Array, Array, Array)
#2 F:\\Coding\\Web\\Laravel\\agenda\\agenda\\vendor\\livewire\\volt\\src\\LivewireManager.php(35): Livewire\\LivewireManager->update(Array, Array, Array)
#3 F:\\Coding\\Web\\Laravel\\agenda\\agenda\\vendor\\livewire\\livewire\\src\\Mechanisms\\HandleRequests\\HandleRequests.php(94): Livewire\\Volt\\LivewireManager->update(Array, Array, Array)
#4 F:\\Coding\\Web\\Laravel\\agenda\\agenda\\vendor\\laravel\\framework\\src\\Illuminate\\Routing\\ControllerDispatcher.php(46): Livewire\\Mechanisms\\HandleRequests\\HandleRequests->handleUpdate()
#5 F:\\Coding\\Web\\Laravel\\agenda\\agenda\\vendor\\laravel\\framework\\src\\Illuminate\\Routing\\Route.php(265): Illuminate\\Routing\\ControllerDispatcher->dispatch(Object(Illuminate\\Routing\\Route), Object(Livewire\\Mechanisms\\HandleRequests\\HandleRequests), 'handleUpdate')
#6 F:\\Coding\\Web\\Laravel\\agenda\\agenda\\vendor\\laravel\\framework\\src\\Illuminate\\Routing\\Route.php(211): Illuminate\\Routing\\Route->runController()
#7 F:\\Coding\\Web\\Laravel\\agenda\\agenda\\vendor\\laravel\\framework\\src\\Illuminate\\Routing\\Router.php(808): Illuminate\\Routing\\Route->run()
#8 F:\\Coding\\Web\\Laravel\\agenda\\agenda\\vendor\\laravel\\framework\\src\\Illuminate\\Pipeline\\Pipeline.php(169): Illuminate\\Routing\\Router->Illuminate\\Routing\\{closure}(Object(Illuminate\\Http\\Request))
#9 F:\\Coding\\Web\\Laravel\\agenda\\agenda\\vendor\\laravel\\framework\\src\\Illuminate\\Routing\\Middleware\\SubstituteBindings.php(50): Illuminate\\Pipeline\\Pipeline->Illuminate\\Pipeline\\{closure}(Object(Illuminate\\Http\\Request))
#10 F:\\Coding\\Web\\Laravel\\agenda\\agenda\\vendor\\laravel\\framework\\src\\Illuminate\\Pipeline\\Pipeline.php(208): Illuminate\\Routing\\Middleware\\SubstituteBindings->handle(Object(Illuminate\\Http\\Request), Object(Closure))
#11 F:\\Coding\\Web\\Laravel\\agenda\\agenda\\vendor\\laravel\\framework\\src\\Illuminate\\Foundation\\Http\\Middleware\\VerifyCsrfToken.php(87): Illuminate\\Pipeline\\Pipeline->Illuminate\\Pipeline\\{closure}(Object(Illuminate\\Http\\Request))
#12 F:\\Coding\\Web\\Laravel\\agenda\\agenda\\vendor\\laravel\\framework\\src\\Illuminate\\Pipeline\\Pipeline.php(208): Illuminate\\Foundation\\Http\\Middleware\\VerifyCsrfToken->handle(Object(Illuminate\\Http\\Request), Object(Closure))
#13 F:\\Coding\\Web\\Laravel\\agenda\\agenda\\vendor\\laravel\\framework\\src\\Illuminate\\View\\Middleware\\ShareErrorsFromSession.php(48): Illuminate\\Pipeline\\Pipeline->Illuminate\\Pipeline\\{closure}(Object(Illuminate\\Http\\Request))
#14 F:\\Coding\\Web\\Laravel\\agenda\\agenda\\vendor\\laravel\\framework\\src\\Illuminate\\Pipeline\\Pipeline.php(208): Illuminate\\View\\Middleware\\ShareErrorsFromSession->handle(Object(Illuminate\\Http\\Request), Object(Closure))
#15 F:\\Coding\\Web\\Laravel\\agenda\\agenda\\vendor\\laravel\\framework\\src\\Illuminate\\Session\\Middleware\\StartSession.php(120): Illuminate\\Pipeline\\Pipeline->Illuminate\\Pipeline\\{closure}(Object(Illuminate\\Http\\Request))
#16 F:\\Coding\\Web\\Laravel\\agenda\\agenda\\vendor\\laravel\\framework\\src\\Illuminate\\Session\\Middleware\\StartSession.php(63): Illuminate\\Session\\Middleware\\StartSession->handleStatefulRequest(Object(Illuminate\\Http\\Request), Object(Illuminate\\Session\\Store), Object(Closure))
#17 F:\\Coding\\Web\\Laravel\\agenda\\agenda\\vendor\\laravel\\framework\\src\\Illuminate\\Pipeline\\Pipeline.php(208): Illuminate\\Session\\Middleware\\StartSession->handle(Object(Illuminate\\Http\\Request), Object(Closure))
#18 F:\\Coding\\Web\\Laravel\\agenda\\agenda\\vendor\\laravel\\framework\\src\\Illuminate\\Cookie\\Middleware\\AddQueuedCookiesToResponse.php(36): Illuminate\\Pipeline\\Pipeline->Illuminate\\Pipeline\\{closure}(Object(Illuminate\\Http\\Request))
#19 F:\\Coding\\Web\\Laravel\\agenda\\agenda\\vendor\\laravel\\framework\\src\\Illuminate\\Pipeline\\Pipeline.php(208): Illuminate\\Cookie\\Middleware\\AddQueuedCookiesToResponse->handle(Object(Illuminate\\Http\\Request), Object(Closure))
#20 F:\\Coding\\Web\\Laravel\\agenda\\agenda\\vendor\\laravel\\framework\\src\\Illuminate\\Cookie\\Middleware\\EncryptCookies.php(74): Illuminate\\Pipeline\\Pipeline->Illuminate\\Pipeline\\{closure}(Object(Illuminate\\Http\\Request))
#21 F:\\Coding\\Web\\Laravel\\agenda\\agenda\\vendor\\laravel\\framework\\src\\Illuminate\\Pipeline\\Pipeline.php(208): Illuminate\\Cookie\\Middleware\\EncryptCookies->handle(Object(Illuminate\\Http\\Request), Object(Closure))
#22 F:\\Coding\\Web\\Laravel\\agenda\\agenda\\vendor\\laravel\\framework\\src\\Illuminate\\Pipeline\\Pipeline.php(126): Illuminate\\Pipeline\\Pipeline->Illuminate\\Pipeline\\{closure}(Object(Illuminate\\Http\\Request))
#23 F:\\Coding\\Web\\Laravel\\agenda\\agenda\\vendor\\laravel\\framework\\src\\Illuminate\\Routing\\Router.php(807): Illuminate\\Pipeline\\Pipeline->then(Object(Closure))
#24 F:\\Coding\\Web\\Laravel\\agenda\\agenda\\vendor\\laravel\\framework\\src\\Illuminate\\Routing\\Router.php(786): Illuminate\\Routing\\Router->runRouteWithinStack(Object(Illuminate\\Routing\\Route), Object(Illuminate\\Http\\Request))
#25 F:\\Coding\\Web\\Laravel\\agenda\\agenda\\vendor\\laravel\\framework\\src\\Illuminate\\Routing\\Router.php(750): Illuminate\\Routing\\Router->runRoute(Object(Illuminate\\Http\\Request), Object(Illuminate\\Routing\\Route))
#26 F:\\Coding\\Web\\Laravel\\agenda\\agenda\\vendor\\laravel\\framework\\src\\Illuminate\\Routing\\Router.php(739): Illuminate\\Routing\\Router->dispatchToRoute(Object(Illuminate\\Http\\Request))
#27 F:\\Coding\\Web\\Laravel\\agenda\\agenda\\vendor\\laravel\\framework\\src\\Illuminate\\Foundation\\Http\\Kernel.php(200): Illuminate\\Routing\\Router->dispatch(Object(Illuminate\\Http\\Request))
#28 F:\\Coding\\Web\\Laravel\\agenda\\agenda\\vendor\\laravel\\framework\\src\\Illuminate\\Pipeline\\Pipeline.php(169): Illuminate\\Foundation\\Http\\Kernel->Illuminate\\Foundation\\Http\\{closure}(Object(Illuminate\\Http\\Request))
#29 F:\\Coding\\Web\\Laravel\\agenda\\agenda\\vendor\\livewire\\livewire\\src\\Features\\SupportDisablingBackButtonCache\\DisableBackButtonCacheMiddleware.php(19): Illuminate\\Pipeline\\Pipeline->Illuminate\\Pipeline\\{closure}(Object(Illuminate\\Http\\Request))
#30 F:\\Coding\\Web\\Laravel\\agenda\\agenda\\vendor\\laravel\\framework\\src\\Illuminate\\Pipeline\\Pipeline.php(208): Livewire\\Features\\SupportDisablingBackButtonCache\\DisableBackButtonCacheMiddleware->handle(Object(Illuminate\\Http\\Request), Object(Closure))
#31 F:\\Coding\\Web\\Laravel\\agenda\\agenda\\vendor\\laravel\\framework\\src\\Illuminate\\Foundation\\Http\\Middleware\\ConvertEmptyStringsToNull.php(27): Illuminate\\Pipeline\\Pipeline->Illuminate\\Pipeline\\{closure}(Object(Illuminate\\Http\\Request))
#32 F:\\Coding\\Web\\Laravel\\agenda\\agenda\\vendor\\laravel\\framework\\src\\Illuminate\\Pipeline\\Pipeline.php(208): Illuminate\\Foundation\\Http\\Middleware\\ConvertEmptyStringsToNull->handle(Object(Illuminate\\Http\\Request), Object(Closure))
#33 F:\\Coding\\Web\\Laravel\\agenda\\agenda\\vendor\\laravel\\framework\\src\\Illuminate\\Foundation\\Http\\Middleware\\TrimStrings.php(47): Illuminate\\Pipeline\\Pipeline->Illuminate\\Pipeline\\{closure}(Object(Illuminate\\Http\\Request))
#34 F:\\Coding\\Web\\Laravel\\agenda\\agenda\\vendor\\laravel\\framework\\src\\Illuminate\\Pipeline\\Pipeline.php(208): Illuminate\\Foundation\\Http\\Middleware\\TrimStrings->handle(Object(Illuminate\\Http\\Request), Object(Closure))
#35 F:\\Coding\\Web\\Laravel\\agenda\\agenda\\vendor\\laravel\\framework\\src\\Illuminate\\Http\\Middleware\\ValidatePostSize.php(27): Illuminate\\Pipeline\\Pipeline->Illuminate\\Pipeline\\{closure}(Object(Illuminate\\Http\\Request))
#36 F:\\Coding\\Web\\Laravel\\agenda\\agenda\\vendor\\laravel\\framework\\src\\Illuminate\\Pipeline\\Pipeline.php(208): Illuminate\\Http\\Middleware\\ValidatePostSize->handle(Object(Illuminate\\Http\\Request), Object(Closure))
#37 F:\\Coding\\Web\\Laravel\\agenda\\agenda\\vendor\\laravel\\framework\\src\\Illuminate\\Foundation\\Http\\Middleware\\PreventRequestsDuringMaintenance.php(109): Illuminate\\Pipeline\\Pipeline->Illuminate\\Pipeline\\{closure}(Object(Illuminate\\Http\\Request))
#38 F:\\Coding\\Web\\Laravel\\agenda\\agenda\\vendor\\laravel\\framework\\src\\Illuminate\\Pipeline\\Pipeline.php(208): Illuminate\\Foundation\\Http\\Middleware\\PreventRequestsDuringMaintenance->handle(Object(Illuminate\\Http\\Request), Object(Closure))
#39 F:\\Coding\\Web\\Laravel\\agenda\\agenda\\vendor\\laravel\\framework\\src\\Illuminate\\Http\\Middleware\\HandleCors.php(48): Illuminate\\Pipeline\\Pipeline->Illuminate\\Pipeline\\{closure}(Object(Illuminate\\Http\\Request))
#40 F:\\Coding\\Web\\Laravel\\agenda\\agenda\\vendor\\laravel\\framework\\src\\Illuminate\\Pipeline\\Pipeline.php(208): Illuminate\\Http\\Middleware\\HandleCors->handle(Object(Illuminate\\Http\\Request), Object(Closure))
#41 F:\\Coding\\Web\\Laravel\\agenda\\agenda\\vendor\\laravel\\framework\\src\\Illuminate\\Http\\Middleware\\TrustProxies.php(58): Illuminate\\Pipeline\\Pipeline->Illuminate\\Pipeline\\{closure}(Object(Illuminate\\Http\\Request))
#42 F:\\Coding\\Web\\Laravel\\agenda\\agenda\\vendor\\laravel\\framework\\src\\Illuminate\\Pipeline\\Pipeline.php(208): Illuminate\\Http\\Middleware\\TrustProxies->handle(Object(Illuminate\\Http\\Request), Object(Closure))
#43 F:\\Coding\\Web\\Laravel\\agenda\\agenda\\vendor\\laravel\\framework\\src\\Illuminate\\Foundation\\Http\\Middleware\\InvokeDeferredCallbacks.php(22): Illuminate\\Pipeline\\Pipeline->Illuminate\\Pipeline\\{closure}(Object(Illuminate\\Http\\Request))
#44 F:\\Coding\\Web\\Laravel\\agenda\\agenda\\vendor\\laravel\\framework\\src\\Illuminate\\Pipeline\\Pipeline.php(208): Illuminate\\Foundation\\Http\\Middleware\\InvokeDeferredCallbacks->handle(Object(Illuminate\\Http\\Request), Object(Closure))
#45 F:\\Coding\\Web\\Laravel\\agenda\\agenda\\vendor\\laravel\\framework\\src\\Illuminate\\Http\\Middleware\\ValidatePathEncoding.php(26): Illuminate\\Pipeline\\Pipeline->Illuminate\\Pipeline\\{closure}(Object(Illuminate\\Http\\Request))
#46 F:\\Coding\\Web\\Laravel\\agenda\\agenda\\vendor\\laravel\\framework\\src\\Illuminate\\Pipeline\\Pipeline.php(208): Illuminate\\Http\\Middleware\\ValidatePathEncoding->handle(Object(Illuminate\\Http\\Request), Object(Closure))
#47 F:\\Coding\\Web\\Laravel\\agenda\\agenda\\vendor\\laravel\\framework\\src\\Illuminate\\Pipeline\\Pipeline.php(126): Illuminate\\Pipeline\\Pipeline->Illuminate\\Pipeline\\{closure}(Object(Illuminate\\Http\\Request))
#48 F:\\Coding\\Web\\Laravel\\agenda\\agenda\\vendor\\laravel\\framework\\src\\Illuminate\\Foundation\\Http\\Kernel.php(175): Illuminate\\Pipeline\\Pipeline->then(Object(Closure))
#49 F:\\Coding\\Web\\Laravel\\agenda\\agenda\\vendor\\laravel\\framework\\src\\Illuminate\\Foundation\\Http\\Kernel.php(144): Illuminate\\Foundation\\Http\\Kernel->sendRequestThroughRouter(Object(Illuminate\\Http\\Request))
#50 F:\\Coding\\Web\\Laravel\\agenda\\agenda\\vendor\\laravel\\framework\\src\\Illuminate\\Foundation\\Application.php(1219): Illuminate\\Foundation\\Http\\Kernel->handle(Object(Illuminate\\Http\\Request))
#51 F:\\Coding\\Web\\Laravel\\agenda\\agenda\\public\\index.php(20): Illuminate\\Foundation\\Application->handleRequest(Object(Illuminate\\Http\\Request))
#52 F:\\Coding\\Web\\Laravel\\agenda\\agenda\\vendor\\laravel\\framework\\src\\Illuminate\\Foundation\\resources\\server.php(23): require_once('F:\\\\Coding\\\\Web\\\\L...')
#53 {main}
"} 
[2025-09-10 14:07:06] local.ERROR: Unable to call component method. Public method [userboardManager] not found on component {"userId":1,"exception":"[object] (Livewire\\Exceptions\\MethodNotFoundException(code: 0): Unable to call component method. Public method [userboardManager] not found on component at F:\\Coding\\Web\\Laravel\\agenda\\agenda\\vendor\\livewire\\livewire\\src\\Mechanisms\\HandleComponents\\HandleComponents.php:488)
[stacktrace]
#0 F:\\Coding\\Web\\Laravel\\agenda\\agenda\\vendor\\livewire\\livewire\\src\\Mechanisms\\HandleComponents\\HandleComponents.php(101): Livewire\\Mechanisms\\HandleComponents\\HandleComponents->callMethods(Object(App\\Livewire\\Display\\UserBoard), Array, Object(Livewire\\Mechanisms\\HandleComponents\\ComponentContext))
#1 F:\\Coding\\Web\\Laravel\\agenda\\agenda\\vendor\\livewire\\livewire\\src\\LivewireManager.php(102): Livewire\\Mechanisms\\HandleComponents\\HandleComponents->update(Array, Array, Array)
#2 F:\\Coding\\Web\\Laravel\\agenda\\agenda\\vendor\\livewire\\volt\\src\\LivewireManager.php(35): Livewire\\LivewireManager->update(Array, Array, Array)
#3 F:\\Coding\\Web\\Laravel\\agenda\\agenda\\vendor\\livewire\\livewire\\src\\Mechanisms\\HandleRequests\\HandleRequests.php(94): Livewire\\Volt\\LivewireManager->update(Array, Array, Array)
#4 F:\\Coding\\Web\\Laravel\\agenda\\agenda\\vendor\\laravel\\framework\\src\\Illuminate\\Routing\\ControllerDispatcher.php(46): Livewire\\Mechanisms\\HandleRequests\\HandleRequests->handleUpdate()
#5 F:\\Coding\\Web\\Laravel\\agenda\\agenda\\vendor\\laravel\\framework\\src\\Illuminate\\Routing\\Route.php(265): Illuminate\\Routing\\ControllerDispatcher->dispatch(Object(Illuminate\\Routing\\Route), Object(Livewire\\Mechanisms\\HandleRequests\\HandleRequests), 'handleUpdate')
#6 F:\\Coding\\Web\\Laravel\\agenda\\agenda\\vendor\\laravel\\framework\\src\\Illuminate\\Routing\\Route.php(211): Illuminate\\Routing\\Route->runController()
#7 F:\\Coding\\Web\\Laravel\\agenda\\agenda\\vendor\\laravel\\framework\\src\\Illuminate\\Routing\\Router.php(808): Illuminate\\Routing\\Route->run()
#8 F:\\Coding\\Web\\Laravel\\agenda\\agenda\\vendor\\laravel\\framework\\src\\Illuminate\\Pipeline\\Pipeline.php(169): Illuminate\\Routing\\Router->Illuminate\\Routing\\{closure}(Object(Illuminate\\Http\\Request))
#9 F:\\Coding\\Web\\Laravel\\agenda\\agenda\\vendor\\laravel\\framework\\src\\Illuminate\\Routing\\Middleware\\SubstituteBindings.php(50): Illuminate\\Pipeline\\Pipeline->Illuminate\\Pipeline\\{closure}(Object(Illuminate\\Http\\Request))
#10 F:\\Coding\\Web\\Laravel\\agenda\\agenda\\vendor\\laravel\\framework\\src\\Illuminate\\Pipeline\\Pipeline.php(208): Illuminate\\Routing\\Middleware\\SubstituteBindings->handle(Object(Illuminate\\Http\\Request), Object(Closure))
#11 F:\\Coding\\Web\\Laravel\\agenda\\agenda\\vendor\\laravel\\framework\\src\\Illuminate\\Foundation\\Http\\Middleware\\VerifyCsrfToken.php(87): Illuminate\\Pipeline\\Pipeline->Illuminate\\Pipeline\\{closure}(Object(Illuminate\\Http\\Request))
#12 F:\\Coding\\Web\\Laravel\\agenda\\agenda\\vendor\\laravel\\framework\\src\\Illuminate\\Pipeline\\Pipeline.php(208): Illuminate\\Foundation\\Http\\Middleware\\VerifyCsrfToken->handle(Object(Illuminate\\Http\\Request), Object(Closure))
#13 F:\\Coding\\Web\\Laravel\\agenda\\agenda\\vendor\\laravel\\framework\\src\\Illuminate\\View\\Middleware\\ShareErrorsFromSession.php(48): Illuminate\\Pipeline\\Pipeline->Illuminate\\Pipeline\\{closure}(Object(Illuminate\\Http\\Request))
#14 F:\\Coding\\Web\\Laravel\\agenda\\agenda\\vendor\\laravel\\framework\\src\\Illuminate\\Pipeline\\Pipeline.php(208): Illuminate\\View\\Middleware\\ShareErrorsFromSession->handle(Object(Illuminate\\Http\\Request), Object(Closure))
#15 F:\\Coding\\Web\\Laravel\\agenda\\agenda\\vendor\\laravel\\framework\\src\\Illuminate\\Session\\Middleware\\StartSession.php(120): Illuminate\\Pipeline\\Pipeline->Illuminate\\Pipeline\\{closure}(Object(Illuminate\\Http\\Request))
#16 F:\\Coding\\Web\\Laravel\\agenda\\agenda\\vendor\\laravel\\framework\\src\\Illuminate\\Session\\Middleware\\StartSession.php(63): Illuminate\\Session\\Middleware\\StartSession->handleStatefulRequest(Object(Illuminate\\Http\\Request), Object(Illuminate\\Session\\Store), Object(Closure))
#17 F:\\Coding\\Web\\Laravel\\agenda\\agenda\\vendor\\laravel\\framework\\src\\Illuminate\\Pipeline\\Pipeline.php(208): Illuminate\\Session\\Middleware\\StartSession->handle(Object(Illuminate\\Http\\Request), Object(Closure))
#18 F:\\Coding\\Web\\Laravel\\agenda\\agenda\\vendor\\laravel\\framework\\src\\Illuminate\\Cookie\\Middleware\\AddQueuedCookiesToResponse.php(36): Illuminate\\Pipeline\\Pipeline->Illuminate\\Pipeline\\{closure}(Object(Illuminate\\Http\\Request))
#19 F:\\Coding\\Web\\Laravel\\agenda\\agenda\\vendor\\laravel\\framework\\src\\Illuminate\\Pipeline\\Pipeline.php(208): Illuminate\\Cookie\\Middleware\\AddQueuedCookiesToResponse->handle(Object(Illuminate\\Http\\Request), Object(Closure))
#20 F:\\Coding\\Web\\Laravel\\agenda\\agenda\\vendor\\laravel\\framework\\src\\Illuminate\\Cookie\\Middleware\\EncryptCookies.php(74): Illuminate\\Pipeline\\Pipeline->Illuminate\\Pipeline\\{closure}(Object(Illuminate\\Http\\Request))
#21 F:\\Coding\\Web\\Laravel\\agenda\\agenda\\vendor\\laravel\\framework\\src\\Illuminate\\Pipeline\\Pipeline.php(208): Illuminate\\Cookie\\Middleware\\EncryptCookies->handle(Object(Illuminate\\Http\\Request), Object(Closure))
#22 F:\\Coding\\Web\\Laravel\\agenda\\agenda\\vendor\\laravel\\framework\\src\\Illuminate\\Pipeline\\Pipeline.php(126): Illuminate\\Pipeline\\Pipeline->Illuminate\\Pipeline\\{closure}(Object(Illuminate\\Http\\Request))
#23 F:\\Coding\\Web\\Laravel\\agenda\\agenda\\vendor\\laravel\\framework\\src\\Illuminate\\Routing\\Router.php(807): Illuminate\\Pipeline\\Pipeline->then(Object(Closure))
#24 F:\\Coding\\Web\\Laravel\\agenda\\agenda\\vendor\\laravel\\framework\\src\\Illuminate\\Routing\\Router.php(786): Illuminate\\Routing\\Router->runRouteWithinStack(Object(Illuminate\\Routing\\Route), Object(Illuminate\\Http\\Request))
#25 F:\\Coding\\Web\\Laravel\\agenda\\agenda\\vendor\\laravel\\framework\\src\\Illuminate\\Routing\\Router.php(750): Illuminate\\Routing\\Router->runRoute(Object(Illuminate\\Http\\Request), Object(Illuminate\\Routing\\Route))
#26 F:\\Coding\\Web\\Laravel\\agenda\\agenda\\vendor\\laravel\\framework\\src\\Illuminate\\Routing\\Router.php(739): Illuminate\\Routing\\Router->dispatchToRoute(Object(Illuminate\\Http\\Request))
#27 F:\\Coding\\Web\\Laravel\\agenda\\agenda\\vendor\\laravel\\framework\\src\\Illuminate\\Foundation\\Http\\Kernel.php(200): Illuminate\\Routing\\Router->dispatch(Object(Illuminate\\Http\\Request))
#28 F:\\Coding\\Web\\Laravel\\agenda\\agenda\\vendor\\laravel\\framework\\src\\Illuminate\\Pipeline\\Pipeline.php(169): Illuminate\\Foundation\\Http\\Kernel->Illuminate\\Foundation\\Http\\{closure}(Object(Illuminate\\Http\\Request))
#29 F:\\Coding\\Web\\Laravel\\agenda\\agenda\\vendor\\livewire\\livewire\\src\\Features\\SupportDisablingBackButtonCache\\DisableBackButtonCacheMiddleware.php(19): Illuminate\\Pipeline\\Pipeline->Illuminate\\Pipeline\\{closure}(Object(Illuminate\\Http\\Request))
#30 F:\\Coding\\Web\\Laravel\\agenda\\agenda\\vendor\\laravel\\framework\\src\\Illuminate\\Pipeline\\Pipeline.php(208): Livewire\\Features\\SupportDisablingBackButtonCache\\DisableBackButtonCacheMiddleware->handle(Object(Illuminate\\Http\\Request), Object(Closure))
#31 F:\\Coding\\Web\\Laravel\\agenda\\agenda\\vendor\\laravel\\framework\\src\\Illuminate\\Foundation\\Http\\Middleware\\ConvertEmptyStringsToNull.php(27): Illuminate\\Pipeline\\Pipeline->Illuminate\\Pipeline\\{closure}(Object(Illuminate\\Http\\Request))
#32 F:\\Coding\\Web\\Laravel\\agenda\\agenda\\vendor\\laravel\\framework\\src\\Illuminate\\Pipeline\\Pipeline.php(208): Illuminate\\Foundation\\Http\\Middleware\\ConvertEmptyStringsToNull->handle(Object(Illuminate\\Http\\Request), Object(Closure))
#33 F:\\Coding\\Web\\Laravel\\agenda\\agenda\\vendor\\laravel\\framework\\src\\Illuminate\\Foundation\\Http\\Middleware\\TrimStrings.php(47): Illuminate\\Pipeline\\Pipeline->Illuminate\\Pipeline\\{closure}(Object(Illuminate\\Http\\Request))
#34 F:\\Coding\\Web\\Laravel\\agenda\\agenda\\vendor\\laravel\\framework\\src\\Illuminate\\Pipeline\\Pipeline.php(208): Illuminate\\Foundation\\Http\\Middleware\\TrimStrings->handle(Object(Illuminate\\Http\\Request), Object(Closure))
#35 F:\\Coding\\Web\\Laravel\\agenda\\agenda\\vendor\\laravel\\framework\\src\\Illuminate\\Http\\Middleware\\ValidatePostSize.php(27): Illuminate\\Pipeline\\Pipeline->Illuminate\\Pipeline\\{closure}(Object(Illuminate\\Http\\Request))
#36 F:\\Coding\\Web\\Laravel\\agenda\\agenda\\vendor\\laravel\\framework\\src\\Illuminate\\Pipeline\\Pipeline.php(208): Illuminate\\Http\\Middleware\\ValidatePostSize->handle(Object(Illuminate\\Http\\Request), Object(Closure))
#37 F:\\Coding\\Web\\Laravel\\agenda\\agenda\\vendor\\laravel\\framework\\src\\Illuminate\\Foundation\\Http\\Middleware\\PreventRequestsDuringMaintenance.php(109): Illuminate\\Pipeline\\Pipeline->Illuminate\\Pipeline\\{closure}(Object(Illuminate\\Http\\Request))
#38 F:\\Coding\\Web\\Laravel\\agenda\\agenda\\vendor\\laravel\\framework\\src\\Illuminate\\Pipeline\\Pipeline.php(208): Illuminate\\Foundation\\Http\\Middleware\\PreventRequestsDuringMaintenance->handle(Object(Illuminate\\Http\\Request), Object(Closure))
#39 F:\\Coding\\Web\\Laravel\\agenda\\agenda\\vendor\\laravel\\framework\\src\\Illuminate\\Http\\Middleware\\HandleCors.php(48): Illuminate\\Pipeline\\Pipeline->Illuminate\\Pipeline\\{closure}(Object(Illuminate\\Http\\Request))
#40 F:\\Coding\\Web\\Laravel\\agenda\\agenda\\vendor\\laravel\\framework\\src\\Illuminate\\Pipeline\\Pipeline.php(208): Illuminate\\Http\\Middleware\\HandleCors->handle(Object(Illuminate\\Http\\Request), Object(Closure))
#41 F:\\Coding\\Web\\Laravel\\agenda\\agenda\\vendor\\laravel\\framework\\src\\Illuminate\\Http\\Middleware\\TrustProxies.php(58): Illuminate\\Pipeline\\Pipeline->Illuminate\\Pipeline\\{closure}(Object(Illuminate\\Http\\Request))
#42 F:\\Coding\\Web\\Laravel\\agenda\\agenda\\vendor\\laravel\\framework\\src\\Illuminate\\Pipeline\\Pipeline.php(208): Illuminate\\Http\\Middleware\\TrustProxies->handle(Object(Illuminate\\Http\\Request), Object(Closure))
#43 F:\\Coding\\Web\\Laravel\\agenda\\agenda\\vendor\\laravel\\framework\\src\\Illuminate\\Foundation\\Http\\Middleware\\InvokeDeferredCallbacks.php(22): Illuminate\\Pipeline\\Pipeline->Illuminate\\Pipeline\\{closure}(Object(Illuminate\\Http\\Request))
#44 F:\\Coding\\Web\\Laravel\\agenda\\agenda\\vendor\\laravel\\framework\\src\\Illuminate\\Pipeline\\Pipeline.php(208): Illuminate\\Foundation\\Http\\Middleware\\InvokeDeferredCallbacks->handle(Object(Illuminate\\Http\\Request), Object(Closure))
#45 F:\\Coding\\Web\\Laravel\\agenda\\agenda\\vendor\\laravel\\framework\\src\\Illuminate\\Http\\Middleware\\ValidatePathEncoding.php(26): Illuminate\\Pipeline\\Pipeline->Illuminate\\Pipeline\\{closure}(Object(Illuminate\\Http\\Request))
#46 F:\\Coding\\Web\\Laravel\\agenda\\agenda\\vendor\\laravel\\framework\\src\\Illuminate\\Pipeline\\Pipeline.php(208): Illuminate\\Http\\Middleware\\ValidatePathEncoding->handle(Object(Illuminate\\Http\\Request), Object(Closure))
#47 F:\\Coding\\Web\\Laravel\\agenda\\agenda\\vendor\\laravel\\framework\\src\\Illuminate\\Pipeline\\Pipeline.php(126): Illuminate\\Pipeline\\Pipeline->Illuminate\\Pipeline\\{closure}(Object(Illuminate\\Http\\Request))
#48 F:\\Coding\\Web\\Laravel\\agenda\\agenda\\vendor\\laravel\\framework\\src\\Illuminate\\Foundation\\Http\\Kernel.php(175): Illuminate\\Pipeline\\Pipeline->then(Object(Closure))
#49 F:\\Coding\\Web\\Laravel\\agenda\\agenda\\vendor\\laravel\\framework\\src\\Illuminate\\Foundation\\Http\\Kernel.php(144): Illuminate\\Foundation\\Http\\Kernel->sendRequestThroughRouter(Object(Illuminate\\Http\\Request))
#50 F:\\Coding\\Web\\Laravel\\agenda\\agenda\\vendor\\laravel\\framework\\src\\Illuminate\\Foundation\\Application.php(1219): Illuminate\\Foundation\\Http\\Kernel->handle(Object(Illuminate\\Http\\Request))
#51 F:\\Coding\\Web\\Laravel\\agenda\\agenda\\public\\index.php(20): Illuminate\\Foundation\\Application->handleRequest(Object(Illuminate\\Http\\Request))
#52 F:\\Coding\\Web\\Laravel\\agenda\\agenda\\vendor\\laravel\\framework\\src\\Illuminate\\Foundation\\resources\\server.php(23): require_once('F:\\\\Coding\\\\Web\\\\L...')
#53 {main}
"} 
[2025-09-10 14:07:08] local.ERROR: Unable to call component method. Public method [userboardManager] not found on component {"userId":1,"exception":"[object] (Livewire\\Exceptions\\MethodNotFoundException(code: 0): Unable to call component method. Public method [userboardManager] not found on component at F:\\Coding\\Web\\Laravel\\agenda\\agenda\\vendor\\livewire\\livewire\\src\\Mechanisms\\HandleComponents\\HandleComponents.php:488)
[stacktrace]
#0 F:\\Coding\\Web\\Laravel\\agenda\\agenda\\vendor\\livewire\\livewire\\src\\Mechanisms\\HandleComponents\\HandleComponents.php(101): Livewire\\Mechanisms\\HandleComponents\\HandleComponents->callMethods(Object(App\\Livewire\\Display\\UserBoard), Array, Object(Livewire\\Mechanisms\\HandleComponents\\ComponentContext))
#1 F:\\Coding\\Web\\Laravel\\agenda\\agenda\\vendor\\livewire\\livewire\\src\\LivewireManager.php(102): Livewire\\Mechanisms\\HandleComponents\\HandleComponents->update(Array, Array, Array)
#2 F:\\Coding\\Web\\Laravel\\agenda\\agenda\\vendor\\livewire\\volt\\src\\LivewireManager.php(35): Livewire\\LivewireManager->update(Array, Array, Array)
#3 F:\\Coding\\Web\\Laravel\\agenda\\agenda\\vendor\\livewire\\livewire\\src\\Mechanisms\\HandleRequests\\HandleRequests.php(94): Livewire\\Volt\\LivewireManager->update(Array, Array, Array)
#4 F:\\Coding\\Web\\Laravel\\agenda\\agenda\\vendor\\laravel\\framework\\src\\Illuminate\\Routing\\ControllerDispatcher.php(46): Livewire\\Mechanisms\\HandleRequests\\HandleRequests->handleUpdate()
#5 F:\\Coding\\Web\\Laravel\\agenda\\agenda\\vendor\\laravel\\framework\\src\\Illuminate\\Routing\\Route.php(265): Illuminate\\Routing\\ControllerDispatcher->dispatch(Object(Illuminate\\Routing\\Route), Object(Livewire\\Mechanisms\\HandleRequests\\HandleRequests), 'handleUpdate')
#6 F:\\Coding\\Web\\Laravel\\agenda\\agenda\\vendor\\laravel\\framework\\src\\Illuminate\\Routing\\Route.php(211): Illuminate\\Routing\\Route->runController()
#7 F:\\Coding\\Web\\Laravel\\agenda\\agenda\\vendor\\laravel\\framework\\src\\Illuminate\\Routing\\Router.php(808): Illuminate\\Routing\\Route->run()
#8 F:\\Coding\\Web\\Laravel\\agenda\\agenda\\vendor\\laravel\\framework\\src\\Illuminate\\Pipeline\\Pipeline.php(169): Illuminate\\Routing\\Router->Illuminate\\Routing\\{closure}(Object(Illuminate\\Http\\Request))
#9 F:\\Coding\\Web\\Laravel\\agenda\\agenda\\vendor\\laravel\\framework\\src\\Illuminate\\Routing\\Middleware\\SubstituteBindings.php(50): Illuminate\\Pipeline\\Pipeline->Illuminate\\Pipeline\\{closure}(Object(Illuminate\\Http\\Request))
#10 F:\\Coding\\Web\\Laravel\\agenda\\agenda\\vendor\\laravel\\framework\\src\\Illuminate\\Pipeline\\Pipeline.php(208): Illuminate\\Routing\\Middleware\\SubstituteBindings->handle(Object(Illuminate\\Http\\Request), Object(Closure))
#11 F:\\Coding\\Web\\Laravel\\agenda\\agenda\\vendor\\laravel\\framework\\src\\Illuminate\\Foundation\\Http\\Middleware\\VerifyCsrfToken.php(87): Illuminate\\Pipeline\\Pipeline->Illuminate\\Pipeline\\{closure}(Object(Illuminate\\Http\\Request))
#12 F:\\Coding\\Web\\Laravel\\agenda\\agenda\\vendor\\laravel\\framework\\src\\Illuminate\\Pipeline\\Pipeline.php(208): Illuminate\\Foundation\\Http\\Middleware\\VerifyCsrfToken->handle(Object(Illuminate\\Http\\Request), Object(Closure))
#13 F:\\Coding\\Web\\Laravel\\agenda\\agenda\\vendor\\laravel\\framework\\src\\Illuminate\\View\\Middleware\\ShareErrorsFromSession.php(48): Illuminate\\Pipeline\\Pipeline->Illuminate\\Pipeline\\{closure}(Object(Illuminate\\Http\\Request))
#14 F:\\Coding\\Web\\Laravel\\agenda\\agenda\\vendor\\laravel\\framework\\src\\Illuminate\\Pipeline\\Pipeline.php(208): Illuminate\\View\\Middleware\\ShareErrorsFromSession->handle(Object(Illuminate\\Http\\Request), Object(Closure))
#15 F:\\Coding\\Web\\Laravel\\agenda\\agenda\\vendor\\laravel\\framework\\src\\Illuminate\\Session\\Middleware\\StartSession.php(120): Illuminate\\Pipeline\\Pipeline->Illuminate\\Pipeline\\{closure}(Object(Illuminate\\Http\\Request))
#16 F:\\Coding\\Web\\Laravel\\agenda\\agenda\\vendor\\laravel\\framework\\src\\Illuminate\\Session\\Middleware\\StartSession.php(63): Illuminate\\Session\\Middleware\\StartSession->handleStatefulRequest(Object(Illuminate\\Http\\Request), Object(Illuminate\\Session\\Store), Object(Closure))
#17 F:\\Coding\\Web\\Laravel\\agenda\\agenda\\vendor\\laravel\\framework\\src\\Illuminate\\Pipeline\\Pipeline.php(208): Illuminate\\Session\\Middleware\\StartSession->handle(Object(Illuminate\\Http\\Request), Object(Closure))
#18 F:\\Coding\\Web\\Laravel\\agenda\\agenda\\vendor\\laravel\\framework\\src\\Illuminate\\Cookie\\Middleware\\AddQueuedCookiesToResponse.php(36): Illuminate\\Pipeline\\Pipeline->Illuminate\\Pipeline\\{closure}(Object(Illuminate\\Http\\Request))
#19 F:\\Coding\\Web\\Laravel\\agenda\\agenda\\vendor\\laravel\\framework\\src\\Illuminate\\Pipeline\\Pipeline.php(208): Illuminate\\Cookie\\Middleware\\AddQueuedCookiesToResponse->handle(Object(Illuminate\\Http\\Request), Object(Closure))
#20 F:\\Coding\\Web\\Laravel\\agenda\\agenda\\vendor\\laravel\\framework\\src\\Illuminate\\Cookie\\Middleware\\EncryptCookies.php(74): Illuminate\\Pipeline\\Pipeline->Illuminate\\Pipeline\\{closure}(Object(Illuminate\\Http\\Request))
#21 F:\\Coding\\Web\\Laravel\\agenda\\agenda\\vendor\\laravel\\framework\\src\\Illuminate\\Pipeline\\Pipeline.php(208): Illuminate\\Cookie\\Middleware\\EncryptCookies->handle(Object(Illuminate\\Http\\Request), Object(Closure))
#22 F:\\Coding\\Web\\Laravel\\agenda\\agenda\\vendor\\laravel\\framework\\src\\Illuminate\\Pipeline\\Pipeline.php(126): Illuminate\\Pipeline\\Pipeline->Illuminate\\Pipeline\\{closure}(Object(Illuminate\\Http\\Request))
#23 F:\\Coding\\Web\\Laravel\\agenda\\agenda\\vendor\\laravel\\framework\\src\\Illuminate\\Routing\\Router.php(807): Illuminate\\Pipeline\\Pipeline->then(Object(Closure))
#24 F:\\Coding\\Web\\Laravel\\agenda\\agenda\\vendor\\laravel\\framework\\src\\Illuminate\\Routing\\Router.php(786): Illuminate\\Routing\\Router->runRouteWithinStack(Object(Illuminate\\Routing\\Route), Object(Illuminate\\Http\\Request))
#25 F:\\Coding\\Web\\Laravel\\agenda\\agenda\\vendor\\laravel\\framework\\src\\Illuminate\\Routing\\Router.php(750): Illuminate\\Routing\\Router->runRoute(Object(Illuminate\\Http\\Request), Object(Illuminate\\Routing\\Route))
#26 F:\\Coding\\Web\\Laravel\\agenda\\agenda\\vendor\\laravel\\framework\\src\\Illuminate\\Routing\\Router.php(739): Illuminate\\Routing\\Router->dispatchToRoute(Object(Illuminate\\Http\\Request))
#27 F:\\Coding\\Web\\Laravel\\agenda\\agenda\\vendor\\laravel\\framework\\src\\Illuminate\\Foundation\\Http\\Kernel.php(200): Illuminate\\Routing\\Router->dispatch(Object(Illuminate\\Http\\Request))
#28 F:\\Coding\\Web\\Laravel\\agenda\\agenda\\vendor\\laravel\\framework\\src\\Illuminate\\Pipeline\\Pipeline.php(169): Illuminate\\Foundation\\Http\\Kernel->Illuminate\\Foundation\\Http\\{closure}(Object(Illuminate\\Http\\Request))
#29 F:\\Coding\\Web\\Laravel\\agenda\\agenda\\vendor\\livewire\\livewire\\src\\Features\\SupportDisablingBackButtonCache\\DisableBackButtonCacheMiddleware.php(19): Illuminate\\Pipeline\\Pipeline->Illuminate\\Pipeline\\{closure}(Object(Illuminate\\Http\\Request))
#30 F:\\Coding\\Web\\Laravel\\agenda\\agenda\\vendor\\laravel\\framework\\src\\Illuminate\\Pipeline\\Pipeline.php(208): Livewire\\Features\\SupportDisablingBackButtonCache\\DisableBackButtonCacheMiddleware->handle(Object(Illuminate\\Http\\Request), Object(Closure))
#31 F:\\Coding\\Web\\Laravel\\agenda\\agenda\\vendor\\laravel\\framework\\src\\Illuminate\\Foundation\\Http\\Middleware\\ConvertEmptyStringsToNull.php(27): Illuminate\\Pipeline\\Pipeline->Illuminate\\Pipeline\\{closure}(Object(Illuminate\\Http\\Request))
#32 F:\\Coding\\Web\\Laravel\\agenda\\agenda\\vendor\\laravel\\framework\\src\\Illuminate\\Pipeline\\Pipeline.php(208): Illuminate\\Foundation\\Http\\Middleware\\ConvertEmptyStringsToNull->handle(Object(Illuminate\\Http\\Request), Object(Closure))
#33 F:\\Coding\\Web\\Laravel\\agenda\\agenda\\vendor\\laravel\\framework\\src\\Illuminate\\Foundation\\Http\\Middleware\\TrimStrings.php(47): Illuminate\\Pipeline\\Pipeline->Illuminate\\Pipeline\\{closure}(Object(Illuminate\\Http\\Request))
#34 F:\\Coding\\Web\\Laravel\\agenda\\agenda\\vendor\\laravel\\framework\\src\\Illuminate\\Pipeline\\Pipeline.php(208): Illuminate\\Foundation\\Http\\Middleware\\TrimStrings->handle(Object(Illuminate\\Http\\Request), Object(Closure))
#35 F:\\Coding\\Web\\Laravel\\agenda\\agenda\\vendor\\laravel\\framework\\src\\Illuminate\\Http\\Middleware\\ValidatePostSize.php(27): Illuminate\\Pipeline\\Pipeline->Illuminate\\Pipeline\\{closure}(Object(Illuminate\\Http\\Request))
#36 F:\\Coding\\Web\\Laravel\\agenda\\agenda\\vendor\\laravel\\framework\\src\\Illuminate\\Pipeline\\Pipeline.php(208): Illuminate\\Http\\Middleware\\ValidatePostSize->handle(Object(Illuminate\\Http\\Request), Object(Closure))
#37 F:\\Coding\\Web\\Laravel\\agenda\\agenda\\vendor\\laravel\\framework\\src\\Illuminate\\Foundation\\Http\\Middleware\\PreventRequestsDuringMaintenance.php(109): Illuminate\\Pipeline\\Pipeline->Illuminate\\Pipeline\\{closure}(Object(Illuminate\\Http\\Request))
#38 F:\\Coding\\Web\\Laravel\\agenda\\agenda\\vendor\\laravel\\framework\\src\\Illuminate\\Pipeline\\Pipeline.php(208): Illuminate\\Foundation\\Http\\Middleware\\PreventRequestsDuringMaintenance->handle(Object(Illuminate\\Http\\Request), Object(Closure))
#39 F:\\Coding\\Web\\Laravel\\agenda\\agenda\\vendor\\laravel\\framework\\src\\Illuminate\\Http\\Middleware\\HandleCors.php(48): Illuminate\\Pipeline\\Pipeline->Illuminate\\Pipeline\\{closure}(Object(Illuminate\\Http\\Request))
#40 F:\\Coding\\Web\\Laravel\\agenda\\agenda\\vendor\\laravel\\framework\\src\\Illuminate\\Pipeline\\Pipeline.php(208): Illuminate\\Http\\Middleware\\HandleCors->handle(Object(Illuminate\\Http\\Request), Object(Closure))
#41 F:\\Coding\\Web\\Laravel\\agenda\\agenda\\vendor\\laravel\\framework\\src\\Illuminate\\Http\\Middleware\\TrustProxies.php(58): Illuminate\\Pipeline\\Pipeline->Illuminate\\Pipeline\\{closure}(Object(Illuminate\\Http\\Request))
#42 F:\\Coding\\Web\\Laravel\\agenda\\agenda\\vendor\\laravel\\framework\\src\\Illuminate\\Pipeline\\Pipeline.php(208): Illuminate\\Http\\Middleware\\TrustProxies->handle(Object(Illuminate\\Http\\Request), Object(Closure))
#43 F:\\Coding\\Web\\Laravel\\agenda\\agenda\\vendor\\laravel\\framework\\src\\Illuminate\\Foundation\\Http\\Middleware\\InvokeDeferredCallbacks.php(22): Illuminate\\Pipeline\\Pipeline->Illuminate\\Pipeline\\{closure}(Object(Illuminate\\Http\\Request))
#44 F:\\Coding\\Web\\Laravel\\agenda\\agenda\\vendor\\laravel\\framework\\src\\Illuminate\\Pipeline\\Pipeline.php(208): Illuminate\\Foundation\\Http\\Middleware\\InvokeDeferredCallbacks->handle(Object(Illuminate\\Http\\Request), Object(Closure))
#45 F:\\Coding\\Web\\Laravel\\agenda\\agenda\\vendor\\laravel\\framework\\src\\Illuminate\\Http\\Middleware\\ValidatePathEncoding.php(26): Illuminate\\Pipeline\\Pipeline->Illuminate\\Pipeline\\{closure}(Object(Illuminate\\Http\\Request))
#46 F:\\Coding\\Web\\Laravel\\agenda\\agenda\\vendor\\laravel\\framework\\src\\Illuminate\\Pipeline\\Pipeline.php(208): Illuminate\\Http\\Middleware\\ValidatePathEncoding->handle(Object(Illuminate\\Http\\Request), Object(Closure))
#47 F:\\Coding\\Web\\Laravel\\agenda\\agenda\\vendor\\laravel\\framework\\src\\Illuminate\\Pipeline\\Pipeline.php(126): Illuminate\\Pipeline\\Pipeline->Illuminate\\Pipeline\\{closure}(Object(Illuminate\\Http\\Request))
#48 F:\\Coding\\Web\\Laravel\\agenda\\agenda\\vendor\\laravel\\framework\\src\\Illuminate\\Foundation\\Http\\Kernel.php(175): Illuminate\\Pipeline\\Pipeline->then(Object(Closure))
#49 F:\\Coding\\Web\\Laravel\\agenda\\agenda\\vendor\\laravel\\framework\\src\\Illuminate\\Foundation\\Http\\Kernel.php(144): Illuminate\\Foundation\\Http\\Kernel->sendRequestThroughRouter(Object(Illuminate\\Http\\Request))
#50 F:\\Coding\\Web\\Laravel\\agenda\\agenda\\vendor\\laravel\\framework\\src\\Illuminate\\Foundation\\Application.php(1219): Illuminate\\Foundation\\Http\\Kernel->handle(Object(Illuminate\\Http\\Request))
#51 F:\\Coding\\Web\\Laravel\\agenda\\agenda\\public\\index.php(20): Illuminate\\Foundation\\Application->handleRequest(Object(Illuminate\\Http\\Request))
#52 F:\\Coding\\Web\\Laravel\\agenda\\agenda\\vendor\\laravel\\framework\\src\\Illuminate\\Foundation\\resources\\server.php(23): require_once('F:\\\\Coding\\\\Web\\\\L...')
#53 {main}
"} 
[2025-09-10 14:07:10] local.ERROR: Unable to call component method. Public method [userboardManager] not found on component {"userId":1,"exception":"[object] (Livewire\\Exceptions\\MethodNotFoundException(code: 0): Unable to call component method. Public method [userboardManager] not found on component at F:\\Coding\\Web\\Laravel\\agenda\\agenda\\vendor\\livewire\\livewire\\src\\Mechanisms\\HandleComponents\\HandleComponents.php:488)
[stacktrace]
#0 F:\\Coding\\Web\\Laravel\\agenda\\agenda\\vendor\\livewire\\livewire\\src\\Mechanisms\\HandleComponents\\HandleComponents.php(101): Livewire\\Mechanisms\\HandleComponents\\HandleComponents->callMethods(Object(App\\Livewire\\Display\\UserBoard), Array, Object(Livewire\\Mechanisms\\HandleComponents\\ComponentContext))
#1 F:\\Coding\\Web\\Laravel\\agenda\\agenda\\vendor\\livewire\\livewire\\src\\LivewireManager.php(102): Livewire\\Mechanisms\\HandleComponents\\HandleComponents->update(Array, Array, Array)
#2 F:\\Coding\\Web\\Laravel\\agenda\\agenda\\vendor\\livewire\\volt\\src\\LivewireManager.php(35): Livewire\\LivewireManager->update(Array, Array, Array)
#3 F:\\Coding\\Web\\Laravel\\agenda\\agenda\\vendor\\livewire\\livewire\\src\\Mechanisms\\HandleRequests\\HandleRequests.php(94): Livewire\\Volt\\LivewireManager->update(Array, Array, Array)
#4 F:\\Coding\\Web\\Laravel\\agenda\\agenda\\vendor\\laravel\\framework\\src\\Illuminate\\Routing\\ControllerDispatcher.php(46): Livewire\\Mechanisms\\HandleRequests\\HandleRequests->handleUpdate()
#5 F:\\Coding\\Web\\Laravel\\agenda\\agenda\\vendor\\laravel\\framework\\src\\Illuminate\\Routing\\Route.php(265): Illuminate\\Routing\\ControllerDispatcher->dispatch(Object(Illuminate\\Routing\\Route), Object(Livewire\\Mechanisms\\HandleRequests\\HandleRequests), 'handleUpdate')
#6 F:\\Coding\\Web\\Laravel\\agenda\\agenda\\vendor\\laravel\\framework\\src\\Illuminate\\Routing\\Route.php(211): Illuminate\\Routing\\Route->runController()
#7 F:\\Coding\\Web\\Laravel\\agenda\\agenda\\vendor\\laravel\\framework\\src\\Illuminate\\Routing\\Router.php(808): Illuminate\\Routing\\Route->run()
#8 F:\\Coding\\Web\\Laravel\\agenda\\agenda\\vendor\\laravel\\framework\\src\\Illuminate\\Pipeline\\Pipeline.php(169): Illuminate\\Routing\\Router->Illuminate\\Routing\\{closure}(Object(Illuminate\\Http\\Request))
#9 F:\\Coding\\Web\\Laravel\\agenda\\agenda\\vendor\\laravel\\framework\\src\\Illuminate\\Routing\\Middleware\\SubstituteBindings.php(50): Illuminate\\Pipeline\\Pipeline->Illuminate\\Pipeline\\{closure}(Object(Illuminate\\Http\\Request))
#10 F:\\Coding\\Web\\Laravel\\agenda\\agenda\\vendor\\laravel\\framework\\src\\Illuminate\\Pipeline\\Pipeline.php(208): Illuminate\\Routing\\Middleware\\SubstituteBindings->handle(Object(Illuminate\\Http\\Request), Object(Closure))
#11 F:\\Coding\\Web\\Laravel\\agenda\\agenda\\vendor\\laravel\\framework\\src\\Illuminate\\Foundation\\Http\\Middleware\\VerifyCsrfToken.php(87): Illuminate\\Pipeline\\Pipeline->Illuminate\\Pipeline\\{closure}(Object(Illuminate\\Http\\Request))
#12 F:\\Coding\\Web\\Laravel\\agenda\\agenda\\vendor\\laravel\\framework\\src\\Illuminate\\Pipeline\\Pipeline.php(208): Illuminate\\Foundation\\Http\\Middleware\\VerifyCsrfToken->handle(Object(Illuminate\\Http\\Request), Object(Closure))
#13 F:\\Coding\\Web\\Laravel\\agenda\\agenda\\vendor\\laravel\\framework\\src\\Illuminate\\View\\Middleware\\ShareErrorsFromSession.php(48): Illuminate\\Pipeline\\Pipeline->Illuminate\\Pipeline\\{closure}(Object(Illuminate\\Http\\Request))
#14 F:\\Coding\\Web\\Laravel\\agenda\\agenda\\vendor\\laravel\\framework\\src\\Illuminate\\Pipeline\\Pipeline.php(208): Illuminate\\View\\Middleware\\ShareErrorsFromSession->handle(Object(Illuminate\\Http\\Request), Object(Closure))
#15 F:\\Coding\\Web\\Laravel\\agenda\\agenda\\vendor\\laravel\\framework\\src\\Illuminate\\Session\\Middleware\\StartSession.php(120): Illuminate\\Pipeline\\Pipeline->Illuminate\\Pipeline\\{closure}(Object(Illuminate\\Http\\Request))
#16 F:\\Coding\\Web\\Laravel\\agenda\\agenda\\vendor\\laravel\\framework\\src\\Illuminate\\Session\\Middleware\\StartSession.php(63): Illuminate\\Session\\Middleware\\StartSession->handleStatefulRequest(Object(Illuminate\\Http\\Request), Object(Illuminate\\Session\\Store), Object(Closure))
#17 F:\\Coding\\Web\\Laravel\\agenda\\agenda\\vendor\\laravel\\framework\\src\\Illuminate\\Pipeline\\Pipeline.php(208): Illuminate\\Session\\Middleware\\StartSession->handle(Object(Illuminate\\Http\\Request), Object(Closure))
#18 F:\\Coding\\Web\\Laravel\\agenda\\agenda\\vendor\\laravel\\framework\\src\\Illuminate\\Cookie\\Middleware\\AddQueuedCookiesToResponse.php(36): Illuminate\\Pipeline\\Pipeline->Illuminate\\Pipeline\\{closure}(Object(Illuminate\\Http\\Request))
#19 F:\\Coding\\Web\\Laravel\\agenda\\agenda\\vendor\\laravel\\framework\\src\\Illuminate\\Pipeline\\Pipeline.php(208): Illuminate\\Cookie\\Middleware\\AddQueuedCookiesToResponse->handle(Object(Illuminate\\Http\\Request), Object(Closure))
#20 F:\\Coding\\Web\\Laravel\\agenda\\agenda\\vendor\\laravel\\framework\\src\\Illuminate\\Cookie\\Middleware\\EncryptCookies.php(74): Illuminate\\Pipeline\\Pipeline->Illuminate\\Pipeline\\{closure}(Object(Illuminate\\Http\\Request))
#21 F:\\Coding\\Web\\Laravel\\agenda\\agenda\\vendor\\laravel\\framework\\src\\Illuminate\\Pipeline\\Pipeline.php(208): Illuminate\\Cookie\\Middleware\\EncryptCookies->handle(Object(Illuminate\\Http\\Request), Object(Closure))
#22 F:\\Coding\\Web\\Laravel\\agenda\\agenda\\vendor\\laravel\\framework\\src\\Illuminate\\Pipeline\\Pipeline.php(126): Illuminate\\Pipeline\\Pipeline->Illuminate\\Pipeline\\{closure}(Object(Illuminate\\Http\\Request))
#23 F:\\Coding\\Web\\Laravel\\agenda\\agenda\\vendor\\laravel\\framework\\src\\Illuminate\\Routing\\Router.php(807): Illuminate\\Pipeline\\Pipeline->then(Object(Closure))
#24 F:\\Coding\\Web\\Laravel\\agenda\\agenda\\vendor\\laravel\\framework\\src\\Illuminate\\Routing\\Router.php(786): Illuminate\\Routing\\Router->runRouteWithinStack(Object(Illuminate\\Routing\\Route), Object(Illuminate\\Http\\Request))
#25 F:\\Coding\\Web\\Laravel\\agenda\\agenda\\vendor\\laravel\\framework\\src\\Illuminate\\Routing\\Router.php(750): Illuminate\\Routing\\Router->runRoute(Object(Illuminate\\Http\\Request), Object(Illuminate\\Routing\\Route))
#26 F:\\Coding\\Web\\Laravel\\agenda\\agenda\\vendor\\laravel\\framework\\src\\Illuminate\\Routing\\Router.php(739): Illuminate\\Routing\\Router->dispatchToRoute(Object(Illuminate\\Http\\Request))
#27 F:\\Coding\\Web\\Laravel\\agenda\\agenda\\vendor\\laravel\\framework\\src\\Illuminate\\Foundation\\Http\\Kernel.php(200): Illuminate\\Routing\\Router->dispatch(Object(Illuminate\\Http\\Request))
#28 F:\\Coding\\Web\\Laravel\\agenda\\agenda\\vendor\\laravel\\framework\\src\\Illuminate\\Pipeline\\Pipeline.php(169): Illuminate\\Foundation\\Http\\Kernel->Illuminate\\Foundation\\Http\\{closure}(Object(Illuminate\\Http\\Request))
#29 F:\\Coding\\Web\\Laravel\\agenda\\agenda\\vendor\\livewire\\livewire\\src\\Features\\SupportDisablingBackButtonCache\\DisableBackButtonCacheMiddleware.php(19): Illuminate\\Pipeline\\Pipeline->Illuminate\\Pipeline\\{closure}(Object(Illuminate\\Http\\Request))
#30 F:\\Coding\\Web\\Laravel\\agenda\\agenda\\vendor\\laravel\\framework\\src\\Illuminate\\Pipeline\\Pipeline.php(208): Livewire\\Features\\SupportDisablingBackButtonCache\\DisableBackButtonCacheMiddleware->handle(Object(Illuminate\\Http\\Request), Object(Closure))
#31 F:\\Coding\\Web\\Laravel\\agenda\\agenda\\vendor\\laravel\\framework\\src\\Illuminate\\Foundation\\Http\\Middleware\\ConvertEmptyStringsToNull.php(27): Illuminate\\Pipeline\\Pipeline->Illuminate\\Pipeline\\{closure}(Object(Illuminate\\Http\\Request))
#32 F:\\Coding\\Web\\Laravel\\agenda\\agenda\\vendor\\laravel\\framework\\src\\Illuminate\\Pipeline\\Pipeline.php(208): Illuminate\\Foundation\\Http\\Middleware\\ConvertEmptyStringsToNull->handle(Object(Illuminate\\Http\\Request), Object(Closure))
#33 F:\\Coding\\Web\\Laravel\\agenda\\agenda\\vendor\\laravel\\framework\\src\\Illuminate\\Foundation\\Http\\Middleware\\TrimStrings.php(47): Illuminate\\Pipeline\\Pipeline->Illuminate\\Pipeline\\{closure}(Object(Illuminate\\Http\\Request))
#34 F:\\Coding\\Web\\Laravel\\agenda\\agenda\\vendor\\laravel\\framework\\src\\Illuminate\\Pipeline\\Pipeline.php(208): Illuminate\\Foundation\\Http\\Middleware\\TrimStrings->handle(Object(Illuminate\\Http\\Request), Object(Closure))
#35 F:\\Coding\\Web\\Laravel\\agenda\\agenda\\vendor\\laravel\\framework\\src\\Illuminate\\Http\\Middleware\\ValidatePostSize.php(27): Illuminate\\Pipeline\\Pipeline->Illuminate\\Pipeline\\{closure}(Object(Illuminate\\Http\\Request))
#36 F:\\Coding\\Web\\Laravel\\agenda\\agenda\\vendor\\laravel\\framework\\src\\Illuminate\\Pipeline\\Pipeline.php(208): Illuminate\\Http\\Middleware\\ValidatePostSize->handle(Object(Illuminate\\Http\\Request), Object(Closure))
#37 F:\\Coding\\Web\\Laravel\\agenda\\agenda\\vendor\\laravel\\framework\\src\\Illuminate\\Foundation\\Http\\Middleware\\PreventRequestsDuringMaintenance.php(109): Illuminate\\Pipeline\\Pipeline->Illuminate\\Pipeline\\{closure}(Object(Illuminate\\Http\\Request))
#38 F:\\Coding\\Web\\Laravel\\agenda\\agenda\\vendor\\laravel\\framework\\src\\Illuminate\\Pipeline\\Pipeline.php(208): Illuminate\\Foundation\\Http\\Middleware\\PreventRequestsDuringMaintenance->handle(Object(Illuminate\\Http\\Request), Object(Closure))
#39 F:\\Coding\\Web\\Laravel\\agenda\\agenda\\vendor\\laravel\\framework\\src\\Illuminate\\Http\\Middleware\\HandleCors.php(48): Illuminate\\Pipeline\\Pipeline->Illuminate\\Pipeline\\{closure}(Object(Illuminate\\Http\\Request))
#40 F:\\Coding\\Web\\Laravel\\agenda\\agenda\\vendor\\laravel\\framework\\src\\Illuminate\\Pipeline\\Pipeline.php(208): Illuminate\\Http\\Middleware\\HandleCors->handle(Object(Illuminate\\Http\\Request), Object(Closure))
#41 F:\\Coding\\Web\\Laravel\\agenda\\agenda\\vendor\\laravel\\framework\\src\\Illuminate\\Http\\Middleware\\TrustProxies.php(58): Illuminate\\Pipeline\\Pipeline->Illuminate\\Pipeline\\{closure}(Object(Illuminate\\Http\\Request))
#42 F:\\Coding\\Web\\Laravel\\agenda\\agenda\\vendor\\laravel\\framework\\src\\Illuminate\\Pipeline\\Pipeline.php(208): Illuminate\\Http\\Middleware\\TrustProxies->handle(Object(Illuminate\\Http\\Request), Object(Closure))
#43 F:\\Coding\\Web\\Laravel\\agenda\\agenda\\vendor\\laravel\\framework\\src\\Illuminate\\Foundation\\Http\\Middleware\\InvokeDeferredCallbacks.php(22): Illuminate\\Pipeline\\Pipeline->Illuminate\\Pipeline\\{closure}(Object(Illuminate\\Http\\Request))
#44 F:\\Coding\\Web\\Laravel\\agenda\\agenda\\vendor\\laravel\\framework\\src\\Illuminate\\Pipeline\\Pipeline.php(208): Illuminate\\Foundation\\Http\\Middleware\\InvokeDeferredCallbacks->handle(Object(Illuminate\\Http\\Request), Object(Closure))
#45 F:\\Coding\\Web\\Laravel\\agenda\\agenda\\vendor\\laravel\\framework\\src\\Illuminate\\Http\\Middleware\\ValidatePathEncoding.php(26): Illuminate\\Pipeline\\Pipeline->Illuminate\\Pipeline\\{closure}(Object(Illuminate\\Http\\Request))
#46 F:\\Coding\\Web\\Laravel\\agenda\\agenda\\vendor\\laravel\\framework\\src\\Illuminate\\Pipeline\\Pipeline.php(208): Illuminate\\Http\\Middleware\\ValidatePathEncoding->handle(Object(Illuminate\\Http\\Request), Object(Closure))
#47 F:\\Coding\\Web\\Laravel\\agenda\\agenda\\vendor\\laravel\\framework\\src\\Illuminate\\Pipeline\\Pipeline.php(126): Illuminate\\Pipeline\\Pipeline->Illuminate\\Pipeline\\{closure}(Object(Illuminate\\Http\\Request))
#48 F:\\Coding\\Web\\Laravel\\agenda\\agenda\\vendor\\laravel\\framework\\src\\Illuminate\\Foundation\\Http\\Kernel.php(175): Illuminate\\Pipeline\\Pipeline->then(Object(Closure))
#49 F:\\Coding\\Web\\Laravel\\agenda\\agenda\\vendor\\laravel\\framework\\src\\Illuminate\\Foundation\\Http\\Kernel.php(144): Illuminate\\Foundation\\Http\\Kernel->sendRequestThroughRouter(Object(Illuminate\\Http\\Request))
#50 F:\\Coding\\Web\\Laravel\\agenda\\agenda\\vendor\\laravel\\framework\\src\\Illuminate\\Foundation\\Application.php(1219): Illuminate\\Foundation\\Http\\Kernel->handle(Object(Illuminate\\Http\\Request))
#51 F:\\Coding\\Web\\Laravel\\agenda\\agenda\\public\\index.php(20): Illuminate\\Foundation\\Application->handleRequest(Object(Illuminate\\Http\\Request))
#52 F:\\Coding\\Web\\Laravel\\agenda\\agenda\\vendor\\laravel\\framework\\src\\Illuminate\\Foundation\\resources\\server.php(23): require_once('F:\\\\Coding\\\\Web\\\\L...')
#53 {main}
"} 
[2025-09-10 14:07:13] local.ERROR: Unable to call component method. Public method [userboardManager] not found on component {"userId":1,"exception":"[object] (Livewire\\Exceptions\\MethodNotFoundException(code: 0): Unable to call component method. Public method [userboardManager] not found on component at F:\\Coding\\Web\\Laravel\\agenda\\agenda\\vendor\\livewire\\livewire\\src\\Mechanisms\\HandleComponents\\HandleComponents.php:488)
[stacktrace]
#0 F:\\Coding\\Web\\Laravel\\agenda\\agenda\\vendor\\livewire\\livewire\\src\\Mechanisms\\HandleComponents\\HandleComponents.php(101): Livewire\\Mechanisms\\HandleComponents\\HandleComponents->callMethods(Object(App\\Livewire\\Display\\UserBoard), Array, Object(Livewire\\Mechanisms\\HandleComponents\\ComponentContext))
#1 F:\\Coding\\Web\\Laravel\\agenda\\agenda\\vendor\\livewire\\livewire\\src\\LivewireManager.php(102): Livewire\\Mechanisms\\HandleComponents\\HandleComponents->update(Array, Array, Array)
#2 F:\\Coding\\Web\\Laravel\\agenda\\agenda\\vendor\\livewire\\volt\\src\\LivewireManager.php(35): Livewire\\LivewireManager->update(Array, Array, Array)
#3 F:\\Coding\\Web\\Laravel\\agenda\\agenda\\vendor\\livewire\\livewire\\src\\Mechanisms\\HandleRequests\\HandleRequests.php(94): Livewire\\Volt\\LivewireManager->update(Array, Array, Array)
#4 F:\\Coding\\Web\\Laravel\\agenda\\agenda\\vendor\\laravel\\framework\\src\\Illuminate\\Routing\\ControllerDispatcher.php(46): Livewire\\Mechanisms\\HandleRequests\\HandleRequests->handleUpdate()
#5 F:\\Coding\\Web\\Laravel\\agenda\\agenda\\vendor\\laravel\\framework\\src\\Illuminate\\Routing\\Route.php(265): Illuminate\\Routing\\ControllerDispatcher->dispatch(Object(Illuminate\\Routing\\Route), Object(Livewire\\Mechanisms\\HandleRequests\\HandleRequests), 'handleUpdate')
#6 F:\\Coding\\Web\\Laravel\\agenda\\agenda\\vendor\\laravel\\framework\\src\\Illuminate\\Routing\\Route.php(211): Illuminate\\Routing\\Route->runController()
#7 F:\\Coding\\Web\\Laravel\\agenda\\agenda\\vendor\\laravel\\framework\\src\\Illuminate\\Routing\\Router.php(808): Illuminate\\Routing\\Route->run()
#8 F:\\Coding\\Web\\Laravel\\agenda\\agenda\\vendor\\laravel\\framework\\src\\Illuminate\\Pipeline\\Pipeline.php(169): Illuminate\\Routing\\Router->Illuminate\\Routing\\{closure}(Object(Illuminate\\Http\\Request))
#9 F:\\Coding\\Web\\Laravel\\agenda\\agenda\\vendor\\laravel\\framework\\src\\Illuminate\\Routing\\Middleware\\SubstituteBindings.php(50): Illuminate\\Pipeline\\Pipeline->Illuminate\\Pipeline\\{closure}(Object(Illuminate\\Http\\Request))
#10 F:\\Coding\\Web\\Laravel\\agenda\\agenda\\vendor\\laravel\\framework\\src\\Illuminate\\Pipeline\\Pipeline.php(208): Illuminate\\Routing\\Middleware\\SubstituteBindings->handle(Object(Illuminate\\Http\\Request), Object(Closure))
#11 F:\\Coding\\Web\\Laravel\\agenda\\agenda\\vendor\\laravel\\framework\\src\\Illuminate\\Foundation\\Http\\Middleware\\VerifyCsrfToken.php(87): Illuminate\\Pipeline\\Pipeline->Illuminate\\Pipeline\\{closure}(Object(Illuminate\\Http\\Request))
#12 F:\\Coding\\Web\\Laravel\\agenda\\agenda\\vendor\\laravel\\framework\\src\\Illuminate\\Pipeline\\Pipeline.php(208): Illuminate\\Foundation\\Http\\Middleware\\VerifyCsrfToken->handle(Object(Illuminate\\Http\\Request), Object(Closure))
#13 F:\\Coding\\Web\\Laravel\\agenda\\agenda\\vendor\\laravel\\framework\\src\\Illuminate\\View\\Middleware\\ShareErrorsFromSession.php(48): Illuminate\\Pipeline\\Pipeline->Illuminate\\Pipeline\\{closure}(Object(Illuminate\\Http\\Request))
#14 F:\\Coding\\Web\\Laravel\\agenda\\agenda\\vendor\\laravel\\framework\\src\\Illuminate\\Pipeline\\Pipeline.php(208): Illuminate\\View\\Middleware\\ShareErrorsFromSession->handle(Object(Illuminate\\Http\\Request), Object(Closure))
#15 F:\\Coding\\Web\\Laravel\\agenda\\agenda\\vendor\\laravel\\framework\\src\\Illuminate\\Session\\Middleware\\StartSession.php(120): Illuminate\\Pipeline\\Pipeline->Illuminate\\Pipeline\\{closure}(Object(Illuminate\\Http\\Request))
#16 F:\\Coding\\Web\\Laravel\\agenda\\agenda\\vendor\\laravel\\framework\\src\\Illuminate\\Session\\Middleware\\StartSession.php(63): Illuminate\\Session\\Middleware\\StartSession->handleStatefulRequest(Object(Illuminate\\Http\\Request), Object(Illuminate\\Session\\Store), Object(Closure))
#17 F:\\Coding\\Web\\Laravel\\agenda\\agenda\\vendor\\laravel\\framework\\src\\Illuminate\\Pipeline\\Pipeline.php(208): Illuminate\\Session\\Middleware\\StartSession->handle(Object(Illuminate\\Http\\Request), Object(Closure))
#18 F:\\Coding\\Web\\Laravel\\agenda\\agenda\\vendor\\laravel\\framework\\src\\Illuminate\\Cookie\\Middleware\\AddQueuedCookiesToResponse.php(36): Illuminate\\Pipeline\\Pipeline->Illuminate\\Pipeline\\{closure}(Object(Illuminate\\Http\\Request))
#19 F:\\Coding\\Web\\Laravel\\agenda\\agenda\\vendor\\laravel\\framework\\src\\Illuminate\\Pipeline\\Pipeline.php(208): Illuminate\\Cookie\\Middleware\\AddQueuedCookiesToResponse->handle(Object(Illuminate\\Http\\Request), Object(Closure))
#20 F:\\Coding\\Web\\Laravel\\agenda\\agenda\\vendor\\laravel\\framework\\src\\Illuminate\\Cookie\\Middleware\\EncryptCookies.php(74): Illuminate\\Pipeline\\Pipeline->Illuminate\\Pipeline\\{closure}(Object(Illuminate\\Http\\Request))
#21 F:\\Coding\\Web\\Laravel\\agenda\\agenda\\vendor\\laravel\\framework\\src\\Illuminate\\Pipeline\\Pipeline.php(208): Illuminate\\Cookie\\Middleware\\EncryptCookies->handle(Object(Illuminate\\Http\\Request), Object(Closure))
#22 F:\\Coding\\Web\\Laravel\\agenda\\agenda\\vendor\\laravel\\framework\\src\\Illuminate\\Pipeline\\Pipeline.php(126): Illuminate\\Pipeline\\Pipeline->Illuminate\\Pipeline\\{closure}(Object(Illuminate\\Http\\Request))
#23 F:\\Coding\\Web\\Laravel\\agenda\\agenda\\vendor\\laravel\\framework\\src\\Illuminate\\Routing\\Router.php(807): Illuminate\\Pipeline\\Pipeline->then(Object(Closure))
#24 F:\\Coding\\Web\\Laravel\\agenda\\agenda\\vendor\\laravel\\framework\\src\\Illuminate\\Routing\\Router.php(786): Illuminate\\Routing\\Router->runRouteWithinStack(Object(Illuminate\\Routing\\Route), Object(Illuminate\\Http\\Request))
#25 F:\\Coding\\Web\\Laravel\\agenda\\agenda\\vendor\\laravel\\framework\\src\\Illuminate\\Routing\\Router.php(750): Illuminate\\Routing\\Router->runRoute(Object(Illuminate\\Http\\Request), Object(Illuminate\\Routing\\Route))
#26 F:\\Coding\\Web\\Laravel\\agenda\\agenda\\vendor\\laravel\\framework\\src\\Illuminate\\Routing\\Router.php(739): Illuminate\\Routing\\Router->dispatchToRoute(Object(Illuminate\\Http\\Request))
#27 F:\\Coding\\Web\\Laravel\\agenda\\agenda\\vendor\\laravel\\framework\\src\\Illuminate\\Foundation\\Http\\Kernel.php(200): Illuminate\\Routing\\Router->dispatch(Object(Illuminate\\Http\\Request))
#28 F:\\Coding\\Web\\Laravel\\agenda\\agenda\\vendor\\laravel\\framework\\src\\Illuminate\\Pipeline\\Pipeline.php(169): Illuminate\\Foundation\\Http\\Kernel->Illuminate\\Foundation\\Http\\{closure}(Object(Illuminate\\Http\\Request))
#29 F:\\Coding\\Web\\Laravel\\agenda\\agenda\\vendor\\livewire\\livewire\\src\\Features\\SupportDisablingBackButtonCache\\DisableBackButtonCacheMiddleware.php(19): Illuminate\\Pipeline\\Pipeline->Illuminate\\Pipeline\\{closure}(Object(Illuminate\\Http\\Request))
#30 F:\\Coding\\Web\\Laravel\\agenda\\agenda\\vendor\\laravel\\framework\\src\\Illuminate\\Pipeline\\Pipeline.php(208): Livewire\\Features\\SupportDisablingBackButtonCache\\DisableBackButtonCacheMiddleware->handle(Object(Illuminate\\Http\\Request), Object(Closure))
#31 F:\\Coding\\Web\\Laravel\\agenda\\agenda\\vendor\\laravel\\framework\\src\\Illuminate\\Foundation\\Http\\Middleware\\ConvertEmptyStringsToNull.php(27): Illuminate\\Pipeline\\Pipeline->Illuminate\\Pipeline\\{closure}(Object(Illuminate\\Http\\Request))
#32 F:\\Coding\\Web\\Laravel\\agenda\\agenda\\vendor\\laravel\\framework\\src\\Illuminate\\Pipeline\\Pipeline.php(208): Illuminate\\Foundation\\Http\\Middleware\\ConvertEmptyStringsToNull->handle(Object(Illuminate\\Http\\Request), Object(Closure))
#33 F:\\Coding\\Web\\Laravel\\agenda\\agenda\\vendor\\laravel\\framework\\src\\Illuminate\\Foundation\\Http\\Middleware\\TrimStrings.php(47): Illuminate\\Pipeline\\Pipeline->Illuminate\\Pipeline\\{closure}(Object(Illuminate\\Http\\Request))
#34 F:\\Coding\\Web\\Laravel\\agenda\\agenda\\vendor\\laravel\\framework\\src\\Illuminate\\Pipeline\\Pipeline.php(208): Illuminate\\Foundation\\Http\\Middleware\\TrimStrings->handle(Object(Illuminate\\Http\\Request), Object(Closure))
#35 F:\\Coding\\Web\\Laravel\\agenda\\agenda\\vendor\\laravel\\framework\\src\\Illuminate\\Http\\Middleware\\ValidatePostSize.php(27): Illuminate\\Pipeline\\Pipeline->Illuminate\\Pipeline\\{closure}(Object(Illuminate\\Http\\Request))
#36 F:\\Coding\\Web\\Laravel\\agenda\\agenda\\vendor\\laravel\\framework\\src\\Illuminate\\Pipeline\\Pipeline.php(208): Illuminate\\Http\\Middleware\\ValidatePostSize->handle(Object(Illuminate\\Http\\Request), Object(Closure))
#37 F:\\Coding\\Web\\Laravel\\agenda\\agenda\\vendor\\laravel\\framework\\src\\Illuminate\\Foundation\\Http\\Middleware\\PreventRequestsDuringMaintenance.php(109): Illuminate\\Pipeline\\Pipeline->Illuminate\\Pipeline\\{closure}(Object(Illuminate\\Http\\Request))
#38 F:\\Coding\\Web\\Laravel\\agenda\\agenda\\vendor\\laravel\\framework\\src\\Illuminate\\Pipeline\\Pipeline.php(208): Illuminate\\Foundation\\Http\\Middleware\\PreventRequestsDuringMaintenance->handle(Object(Illuminate\\Http\\Request), Object(Closure))
#39 F:\\Coding\\Web\\Laravel\\agenda\\agenda\\vendor\\laravel\\framework\\src\\Illuminate\\Http\\Middleware\\HandleCors.php(48): Illuminate\\Pipeline\\Pipeline->Illuminate\\Pipeline\\{closure}(Object(Illuminate\\Http\\Request))
#40 F:\\Coding\\Web\\Laravel\\agenda\\agenda\\vendor\\laravel\\framework\\src\\Illuminate\\Pipeline\\Pipeline.php(208): Illuminate\\Http\\Middleware\\HandleCors->handle(Object(Illuminate\\Http\\Request), Object(Closure))
#41 F:\\Coding\\Web\\Laravel\\agenda\\agenda\\vendor\\laravel\\framework\\src\\Illuminate\\Http\\Middleware\\TrustProxies.php(58): Illuminate\\Pipeline\\Pipeline->Illuminate\\Pipeline\\{closure}(Object(Illuminate\\Http\\Request))
#42 F:\\Coding\\Web\\Laravel\\agenda\\agenda\\vendor\\laravel\\framework\\src\\Illuminate\\Pipeline\\Pipeline.php(208): Illuminate\\Http\\Middleware\\TrustProxies->handle(Object(Illuminate\\Http\\Request), Object(Closure))
#43 F:\\Coding\\Web\\Laravel\\agenda\\agenda\\vendor\\laravel\\framework\\src\\Illuminate\\Foundation\\Http\\Middleware\\InvokeDeferredCallbacks.php(22): Illuminate\\Pipeline\\Pipeline->Illuminate\\Pipeline\\{closure}(Object(Illuminate\\Http\\Request))
#44 F:\\Coding\\Web\\Laravel\\agenda\\agenda\\vendor\\laravel\\framework\\src\\Illuminate\\Pipeline\\Pipeline.php(208): Illuminate\\Foundation\\Http\\Middleware\\InvokeDeferredCallbacks->handle(Object(Illuminate\\Http\\Request), Object(Closure))
#45 F:\\Coding\\Web\\Laravel\\agenda\\agenda\\vendor\\laravel\\framework\\src\\Illuminate\\Http\\Middleware\\ValidatePathEncoding.php(26): Illuminate\\Pipeline\\Pipeline->Illuminate\\Pipeline\\{closure}(Object(Illuminate\\Http\\Request))
#46 F:\\Coding\\Web\\Laravel\\agenda\\agenda\\vendor\\laravel\\framework\\src\\Illuminate\\Pipeline\\Pipeline.php(208): Illuminate\\Http\\Middleware\\ValidatePathEncoding->handle(Object(Illuminate\\Http\\Request), Object(Closure))
#47 F:\\Coding\\Web\\Laravel\\agenda\\agenda\\vendor\\laravel\\framework\\src\\Illuminate\\Pipeline\\Pipeline.php(126): Illuminate\\Pipeline\\Pipeline->Illuminate\\Pipeline\\{closure}(Object(Illuminate\\Http\\Request))
#48 F:\\Coding\\Web\\Laravel\\agenda\\agenda\\vendor\\laravel\\framework\\src\\Illuminate\\Foundation\\Http\\Kernel.php(175): Illuminate\\Pipeline\\Pipeline->then(Object(Closure))
#49 F:\\Coding\\Web\\Laravel\\agenda\\agenda\\vendor\\laravel\\framework\\src\\Illuminate\\Foundation\\Http\\Kernel.php(144): Illuminate\\Foundation\\Http\\Kernel->sendRequestThroughRouter(Object(Illuminate\\Http\\Request))
#50 F:\\Coding\\Web\\Laravel\\agenda\\agenda\\vendor\\laravel\\framework\\src\\Illuminate\\Foundation\\Application.php(1219): Illuminate\\Foundation\\Http\\Kernel->handle(Object(Illuminate\\Http\\Request))
#51 F:\\Coding\\Web\\Laravel\\agenda\\agenda\\public\\index.php(20): Illuminate\\Foundation\\Application->handleRequest(Object(Illuminate\\Http\\Request))
#52 F:\\Coding\\Web\\Laravel\\agenda\\agenda\\vendor\\laravel\\framework\\src\\Illuminate\\Foundation\\resources\\server.php(23): require_once('F:\\\\Coding\\\\Web\\\\L...')
#53 {main}
"} 
[2025-09-10 14:07:25] local.ERROR: Unable to call component method. Public method [userboardManager] not found on component {"userId":1,"exception":"[object] (Livewire\\Exceptions\\MethodNotFoundException(code: 0): Unable to call component method. Public method [userboardManager] not found on component at F:\\Coding\\Web\\Laravel\\agenda\\agenda\\vendor\\livewire\\livewire\\src\\Mechanisms\\HandleComponents\\HandleComponents.php:488)
[stacktrace]
#0 F:\\Coding\\Web\\Laravel\\agenda\\agenda\\vendor\\livewire\\livewire\\src\\Mechanisms\\HandleComponents\\HandleComponents.php(101): Livewire\\Mechanisms\\HandleComponents\\HandleComponents->callMethods(Object(App\\Livewire\\Display\\UserBoard), Array, Object(Livewire\\Mechanisms\\HandleComponents\\ComponentContext))
#1 F:\\Coding\\Web\\Laravel\\agenda\\agenda\\vendor\\livewire\\livewire\\src\\LivewireManager.php(102): Livewire\\Mechanisms\\HandleComponents\\HandleComponents->update(Array, Array, Array)
#2 F:\\Coding\\Web\\Laravel\\agenda\\agenda\\vendor\\livewire\\volt\\src\\LivewireManager.php(35): Livewire\\LivewireManager->update(Array, Array, Array)
#3 F:\\Coding\\Web\\Laravel\\agenda\\agenda\\vendor\\livewire\\livewire\\src\\Mechanisms\\HandleRequests\\HandleRequests.php(94): Livewire\\Volt\\LivewireManager->update(Array, Array, Array)
#4 F:\\Coding\\Web\\Laravel\\agenda\\agenda\\vendor\\laravel\\framework\\src\\Illuminate\\Routing\\ControllerDispatcher.php(46): Livewire\\Mechanisms\\HandleRequests\\HandleRequests->handleUpdate()
#5 F:\\Coding\\Web\\Laravel\\agenda\\agenda\\vendor\\laravel\\framework\\src\\Illuminate\\Routing\\Route.php(265): Illuminate\\Routing\\ControllerDispatcher->dispatch(Object(Illuminate\\Routing\\Route), Object(Livewire\\Mechanisms\\HandleRequests\\HandleRequests), 'handleUpdate')
#6 F:\\Coding\\Web\\Laravel\\agenda\\agenda\\vendor\\laravel\\framework\\src\\Illuminate\\Routing\\Route.php(211): Illuminate\\Routing\\Route->runController()
#7 F:\\Coding\\Web\\Laravel\\agenda\\agenda\\vendor\\laravel\\framework\\src\\Illuminate\\Routing\\Router.php(808): Illuminate\\Routing\\Route->run()
#8 F:\\Coding\\Web\\Laravel\\agenda\\agenda\\vendor\\laravel\\framework\\src\\Illuminate\\Pipeline\\Pipeline.php(169): Illuminate\\Routing\\Router->Illuminate\\Routing\\{closure}(Object(Illuminate\\Http\\Request))
#9 F:\\Coding\\Web\\Laravel\\agenda\\agenda\\vendor\\laravel\\framework\\src\\Illuminate\\Routing\\Middleware\\SubstituteBindings.php(50): Illuminate\\Pipeline\\Pipeline->Illuminate\\Pipeline\\{closure}(Object(Illuminate\\Http\\Request))
#10 F:\\Coding\\Web\\Laravel\\agenda\\agenda\\vendor\\laravel\\framework\\src\\Illuminate\\Pipeline\\Pipeline.php(208): Illuminate\\Routing\\Middleware\\SubstituteBindings->handle(Object(Illuminate\\Http\\Request), Object(Closure))
#11 F:\\Coding\\Web\\Laravel\\agenda\\agenda\\vendor\\laravel\\framework\\src\\Illuminate\\Foundation\\Http\\Middleware\\VerifyCsrfToken.php(87): Illuminate\\Pipeline\\Pipeline->Illuminate\\Pipeline\\{closure}(Object(Illuminate\\Http\\Request))
#12 F:\\Coding\\Web\\Laravel\\agenda\\agenda\\vendor\\laravel\\framework\\src\\Illuminate\\Pipeline\\Pipeline.php(208): Illuminate\\Foundation\\Http\\Middleware\\VerifyCsrfToken->handle(Object(Illuminate\\Http\\Request), Object(Closure))
#13 F:\\Coding\\Web\\Laravel\\agenda\\agenda\\vendor\\laravel\\framework\\src\\Illuminate\\View\\Middleware\\ShareErrorsFromSession.php(48): Illuminate\\Pipeline\\Pipeline->Illuminate\\Pipeline\\{closure}(Object(Illuminate\\Http\\Request))
#14 F:\\Coding\\Web\\Laravel\\agenda\\agenda\\vendor\\laravel\\framework\\src\\Illuminate\\Pipeline\\Pipeline.php(208): Illuminate\\View\\Middleware\\ShareErrorsFromSession->handle(Object(Illuminate\\Http\\Request), Object(Closure))
#15 F:\\Coding\\Web\\Laravel\\agenda\\agenda\\vendor\\laravel\\framework\\src\\Illuminate\\Session\\Middleware\\StartSession.php(120): Illuminate\\Pipeline\\Pipeline->Illuminate\\Pipeline\\{closure}(Object(Illuminate\\Http\\Request))
#16 F:\\Coding\\Web\\Laravel\\agenda\\agenda\\vendor\\laravel\\framework\\src\\Illuminate\\Session\\Middleware\\StartSession.php(63): Illuminate\\Session\\Middleware\\StartSession->handleStatefulRequest(Object(Illuminate\\Http\\Request), Object(Illuminate\\Session\\Store), Object(Closure))
#17 F:\\Coding\\Web\\Laravel\\agenda\\agenda\\vendor\\laravel\\framework\\src\\Illuminate\\Pipeline\\Pipeline.php(208): Illuminate\\Session\\Middleware\\StartSession->handle(Object(Illuminate\\Http\\Request), Object(Closure))
#18 F:\\Coding\\Web\\Laravel\\agenda\\agenda\\vendor\\laravel\\framework\\src\\Illuminate\\Cookie\\Middleware\\AddQueuedCookiesToResponse.php(36): Illuminate\\Pipeline\\Pipeline->Illuminate\\Pipeline\\{closure}(Object(Illuminate\\Http\\Request))
#19 F:\\Coding\\Web\\Laravel\\agenda\\agenda\\vendor\\laravel\\framework\\src\\Illuminate\\Pipeline\\Pipeline.php(208): Illuminate\\Cookie\\Middleware\\AddQueuedCookiesToResponse->handle(Object(Illuminate\\Http\\Request), Object(Closure))
#20 F:\\Coding\\Web\\Laravel\\agenda\\agenda\\vendor\\laravel\\framework\\src\\Illuminate\\Cookie\\Middleware\\EncryptCookies.php(74): Illuminate\\Pipeline\\Pipeline->Illuminate\\Pipeline\\{closure}(Object(Illuminate\\Http\\Request))
#21 F:\\Coding\\Web\\Laravel\\agenda\\agenda\\vendor\\laravel\\framework\\src\\Illuminate\\Pipeline\\Pipeline.php(208): Illuminate\\Cookie\\Middleware\\EncryptCookies->handle(Object(Illuminate\\Http\\Request), Object(Closure))
#22 F:\\Coding\\Web\\Laravel\\agenda\\agenda\\vendor\\laravel\\framework\\src\\Illuminate\\Pipeline\\Pipeline.php(126): Illuminate\\Pipeline\\Pipeline->Illuminate\\Pipeline\\{closure}(Object(Illuminate\\Http\\Request))
#23 F:\\Coding\\Web\\Laravel\\agenda\\agenda\\vendor\\laravel\\framework\\src\\Illuminate\\Routing\\Router.php(807): Illuminate\\Pipeline\\Pipeline->then(Object(Closure))
#24 F:\\Coding\\Web\\Laravel\\agenda\\agenda\\vendor\\laravel\\framework\\src\\Illuminate\\Routing\\Router.php(786): Illuminate\\Routing\\Router->runRouteWithinStack(Object(Illuminate\\Routing\\Route), Object(Illuminate\\Http\\Request))
#25 F:\\Coding\\Web\\Laravel\\agenda\\agenda\\vendor\\laravel\\framework\\src\\Illuminate\\Routing\\Router.php(750): Illuminate\\Routing\\Router->runRoute(Object(Illuminate\\Http\\Request), Object(Illuminate\\Routing\\Route))
#26 F:\\Coding\\Web\\Laravel\\agenda\\agenda\\vendor\\laravel\\framework\\src\\Illuminate\\Routing\\Router.php(739): Illuminate\\Routing\\Router->dispatchToRoute(Object(Illuminate\\Http\\Request))
#27 F:\\Coding\\Web\\Laravel\\agenda\\agenda\\vendor\\laravel\\framework\\src\\Illuminate\\Foundation\\Http\\Kernel.php(200): Illuminate\\Routing\\Router->dispatch(Object(Illuminate\\Http\\Request))
#28 F:\\Coding\\Web\\Laravel\\agenda\\agenda\\vendor\\laravel\\framework\\src\\Illuminate\\Pipeline\\Pipeline.php(169): Illuminate\\Foundation\\Http\\Kernel->Illuminate\\Foundation\\Http\\{closure}(Object(Illuminate\\Http\\Request))
#29 F:\\Coding\\Web\\Laravel\\agenda\\agenda\\vendor\\livewire\\livewire\\src\\Features\\SupportDisablingBackButtonCache\\DisableBackButtonCacheMiddleware.php(19): Illuminate\\Pipeline\\Pipeline->Illuminate\\Pipeline\\{closure}(Object(Illuminate\\Http\\Request))
#30 F:\\Coding\\Web\\Laravel\\agenda\\agenda\\vendor\\laravel\\framework\\src\\Illuminate\\Pipeline\\Pipeline.php(208): Livewire\\Features\\SupportDisablingBackButtonCache\\DisableBackButtonCacheMiddleware->handle(Object(Illuminate\\Http\\Request), Object(Closure))
#31 F:\\Coding\\Web\\Laravel\\agenda\\agenda\\vendor\\laravel\\framework\\src\\Illuminate\\Foundation\\Http\\Middleware\\ConvertEmptyStringsToNull.php(27): Illuminate\\Pipeline\\Pipeline->Illuminate\\Pipeline\\{closure}(Object(Illuminate\\Http\\Request))
#32 F:\\Coding\\Web\\Laravel\\agenda\\agenda\\vendor\\laravel\\framework\\src\\Illuminate\\Pipeline\\Pipeline.php(208): Illuminate\\Foundation\\Http\\Middleware\\ConvertEmptyStringsToNull->handle(Object(Illuminate\\Http\\Request), Object(Closure))
#33 F:\\Coding\\Web\\Laravel\\agenda\\agenda\\vendor\\laravel\\framework\\src\\Illuminate\\Foundation\\Http\\Middleware\\TrimStrings.php(47): Illuminate\\Pipeline\\Pipeline->Illuminate\\Pipeline\\{closure}(Object(Illuminate\\Http\\Request))
#34 F:\\Coding\\Web\\Laravel\\agenda\\agenda\\vendor\\laravel\\framework\\src\\Illuminate\\Pipeline\\Pipeline.php(208): Illuminate\\Foundation\\Http\\Middleware\\TrimStrings->handle(Object(Illuminate\\Http\\Request), Object(Closure))
#35 F:\\Coding\\Web\\Laravel\\agenda\\agenda\\vendor\\laravel\\framework\\src\\Illuminate\\Http\\Middleware\\ValidatePostSize.php(27): Illuminate\\Pipeline\\Pipeline->Illuminate\\Pipeline\\{closure}(Object(Illuminate\\Http\\Request))
#36 F:\\Coding\\Web\\Laravel\\agenda\\agenda\\vendor\\laravel\\framework\\src\\Illuminate\\Pipeline\\Pipeline.php(208): Illuminate\\Http\\Middleware\\ValidatePostSize->handle(Object(Illuminate\\Http\\Request), Object(Closure))
#37 F:\\Coding\\Web\\Laravel\\agenda\\agenda\\vendor\\laravel\\framework\\src\\Illuminate\\Foundation\\Http\\Middleware\\PreventRequestsDuringMaintenance.php(109): Illuminate\\Pipeline\\Pipeline->Illuminate\\Pipeline\\{closure}(Object(Illuminate\\Http\\Request))
#38 F:\\Coding\\Web\\Laravel\\agenda\\agenda\\vendor\\laravel\\framework\\src\\Illuminate\\Pipeline\\Pipeline.php(208): Illuminate\\Foundation\\Http\\Middleware\\PreventRequestsDuringMaintenance->handle(Object(Illuminate\\Http\\Request), Object(Closure))
#39 F:\\Coding\\Web\\Laravel\\agenda\\agenda\\vendor\\laravel\\framework\\src\\Illuminate\\Http\\Middleware\\HandleCors.php(48): Illuminate\\Pipeline\\Pipeline->Illuminate\\Pipeline\\{closure}(Object(Illuminate\\Http\\Request))
#40 F:\\Coding\\Web\\Laravel\\agenda\\agenda\\vendor\\laravel\\framework\\src\\Illuminate\\Pipeline\\Pipeline.php(208): Illuminate\\Http\\Middleware\\HandleCors->handle(Object(Illuminate\\Http\\Request), Object(Closure))
#41 F:\\Coding\\Web\\Laravel\\agenda\\agenda\\vendor\\laravel\\framework\\src\\Illuminate\\Http\\Middleware\\TrustProxies.php(58): Illuminate\\Pipeline\\Pipeline->Illuminate\\Pipeline\\{closure}(Object(Illuminate\\Http\\Request))
#42 F:\\Coding\\Web\\Laravel\\agenda\\agenda\\vendor\\laravel\\framework\\src\\Illuminate\\Pipeline\\Pipeline.php(208): Illuminate\\Http\\Middleware\\TrustProxies->handle(Object(Illuminate\\Http\\Request), Object(Closure))
#43 F:\\Coding\\Web\\Laravel\\agenda\\agenda\\vendor\\laravel\\framework\\src\\Illuminate\\Foundation\\Http\\Middleware\\InvokeDeferredCallbacks.php(22): Illuminate\\Pipeline\\Pipeline->Illuminate\\Pipeline\\{closure}(Object(Illuminate\\Http\\Request))
#44 F:\\Coding\\Web\\Laravel\\agenda\\agenda\\vendor\\laravel\\framework\\src\\Illuminate\\Pipeline\\Pipeline.php(208): Illuminate\\Foundation\\Http\\Middleware\\InvokeDeferredCallbacks->handle(Object(Illuminate\\Http\\Request), Object(Closure))
#45 F:\\Coding\\Web\\Laravel\\agenda\\agenda\\vendor\\laravel\\framework\\src\\Illuminate\\Http\\Middleware\\ValidatePathEncoding.php(26): Illuminate\\Pipeline\\Pipeline->Illuminate\\Pipeline\\{closure}(Object(Illuminate\\Http\\Request))
#46 F:\\Coding\\Web\\Laravel\\agenda\\agenda\\vendor\\laravel\\framework\\src\\Illuminate\\Pipeline\\Pipeline.php(208): Illuminate\\Http\\Middleware\\ValidatePathEncoding->handle(Object(Illuminate\\Http\\Request), Object(Closure))
#47 F:\\Coding\\Web\\Laravel\\agenda\\agenda\\vendor\\laravel\\framework\\src\\Illuminate\\Pipeline\\Pipeline.php(126): Illuminate\\Pipeline\\Pipeline->Illuminate\\Pipeline\\{closure}(Object(Illuminate\\Http\\Request))
#48 F:\\Coding\\Web\\Laravel\\agenda\\agenda\\vendor\\laravel\\framework\\src\\Illuminate\\Foundation\\Http\\Kernel.php(175): Illuminate\\Pipeline\\Pipeline->then(Object(Closure))
#49 F:\\Coding\\Web\\Laravel\\agenda\\agenda\\vendor\\laravel\\framework\\src\\Illuminate\\Foundation\\Http\\Kernel.php(144): Illuminate\\Foundation\\Http\\Kernel->sendRequestThroughRouter(Object(Illuminate\\Http\\Request))
#50 F:\\Coding\\Web\\Laravel\\agenda\\agenda\\vendor\\laravel\\framework\\src\\Illuminate\\Foundation\\Application.php(1219): Illuminate\\Foundation\\Http\\Kernel->handle(Object(Illuminate\\Http\\Request))
#51 F:\\Coding\\Web\\Laravel\\agenda\\agenda\\public\\index.php(20): Illuminate\\Foundation\\Application->handleRequest(Object(Illuminate\\Http\\Request))
#52 F:\\Coding\\Web\\Laravel\\agenda\\agenda\\vendor\\laravel\\framework\\src\\Illuminate\\Foundation\\resources\\server.php(23): require_once('F:\\\\Coding\\\\Web\\\\L...')
#53 {main}
"} 
[2025-09-10 14:07:35] local.ERROR: Unable to call component method. Public method [userboardManager] not found on component {"userId":1,"exception":"[object] (Livewire\\Exceptions\\MethodNotFoundException(code: 0): Unable to call component method. Public method [userboardManager] not found on component at F:\\Coding\\Web\\Laravel\\agenda\\agenda\\vendor\\livewire\\livewire\\src\\Mechanisms\\HandleComponents\\HandleComponents.php:488)
[stacktrace]
#0 F:\\Coding\\Web\\Laravel\\agenda\\agenda\\vendor\\livewire\\livewire\\src\\Mechanisms\\HandleComponents\\HandleComponents.php(101): Livewire\\Mechanisms\\HandleComponents\\HandleComponents->callMethods(Object(App\\Livewire\\Display\\UserBoard), Array, Object(Livewire\\Mechanisms\\HandleComponents\\ComponentContext))
#1 F:\\Coding\\Web\\Laravel\\agenda\\agenda\\vendor\\livewire\\livewire\\src\\LivewireManager.php(102): Livewire\\Mechanisms\\HandleComponents\\HandleComponents->update(Array, Array, Array)
#2 F:\\Coding\\Web\\Laravel\\agenda\\agenda\\vendor\\livewire\\volt\\src\\LivewireManager.php(35): Livewire\\LivewireManager->update(Array, Array, Array)
#3 F:\\Coding\\Web\\Laravel\\agenda\\agenda\\vendor\\livewire\\livewire\\src\\Mechanisms\\HandleRequests\\HandleRequests.php(94): Livewire\\Volt\\LivewireManager->update(Array, Array, Array)
#4 F:\\Coding\\Web\\Laravel\\agenda\\agenda\\vendor\\laravel\\framework\\src\\Illuminate\\Routing\\ControllerDispatcher.php(46): Livewire\\Mechanisms\\HandleRequests\\HandleRequests->handleUpdate()
#5 F:\\Coding\\Web\\Laravel\\agenda\\agenda\\vendor\\laravel\\framework\\src\\Illuminate\\Routing\\Route.php(265): Illuminate\\Routing\\ControllerDispatcher->dispatch(Object(Illuminate\\Routing\\Route), Object(Livewire\\Mechanisms\\HandleRequests\\HandleRequests), 'handleUpdate')
#6 F:\\Coding\\Web\\Laravel\\agenda\\agenda\\vendor\\laravel\\framework\\src\\Illuminate\\Routing\\Route.php(211): Illuminate\\Routing\\Route->runController()
#7 F:\\Coding\\Web\\Laravel\\agenda\\agenda\\vendor\\laravel\\framework\\src\\Illuminate\\Routing\\Router.php(808): Illuminate\\Routing\\Route->run()
#8 F:\\Coding\\Web\\Laravel\\agenda\\agenda\\vendor\\laravel\\framework\\src\\Illuminate\\Pipeline\\Pipeline.php(169): Illuminate\\Routing\\Router->Illuminate\\Routing\\{closure}(Object(Illuminate\\Http\\Request))
#9 F:\\Coding\\Web\\Laravel\\agenda\\agenda\\vendor\\laravel\\framework\\src\\Illuminate\\Routing\\Middleware\\SubstituteBindings.php(50): Illuminate\\Pipeline\\Pipeline->Illuminate\\Pipeline\\{closure}(Object(Illuminate\\Http\\Request))
#10 F:\\Coding\\Web\\Laravel\\agenda\\agenda\\vendor\\laravel\\framework\\src\\Illuminate\\Pipeline\\Pipeline.php(208): Illuminate\\Routing\\Middleware\\SubstituteBindings->handle(Object(Illuminate\\Http\\Request), Object(Closure))
#11 F:\\Coding\\Web\\Laravel\\agenda\\agenda\\vendor\\laravel\\framework\\src\\Illuminate\\Foundation\\Http\\Middleware\\VerifyCsrfToken.php(87): Illuminate\\Pipeline\\Pipeline->Illuminate\\Pipeline\\{closure}(Object(Illuminate\\Http\\Request))
#12 F:\\Coding\\Web\\Laravel\\agenda\\agenda\\vendor\\laravel\\framework\\src\\Illuminate\\Pipeline\\Pipeline.php(208): Illuminate\\Foundation\\Http\\Middleware\\VerifyCsrfToken->handle(Object(Illuminate\\Http\\Request), Object(Closure))
#13 F:\\Coding\\Web\\Laravel\\agenda\\agenda\\vendor\\laravel\\framework\\src\\Illuminate\\View\\Middleware\\ShareErrorsFromSession.php(48): Illuminate\\Pipeline\\Pipeline->Illuminate\\Pipeline\\{closure}(Object(Illuminate\\Http\\Request))
#14 F:\\Coding\\Web\\Laravel\\agenda\\agenda\\vendor\\laravel\\framework\\src\\Illuminate\\Pipeline\\Pipeline.php(208): Illuminate\\View\\Middleware\\ShareErrorsFromSession->handle(Object(Illuminate\\Http\\Request), Object(Closure))
#15 F:\\Coding\\Web\\Laravel\\agenda\\agenda\\vendor\\laravel\\framework\\src\\Illuminate\\Session\\Middleware\\StartSession.php(120): Illuminate\\Pipeline\\Pipeline->Illuminate\\Pipeline\\{closure}(Object(Illuminate\\Http\\Request))
#16 F:\\Coding\\Web\\Laravel\\agenda\\agenda\\vendor\\laravel\\framework\\src\\Illuminate\\Session\\Middleware\\StartSession.php(63): Illuminate\\Session\\Middleware\\StartSession->handleStatefulRequest(Object(Illuminate\\Http\\Request), Object(Illuminate\\Session\\Store), Object(Closure))
#17 F:\\Coding\\Web\\Laravel\\agenda\\agenda\\vendor\\laravel\\framework\\src\\Illuminate\\Pipeline\\Pipeline.php(208): Illuminate\\Session\\Middleware\\StartSession->handle(Object(Illuminate\\Http\\Request), Object(Closure))
#18 F:\\Coding\\Web\\Laravel\\agenda\\agenda\\vendor\\laravel\\framework\\src\\Illuminate\\Cookie\\Middleware\\AddQueuedCookiesToResponse.php(36): Illuminate\\Pipeline\\Pipeline->Illuminate\\Pipeline\\{closure}(Object(Illuminate\\Http\\Request))
#19 F:\\Coding\\Web\\Laravel\\agenda\\agenda\\vendor\\laravel\\framework\\src\\Illuminate\\Pipeline\\Pipeline.php(208): Illuminate\\Cookie\\Middleware\\AddQueuedCookiesToResponse->handle(Object(Illuminate\\Http\\Request), Object(Closure))
#20 F:\\Coding\\Web\\Laravel\\agenda\\agenda\\vendor\\laravel\\framework\\src\\Illuminate\\Cookie\\Middleware\\EncryptCookies.php(74): Illuminate\\Pipeline\\Pipeline->Illuminate\\Pipeline\\{closure}(Object(Illuminate\\Http\\Request))
#21 F:\\Coding\\Web\\Laravel\\agenda\\agenda\\vendor\\laravel\\framework\\src\\Illuminate\\Pipeline\\Pipeline.php(208): Illuminate\\Cookie\\Middleware\\EncryptCookies->handle(Object(Illuminate\\Http\\Request), Object(Closure))
#22 F:\\Coding\\Web\\Laravel\\agenda\\agenda\\vendor\\laravel\\framework\\src\\Illuminate\\Pipeline\\Pipeline.php(126): Illuminate\\Pipeline\\Pipeline->Illuminate\\Pipeline\\{closure}(Object(Illuminate\\Http\\Request))
#23 F:\\Coding\\Web\\Laravel\\agenda\\agenda\\vendor\\laravel\\framework\\src\\Illuminate\\Routing\\Router.php(807): Illuminate\\Pipeline\\Pipeline->then(Object(Closure))
#24 F:\\Coding\\Web\\Laravel\\agenda\\agenda\\vendor\\laravel\\framework\\src\\Illuminate\\Routing\\Router.php(786): Illuminate\\Routing\\Router->runRouteWithinStack(Object(Illuminate\\Routing\\Route), Object(Illuminate\\Http\\Request))
#25 F:\\Coding\\Web\\Laravel\\agenda\\agenda\\vendor\\laravel\\framework\\src\\Illuminate\\Routing\\Router.php(750): Illuminate\\Routing\\Router->runRoute(Object(Illuminate\\Http\\Request), Object(Illuminate\\Routing\\Route))
#26 F:\\Coding\\Web\\Laravel\\agenda\\agenda\\vendor\\laravel\\framework\\src\\Illuminate\\Routing\\Router.php(739): Illuminate\\Routing\\Router->dispatchToRoute(Object(Illuminate\\Http\\Request))
#27 F:\\Coding\\Web\\Laravel\\agenda\\agenda\\vendor\\laravel\\framework\\src\\Illuminate\\Foundation\\Http\\Kernel.php(200): Illuminate\\Routing\\Router->dispatch(Object(Illuminate\\Http\\Request))
#28 F:\\Coding\\Web\\Laravel\\agenda\\agenda\\vendor\\laravel\\framework\\src\\Illuminate\\Pipeline\\Pipeline.php(169): Illuminate\\Foundation\\Http\\Kernel->Illuminate\\Foundation\\Http\\{closure}(Object(Illuminate\\Http\\Request))
#29 F:\\Coding\\Web\\Laravel\\agenda\\agenda\\vendor\\livewire\\livewire\\src\\Features\\SupportDisablingBackButtonCache\\DisableBackButtonCacheMiddleware.php(19): Illuminate\\Pipeline\\Pipeline->Illuminate\\Pipeline\\{closure}(Object(Illuminate\\Http\\Request))
#30 F:\\Coding\\Web\\Laravel\\agenda\\agenda\\vendor\\laravel\\framework\\src\\Illuminate\\Pipeline\\Pipeline.php(208): Livewire\\Features\\SupportDisablingBackButtonCache\\DisableBackButtonCacheMiddleware->handle(Object(Illuminate\\Http\\Request), Object(Closure))
#31 F:\\Coding\\Web\\Laravel\\agenda\\agenda\\vendor\\laravel\\framework\\src\\Illuminate\\Foundation\\Http\\Middleware\\ConvertEmptyStringsToNull.php(27): Illuminate\\Pipeline\\Pipeline->Illuminate\\Pipeline\\{closure}(Object(Illuminate\\Http\\Request))
#32 F:\\Coding\\Web\\Laravel\\agenda\\agenda\\vendor\\laravel\\framework\\src\\Illuminate\\Pipeline\\Pipeline.php(208): Illuminate\\Foundation\\Http\\Middleware\\ConvertEmptyStringsToNull->handle(Object(Illuminate\\Http\\Request), Object(Closure))
#33 F:\\Coding\\Web\\Laravel\\agenda\\agenda\\vendor\\laravel\\framework\\src\\Illuminate\\Foundation\\Http\\Middleware\\TrimStrings.php(47): Illuminate\\Pipeline\\Pipeline->Illuminate\\Pipeline\\{closure}(Object(Illuminate\\Http\\Request))
#34 F:\\Coding\\Web\\Laravel\\agenda\\agenda\\vendor\\laravel\\framework\\src\\Illuminate\\Pipeline\\Pipeline.php(208): Illuminate\\Foundation\\Http\\Middleware\\TrimStrings->handle(Object(Illuminate\\Http\\Request), Object(Closure))
#35 F:\\Coding\\Web\\Laravel\\agenda\\agenda\\vendor\\laravel\\framework\\src\\Illuminate\\Http\\Middleware\\ValidatePostSize.php(27): Illuminate\\Pipeline\\Pipeline->Illuminate\\Pipeline\\{closure}(Object(Illuminate\\Http\\Request))
#36 F:\\Coding\\Web\\Laravel\\agenda\\agenda\\vendor\\laravel\\framework\\src\\Illuminate\\Pipeline\\Pipeline.php(208): Illuminate\\Http\\Middleware\\ValidatePostSize->handle(Object(Illuminate\\Http\\Request), Object(Closure))
#37 F:\\Coding\\Web\\Laravel\\agenda\\agenda\\vendor\\laravel\\framework\\src\\Illuminate\\Foundation\\Http\\Middleware\\PreventRequestsDuringMaintenance.php(109): Illuminate\\Pipeline\\Pipeline->Illuminate\\Pipeline\\{closure}(Object(Illuminate\\Http\\Request))
#38 F:\\Coding\\Web\\Laravel\\agenda\\agenda\\vendor\\laravel\\framework\\src\\Illuminate\\Pipeline\\Pipeline.php(208): Illuminate\\Foundation\\Http\\Middleware\\PreventRequestsDuringMaintenance->handle(Object(Illuminate\\Http\\Request), Object(Closure))
#39 F:\\Coding\\Web\\Laravel\\agenda\\agenda\\vendor\\laravel\\framework\\src\\Illuminate\\Http\\Middleware\\HandleCors.php(48): Illuminate\\Pipeline\\Pipeline->Illuminate\\Pipeline\\{closure}(Object(Illuminate\\Http\\Request))
#40 F:\\Coding\\Web\\Laravel\\agenda\\agenda\\vendor\\laravel\\framework\\src\\Illuminate\\Pipeline\\Pipeline.php(208): Illuminate\\Http\\Middleware\\HandleCors->handle(Object(Illuminate\\Http\\Request), Object(Closure))
#41 F:\\Coding\\Web\\Laravel\\agenda\\agenda\\vendor\\laravel\\framework\\src\\Illuminate\\Http\\Middleware\\TrustProxies.php(58): Illuminate\\Pipeline\\Pipeline->Illuminate\\Pipeline\\{closure}(Object(Illuminate\\Http\\Request))
#42 F:\\Coding\\Web\\Laravel\\agenda\\agenda\\vendor\\laravel\\framework\\src\\Illuminate\\Pipeline\\Pipeline.php(208): Illuminate\\Http\\Middleware\\TrustProxies->handle(Object(Illuminate\\Http\\Request), Object(Closure))
#43 F:\\Coding\\Web\\Laravel\\agenda\\agenda\\vendor\\laravel\\framework\\src\\Illuminate\\Foundation\\Http\\Middleware\\InvokeDeferredCallbacks.php(22): Illuminate\\Pipeline\\Pipeline->Illuminate\\Pipeline\\{closure}(Object(Illuminate\\Http\\Request))
#44 F:\\Coding\\Web\\Laravel\\agenda\\agenda\\vendor\\laravel\\framework\\src\\Illuminate\\Pipeline\\Pipeline.php(208): Illuminate\\Foundation\\Http\\Middleware\\InvokeDeferredCallbacks->handle(Object(Illuminate\\Http\\Request), Object(Closure))
#45 F:\\Coding\\Web\\Laravel\\agenda\\agenda\\vendor\\laravel\\framework\\src\\Illuminate\\Http\\Middleware\\ValidatePathEncoding.php(26): Illuminate\\Pipeline\\Pipeline->Illuminate\\Pipeline\\{closure}(Object(Illuminate\\Http\\Request))
#46 F:\\Coding\\Web\\Laravel\\agenda\\agenda\\vendor\\laravel\\framework\\src\\Illuminate\\Pipeline\\Pipeline.php(208): Illuminate\\Http\\Middleware\\ValidatePathEncoding->handle(Object(Illuminate\\Http\\Request), Object(Closure))
#47 F:\\Coding\\Web\\Laravel\\agenda\\agenda\\vendor\\laravel\\framework\\src\\Illuminate\\Pipeline\\Pipeline.php(126): Illuminate\\Pipeline\\Pipeline->Illuminate\\Pipeline\\{closure}(Object(Illuminate\\Http\\Request))
#48 F:\\Coding\\Web\\Laravel\\agenda\\agenda\\vendor\\laravel\\framework\\src\\Illuminate\\Foundation\\Http\\Kernel.php(175): Illuminate\\Pipeline\\Pipeline->then(Object(Closure))
#49 F:\\Coding\\Web\\Laravel\\agenda\\agenda\\vendor\\laravel\\framework\\src\\Illuminate\\Foundation\\Http\\Kernel.php(144): Illuminate\\Foundation\\Http\\Kernel->sendRequestThroughRouter(Object(Illuminate\\Http\\Request))
#50 F:\\Coding\\Web\\Laravel\\agenda\\agenda\\vendor\\laravel\\framework\\src\\Illuminate\\Foundation\\Application.php(1219): Illuminate\\Foundation\\Http\\Kernel->handle(Object(Illuminate\\Http\\Request))
#51 F:\\Coding\\Web\\Laravel\\agenda\\agenda\\public\\index.php(20): Illuminate\\Foundation\\Application->handleRequest(Object(Illuminate\\Http\\Request))
#52 F:\\Coding\\Web\\Laravel\\agenda\\agenda\\vendor\\laravel\\framework\\src\\Illuminate\\Foundation\\resources\\server.php(23): require_once('F:\\\\Coding\\\\Web\\\\L...')
#53 {main}
"} 
[2025-09-10 14:13:26] local.ERROR: Unable to call component method. Public method [userboardManager] not found on component {"userId":1,"exception":"[object] (Livewire\\Exceptions\\MethodNotFoundException(code: 0): Unable to call component method. Public method [userboardManager] not found on component at F:\\Coding\\Web\\Laravel\\agenda\\agenda\\vendor\\livewire\\livewire\\src\\Mechanisms\\HandleComponents\\HandleComponents.php:488)
[stacktrace]
#0 F:\\Coding\\Web\\Laravel\\agenda\\agenda\\vendor\\livewire\\livewire\\src\\Mechanisms\\HandleComponents\\HandleComponents.php(101): Livewire\\Mechanisms\\HandleComponents\\HandleComponents->callMethods(Object(App\\Livewire\\Display\\UserBoard), Array, Object(Livewire\\Mechanisms\\HandleComponents\\ComponentContext))
#1 F:\\Coding\\Web\\Laravel\\agenda\\agenda\\vendor\\livewire\\livewire\\src\\LivewireManager.php(102): Livewire\\Mechanisms\\HandleComponents\\HandleComponents->update(Array, Array, Array)
#2 F:\\Coding\\Web\\Laravel\\agenda\\agenda\\vendor\\livewire\\volt\\src\\LivewireManager.php(35): Livewire\\LivewireManager->update(Array, Array, Array)
#3 F:\\Coding\\Web\\Laravel\\agenda\\agenda\\vendor\\livewire\\livewire\\src\\Mechanisms\\HandleRequests\\HandleRequests.php(94): Livewire\\Volt\\LivewireManager->update(Array, Array, Array)
#4 F:\\Coding\\Web\\Laravel\\agenda\\agenda\\vendor\\laravel\\framework\\src\\Illuminate\\Routing\\ControllerDispatcher.php(46): Livewire\\Mechanisms\\HandleRequests\\HandleRequests->handleUpdate()
#5 F:\\Coding\\Web\\Laravel\\agenda\\agenda\\vendor\\laravel\\framework\\src\\Illuminate\\Routing\\Route.php(265): Illuminate\\Routing\\ControllerDispatcher->dispatch(Object(Illuminate\\Routing\\Route), Object(Livewire\\Mechanisms\\HandleRequests\\HandleRequests), 'handleUpdate')
#6 F:\\Coding\\Web\\Laravel\\agenda\\agenda\\vendor\\laravel\\framework\\src\\Illuminate\\Routing\\Route.php(211): Illuminate\\Routing\\Route->runController()
#7 F:\\Coding\\Web\\Laravel\\agenda\\agenda\\vendor\\laravel\\framework\\src\\Illuminate\\Routing\\Router.php(808): Illuminate\\Routing\\Route->run()
#8 F:\\Coding\\Web\\Laravel\\agenda\\agenda\\vendor\\laravel\\framework\\src\\Illuminate\\Pipeline\\Pipeline.php(169): Illuminate\\Routing\\Router->Illuminate\\Routing\\{closure}(Object(Illuminate\\Http\\Request))
#9 F:\\Coding\\Web\\Laravel\\agenda\\agenda\\vendor\\laravel\\framework\\src\\Illuminate\\Routing\\Middleware\\SubstituteBindings.php(50): Illuminate\\Pipeline\\Pipeline->Illuminate\\Pipeline\\{closure}(Object(Illuminate\\Http\\Request))
#10 F:\\Coding\\Web\\Laravel\\agenda\\agenda\\vendor\\laravel\\framework\\src\\Illuminate\\Pipeline\\Pipeline.php(208): Illuminate\\Routing\\Middleware\\SubstituteBindings->handle(Object(Illuminate\\Http\\Request), Object(Closure))
#11 F:\\Coding\\Web\\Laravel\\agenda\\agenda\\vendor\\laravel\\framework\\src\\Illuminate\\Foundation\\Http\\Middleware\\VerifyCsrfToken.php(87): Illuminate\\Pipeline\\Pipeline->Illuminate\\Pipeline\\{closure}(Object(Illuminate\\Http\\Request))
#12 F:\\Coding\\Web\\Laravel\\agenda\\agenda\\vendor\\laravel\\framework\\src\\Illuminate\\Pipeline\\Pipeline.php(208): Illuminate\\Foundation\\Http\\Middleware\\VerifyCsrfToken->handle(Object(Illuminate\\Http\\Request), Object(Closure))
#13 F:\\Coding\\Web\\Laravel\\agenda\\agenda\\vendor\\laravel\\framework\\src\\Illuminate\\View\\Middleware\\ShareErrorsFromSession.php(48): Illuminate\\Pipeline\\Pipeline->Illuminate\\Pipeline\\{closure}(Object(Illuminate\\Http\\Request))
#14 F:\\Coding\\Web\\Laravel\\agenda\\agenda\\vendor\\laravel\\framework\\src\\Illuminate\\Pipeline\\Pipeline.php(208): Illuminate\\View\\Middleware\\ShareErrorsFromSession->handle(Object(Illuminate\\Http\\Request), Object(Closure))
#15 F:\\Coding\\Web\\Laravel\\agenda\\agenda\\vendor\\laravel\\framework\\src\\Illuminate\\Session\\Middleware\\StartSession.php(120): Illuminate\\Pipeline\\Pipeline->Illuminate\\Pipeline\\{closure}(Object(Illuminate\\Http\\Request))
#16 F:\\Coding\\Web\\Laravel\\agenda\\agenda\\vendor\\laravel\\framework\\src\\Illuminate\\Session\\Middleware\\StartSession.php(63): Illuminate\\Session\\Middleware\\StartSession->handleStatefulRequest(Object(Illuminate\\Http\\Request), Object(Illuminate\\Session\\Store), Object(Closure))
#17 F:\\Coding\\Web\\Laravel\\agenda\\agenda\\vendor\\laravel\\framework\\src\\Illuminate\\Pipeline\\Pipeline.php(208): Illuminate\\Session\\Middleware\\StartSession->handle(Object(Illuminate\\Http\\Request), Object(Closure))
#18 F:\\Coding\\Web\\Laravel\\agenda\\agenda\\vendor\\laravel\\framework\\src\\Illuminate\\Cookie\\Middleware\\AddQueuedCookiesToResponse.php(36): Illuminate\\Pipeline\\Pipeline->Illuminate\\Pipeline\\{closure}(Object(Illuminate\\Http\\Request))
#19 F:\\Coding\\Web\\Laravel\\agenda\\agenda\\vendor\\laravel\\framework\\src\\Illuminate\\Pipeline\\Pipeline.php(208): Illuminate\\Cookie\\Middleware\\AddQueuedCookiesToResponse->handle(Object(Illuminate\\Http\\Request), Object(Closure))
#20 F:\\Coding\\Web\\Laravel\\agenda\\agenda\\vendor\\laravel\\framework\\src\\Illuminate\\Cookie\\Middleware\\EncryptCookies.php(74): Illuminate\\Pipeline\\Pipeline->Illuminate\\Pipeline\\{closure}(Object(Illuminate\\Http\\Request))
#21 F:\\Coding\\Web\\Laravel\\agenda\\agenda\\vendor\\laravel\\framework\\src\\Illuminate\\Pipeline\\Pipeline.php(208): Illuminate\\Cookie\\Middleware\\EncryptCookies->handle(Object(Illuminate\\Http\\Request), Object(Closure))
#22 F:\\Coding\\Web\\Laravel\\agenda\\agenda\\vendor\\laravel\\framework\\src\\Illuminate\\Pipeline\\Pipeline.php(126): Illuminate\\Pipeline\\Pipeline->Illuminate\\Pipeline\\{closure}(Object(Illuminate\\Http\\Request))
#23 F:\\Coding\\Web\\Laravel\\agenda\\agenda\\vendor\\laravel\\framework\\src\\Illuminate\\Routing\\Router.php(807): Illuminate\\Pipeline\\Pipeline->then(Object(Closure))
#24 F:\\Coding\\Web\\Laravel\\agenda\\agenda\\vendor\\laravel\\framework\\src\\Illuminate\\Routing\\Router.php(786): Illuminate\\Routing\\Router->runRouteWithinStack(Object(Illuminate\\Routing\\Route), Object(Illuminate\\Http\\Request))
#25 F:\\Coding\\Web\\Laravel\\agenda\\agenda\\vendor\\laravel\\framework\\src\\Illuminate\\Routing\\Router.php(750): Illuminate\\Routing\\Router->runRoute(Object(Illuminate\\Http\\Request), Object(Illuminate\\Routing\\Route))
#26 F:\\Coding\\Web\\Laravel\\agenda\\agenda\\vendor\\laravel\\framework\\src\\Illuminate\\Routing\\Router.php(739): Illuminate\\Routing\\Router->dispatchToRoute(Object(Illuminate\\Http\\Request))
#27 F:\\Coding\\Web\\Laravel\\agenda\\agenda\\vendor\\laravel\\framework\\src\\Illuminate\\Foundation\\Http\\Kernel.php(200): Illuminate\\Routing\\Router->dispatch(Object(Illuminate\\Http\\Request))
#28 F:\\Coding\\Web\\Laravel\\agenda\\agenda\\vendor\\laravel\\framework\\src\\Illuminate\\Pipeline\\Pipeline.php(169): Illuminate\\Foundation\\Http\\Kernel->Illuminate\\Foundation\\Http\\{closure}(Object(Illuminate\\Http\\Request))
#29 F:\\Coding\\Web\\Laravel\\agenda\\agenda\\vendor\\livewire\\livewire\\src\\Features\\SupportDisablingBackButtonCache\\DisableBackButtonCacheMiddleware.php(19): Illuminate\\Pipeline\\Pipeline->Illuminate\\Pipeline\\{closure}(Object(Illuminate\\Http\\Request))
#30 F:\\Coding\\Web\\Laravel\\agenda\\agenda\\vendor\\laravel\\framework\\src\\Illuminate\\Pipeline\\Pipeline.php(208): Livewire\\Features\\SupportDisablingBackButtonCache\\DisableBackButtonCacheMiddleware->handle(Object(Illuminate\\Http\\Request), Object(Closure))
#31 F:\\Coding\\Web\\Laravel\\agenda\\agenda\\vendor\\laravel\\framework\\src\\Illuminate\\Foundation\\Http\\Middleware\\ConvertEmptyStringsToNull.php(27): Illuminate\\Pipeline\\Pipeline->Illuminate\\Pipeline\\{closure}(Object(Illuminate\\Http\\Request))
#32 F:\\Coding\\Web\\Laravel\\agenda\\agenda\\vendor\\laravel\\framework\\src\\Illuminate\\Pipeline\\Pipeline.php(208): Illuminate\\Foundation\\Http\\Middleware\\ConvertEmptyStringsToNull->handle(Object(Illuminate\\Http\\Request), Object(Closure))
#33 F:\\Coding\\Web\\Laravel\\agenda\\agenda\\vendor\\laravel\\framework\\src\\Illuminate\\Foundation\\Http\\Middleware\\TrimStrings.php(47): Illuminate\\Pipeline\\Pipeline->Illuminate\\Pipeline\\{closure}(Object(Illuminate\\Http\\Request))
#34 F:\\Coding\\Web\\Laravel\\agenda\\agenda\\vendor\\laravel\\framework\\src\\Illuminate\\Pipeline\\Pipeline.php(208): Illuminate\\Foundation\\Http\\Middleware\\TrimStrings->handle(Object(Illuminate\\Http\\Request), Object(Closure))
#35 F:\\Coding\\Web\\Laravel\\agenda\\agenda\\vendor\\laravel\\framework\\src\\Illuminate\\Http\\Middleware\\ValidatePostSize.php(27): Illuminate\\Pipeline\\Pipeline->Illuminate\\Pipeline\\{closure}(Object(Illuminate\\Http\\Request))
#36 F:\\Coding\\Web\\Laravel\\agenda\\agenda\\vendor\\laravel\\framework\\src\\Illuminate\\Pipeline\\Pipeline.php(208): Illuminate\\Http\\Middleware\\ValidatePostSize->handle(Object(Illuminate\\Http\\Request), Object(Closure))
#37 F:\\Coding\\Web\\Laravel\\agenda\\agenda\\vendor\\laravel\\framework\\src\\Illuminate\\Foundation\\Http\\Middleware\\PreventRequestsDuringMaintenance.php(109): Illuminate\\Pipeline\\Pipeline->Illuminate\\Pipeline\\{closure}(Object(Illuminate\\Http\\Request))
#38 F:\\Coding\\Web\\Laravel\\agenda\\agenda\\vendor\\laravel\\framework\\src\\Illuminate\\Pipeline\\Pipeline.php(208): Illuminate\\Foundation\\Http\\Middleware\\PreventRequestsDuringMaintenance->handle(Object(Illuminate\\Http\\Request), Object(Closure))
#39 F:\\Coding\\Web\\Laravel\\agenda\\agenda\\vendor\\laravel\\framework\\src\\Illuminate\\Http\\Middleware\\HandleCors.php(48): Illuminate\\Pipeline\\Pipeline->Illuminate\\Pipeline\\{closure}(Object(Illuminate\\Http\\Request))
#40 F:\\Coding\\Web\\Laravel\\agenda\\agenda\\vendor\\laravel\\framework\\src\\Illuminate\\Pipeline\\Pipeline.php(208): Illuminate\\Http\\Middleware\\HandleCors->handle(Object(Illuminate\\Http\\Request), Object(Closure))
#41 F:\\Coding\\Web\\Laravel\\agenda\\agenda\\vendor\\laravel\\framework\\src\\Illuminate\\Http\\Middleware\\TrustProxies.php(58): Illuminate\\Pipeline\\Pipeline->Illuminate\\Pipeline\\{closure}(Object(Illuminate\\Http\\Request))
#42 F:\\Coding\\Web\\Laravel\\agenda\\agenda\\vendor\\laravel\\framework\\src\\Illuminate\\Pipeline\\Pipeline.php(208): Illuminate\\Http\\Middleware\\TrustProxies->handle(Object(Illuminate\\Http\\Request), Object(Closure))
#43 F:\\Coding\\Web\\Laravel\\agenda\\agenda\\vendor\\laravel\\framework\\src\\Illuminate\\Foundation\\Http\\Middleware\\InvokeDeferredCallbacks.php(22): Illuminate\\Pipeline\\Pipeline->Illuminate\\Pipeline\\{closure}(Object(Illuminate\\Http\\Request))
#44 F:\\Coding\\Web\\Laravel\\agenda\\agenda\\vendor\\laravel\\framework\\src\\Illuminate\\Pipeline\\Pipeline.php(208): Illuminate\\Foundation\\Http\\Middleware\\InvokeDeferredCallbacks->handle(Object(Illuminate\\Http\\Request), Object(Closure))
#45 F:\\Coding\\Web\\Laravel\\agenda\\agenda\\vendor\\laravel\\framework\\src\\Illuminate\\Http\\Middleware\\ValidatePathEncoding.php(26): Illuminate\\Pipeline\\Pipeline->Illuminate\\Pipeline\\{closure}(Object(Illuminate\\Http\\Request))
#46 F:\\Coding\\Web\\Laravel\\agenda\\agenda\\vendor\\laravel\\framework\\src\\Illuminate\\Pipeline\\Pipeline.php(208): Illuminate\\Http\\Middleware\\ValidatePathEncoding->handle(Object(Illuminate\\Http\\Request), Object(Closure))
#47 F:\\Coding\\Web\\Laravel\\agenda\\agenda\\vendor\\laravel\\framework\\src\\Illuminate\\Pipeline\\Pipeline.php(126): Illuminate\\Pipeline\\Pipeline->Illuminate\\Pipeline\\{closure}(Object(Illuminate\\Http\\Request))
#48 F:\\Coding\\Web\\Laravel\\agenda\\agenda\\vendor\\laravel\\framework\\src\\Illuminate\\Foundation\\Http\\Kernel.php(175): Illuminate\\Pipeline\\Pipeline->then(Object(Closure))
#49 F:\\Coding\\Web\\Laravel\\agenda\\agenda\\vendor\\laravel\\framework\\src\\Illuminate\\Foundation\\Http\\Kernel.php(144): Illuminate\\Foundation\\Http\\Kernel->sendRequestThroughRouter(Object(Illuminate\\Http\\Request))
#50 F:\\Coding\\Web\\Laravel\\agenda\\agenda\\vendor\\laravel\\framework\\src\\Illuminate\\Foundation\\Application.php(1219): Illuminate\\Foundation\\Http\\Kernel->handle(Object(Illuminate\\Http\\Request))
#51 F:\\Coding\\Web\\Laravel\\agenda\\agenda\\public\\index.php(20): Illuminate\\Foundation\\Application->handleRequest(Object(Illuminate\\Http\\Request))
#52 F:\\Coding\\Web\\Laravel\\agenda\\agenda\\vendor\\laravel\\framework\\src\\Illuminate\\Foundation\\resources\\server.php(23): require_once('F:\\\\Coding\\\\Web\\\\L...')
#53 {main}
"} 
[2025-09-10 14:13:30] local.ERROR: Unable to call component method. Public method [userboardManager] not found on component {"userId":1,"exception":"[object] (Livewire\\Exceptions\\MethodNotFoundException(code: 0): Unable to call component method. Public method [userboardManager] not found on component at F:\\Coding\\Web\\Laravel\\agenda\\agenda\\vendor\\livewire\\livewire\\src\\Mechanisms\\HandleComponents\\HandleComponents.php:488)
[stacktrace]
#0 F:\\Coding\\Web\\Laravel\\agenda\\agenda\\vendor\\livewire\\livewire\\src\\Mechanisms\\HandleComponents\\HandleComponents.php(101): Livewire\\Mechanisms\\HandleComponents\\HandleComponents->callMethods(Object(App\\Livewire\\Display\\UserBoard), Array, Object(Livewire\\Mechanisms\\HandleComponents\\ComponentContext))
#1 F:\\Coding\\Web\\Laravel\\agenda\\agenda\\vendor\\livewire\\livewire\\src\\LivewireManager.php(102): Livewire\\Mechanisms\\HandleComponents\\HandleComponents->update(Array, Array, Array)
#2 F:\\Coding\\Web\\Laravel\\agenda\\agenda\\vendor\\livewire\\volt\\src\\LivewireManager.php(35): Livewire\\LivewireManager->update(Array, Array, Array)
#3 F:\\Coding\\Web\\Laravel\\agenda\\agenda\\vendor\\livewire\\livewire\\src\\Mechanisms\\HandleRequests\\HandleRequests.php(94): Livewire\\Volt\\LivewireManager->update(Array, Array, Array)
#4 F:\\Coding\\Web\\Laravel\\agenda\\agenda\\vendor\\laravel\\framework\\src\\Illuminate\\Routing\\ControllerDispatcher.php(46): Livewire\\Mechanisms\\HandleRequests\\HandleRequests->handleUpdate()
#5 F:\\Coding\\Web\\Laravel\\agenda\\agenda\\vendor\\laravel\\framework\\src\\Illuminate\\Routing\\Route.php(265): Illuminate\\Routing\\ControllerDispatcher->dispatch(Object(Illuminate\\Routing\\Route), Object(Livewire\\Mechanisms\\HandleRequests\\HandleRequests), 'handleUpdate')
#6 F:\\Coding\\Web\\Laravel\\agenda\\agenda\\vendor\\laravel\\framework\\src\\Illuminate\\Routing\\Route.php(211): Illuminate\\Routing\\Route->runController()
#7 F:\\Coding\\Web\\Laravel\\agenda\\agenda\\vendor\\laravel\\framework\\src\\Illuminate\\Routing\\Router.php(808): Illuminate\\Routing\\Route->run()
#8 F:\\Coding\\Web\\Laravel\\agenda\\agenda\\vendor\\laravel\\framework\\src\\Illuminate\\Pipeline\\Pipeline.php(169): Illuminate\\Routing\\Router->Illuminate\\Routing\\{closure}(Object(Illuminate\\Http\\Request))
#9 F:\\Coding\\Web\\Laravel\\agenda\\agenda\\vendor\\laravel\\framework\\src\\Illuminate\\Routing\\Middleware\\SubstituteBindings.php(50): Illuminate\\Pipeline\\Pipeline->Illuminate\\Pipeline\\{closure}(Object(Illuminate\\Http\\Request))
#10 F:\\Coding\\Web\\Laravel\\agenda\\agenda\\vendor\\laravel\\framework\\src\\Illuminate\\Pipeline\\Pipeline.php(208): Illuminate\\Routing\\Middleware\\SubstituteBindings->handle(Object(Illuminate\\Http\\Request), Object(Closure))
#11 F:\\Coding\\Web\\Laravel\\agenda\\agenda\\vendor\\laravel\\framework\\src\\Illuminate\\Foundation\\Http\\Middleware\\VerifyCsrfToken.php(87): Illuminate\\Pipeline\\Pipeline->Illuminate\\Pipeline\\{closure}(Object(Illuminate\\Http\\Request))
#12 F:\\Coding\\Web\\Laravel\\agenda\\agenda\\vendor\\laravel\\framework\\src\\Illuminate\\Pipeline\\Pipeline.php(208): Illuminate\\Foundation\\Http\\Middleware\\VerifyCsrfToken->handle(Object(Illuminate\\Http\\Request), Object(Closure))
#13 F:\\Coding\\Web\\Laravel\\agenda\\agenda\\vendor\\laravel\\framework\\src\\Illuminate\\View\\Middleware\\ShareErrorsFromSession.php(48): Illuminate\\Pipeline\\Pipeline->Illuminate\\Pipeline\\{closure}(Object(Illuminate\\Http\\Request))
#14 F:\\Coding\\Web\\Laravel\\agenda\\agenda\\vendor\\laravel\\framework\\src\\Illuminate\\Pipeline\\Pipeline.php(208): Illuminate\\View\\Middleware\\ShareErrorsFromSession->handle(Object(Illuminate\\Http\\Request), Object(Closure))
#15 F:\\Coding\\Web\\Laravel\\agenda\\agenda\\vendor\\laravel\\framework\\src\\Illuminate\\Session\\Middleware\\StartSession.php(120): Illuminate\\Pipeline\\Pipeline->Illuminate\\Pipeline\\{closure}(Object(Illuminate\\Http\\Request))
#16 F:\\Coding\\Web\\Laravel\\agenda\\agenda\\vendor\\laravel\\framework\\src\\Illuminate\\Session\\Middleware\\StartSession.php(63): Illuminate\\Session\\Middleware\\StartSession->handleStatefulRequest(Object(Illuminate\\Http\\Request), Object(Illuminate\\Session\\Store), Object(Closure))
#17 F:\\Coding\\Web\\Laravel\\agenda\\agenda\\vendor\\laravel\\framework\\src\\Illuminate\\Pipeline\\Pipeline.php(208): Illuminate\\Session\\Middleware\\StartSession->handle(Object(Illuminate\\Http\\Request), Object(Closure))
#18 F:\\Coding\\Web\\Laravel\\agenda\\agenda\\vendor\\laravel\\framework\\src\\Illuminate\\Cookie\\Middleware\\AddQueuedCookiesToResponse.php(36): Illuminate\\Pipeline\\Pipeline->Illuminate\\Pipeline\\{closure}(Object(Illuminate\\Http\\Request))
#19 F:\\Coding\\Web\\Laravel\\agenda\\agenda\\vendor\\laravel\\framework\\src\\Illuminate\\Pipeline\\Pipeline.php(208): Illuminate\\Cookie\\Middleware\\AddQueuedCookiesToResponse->handle(Object(Illuminate\\Http\\Request), Object(Closure))
#20 F:\\Coding\\Web\\Laravel\\agenda\\agenda\\vendor\\laravel\\framework\\src\\Illuminate\\Cookie\\Middleware\\EncryptCookies.php(74): Illuminate\\Pipeline\\Pipeline->Illuminate\\Pipeline\\{closure}(Object(Illuminate\\Http\\Request))
#21 F:\\Coding\\Web\\Laravel\\agenda\\agenda\\vendor\\laravel\\framework\\src\\Illuminate\\Pipeline\\Pipeline.php(208): Illuminate\\Cookie\\Middleware\\EncryptCookies->handle(Object(Illuminate\\Http\\Request), Object(Closure))
#22 F:\\Coding\\Web\\Laravel\\agenda\\agenda\\vendor\\laravel\\framework\\src\\Illuminate\\Pipeline\\Pipeline.php(126): Illuminate\\Pipeline\\Pipeline->Illuminate\\Pipeline\\{closure}(Object(Illuminate\\Http\\Request))
#23 F:\\Coding\\Web\\Laravel\\agenda\\agenda\\vendor\\laravel\\framework\\src\\Illuminate\\Routing\\Router.php(807): Illuminate\\Pipeline\\Pipeline->then(Object(Closure))
#24 F:\\Coding\\Web\\Laravel\\agenda\\agenda\\vendor\\laravel\\framework\\src\\Illuminate\\Routing\\Router.php(786): Illuminate\\Routing\\Router->runRouteWithinStack(Object(Illuminate\\Routing\\Route), Object(Illuminate\\Http\\Request))
#25 F:\\Coding\\Web\\Laravel\\agenda\\agenda\\vendor\\laravel\\framework\\src\\Illuminate\\Routing\\Router.php(750): Illuminate\\Routing\\Router->runRoute(Object(Illuminate\\Http\\Request), Object(Illuminate\\Routing\\Route))
#26 F:\\Coding\\Web\\Laravel\\agenda\\agenda\\vendor\\laravel\\framework\\src\\Illuminate\\Routing\\Router.php(739): Illuminate\\Routing\\Router->dispatchToRoute(Object(Illuminate\\Http\\Request))
#27 F:\\Coding\\Web\\Laravel\\agenda\\agenda\\vendor\\laravel\\framework\\src\\Illuminate\\Foundation\\Http\\Kernel.php(200): Illuminate\\Routing\\Router->dispatch(Object(Illuminate\\Http\\Request))
#28 F:\\Coding\\Web\\Laravel\\agenda\\agenda\\vendor\\laravel\\framework\\src\\Illuminate\\Pipeline\\Pipeline.php(169): Illuminate\\Foundation\\Http\\Kernel->Illuminate\\Foundation\\Http\\{closure}(Object(Illuminate\\Http\\Request))
#29 F:\\Coding\\Web\\Laravel\\agenda\\agenda\\vendor\\livewire\\livewire\\src\\Features\\SupportDisablingBackButtonCache\\DisableBackButtonCacheMiddleware.php(19): Illuminate\\Pipeline\\Pipeline->Illuminate\\Pipeline\\{closure}(Object(Illuminate\\Http\\Request))
#30 F:\\Coding\\Web\\Laravel\\agenda\\agenda\\vendor\\laravel\\framework\\src\\Illuminate\\Pipeline\\Pipeline.php(208): Livewire\\Features\\SupportDisablingBackButtonCache\\DisableBackButtonCacheMiddleware->handle(Object(Illuminate\\Http\\Request), Object(Closure))
#31 F:\\Coding\\Web\\Laravel\\agenda\\agenda\\vendor\\laravel\\framework\\src\\Illuminate\\Foundation\\Http\\Middleware\\ConvertEmptyStringsToNull.php(27): Illuminate\\Pipeline\\Pipeline->Illuminate\\Pipeline\\{closure}(Object(Illuminate\\Http\\Request))
#32 F:\\Coding\\Web\\Laravel\\agenda\\agenda\\vendor\\laravel\\framework\\src\\Illuminate\\Pipeline\\Pipeline.php(208): Illuminate\\Foundation\\Http\\Middleware\\ConvertEmptyStringsToNull->handle(Object(Illuminate\\Http\\Request), Object(Closure))
#33 F:\\Coding\\Web\\Laravel\\agenda\\agenda\\vendor\\laravel\\framework\\src\\Illuminate\\Foundation\\Http\\Middleware\\TrimStrings.php(47): Illuminate\\Pipeline\\Pipeline->Illuminate\\Pipeline\\{closure}(Object(Illuminate\\Http\\Request))
#34 F:\\Coding\\Web\\Laravel\\agenda\\agenda\\vendor\\laravel\\framework\\src\\Illuminate\\Pipeline\\Pipeline.php(208): Illuminate\\Foundation\\Http\\Middleware\\TrimStrings->handle(Object(Illuminate\\Http\\Request), Object(Closure))
#35 F:\\Coding\\Web\\Laravel\\agenda\\agenda\\vendor\\laravel\\framework\\src\\Illuminate\\Http\\Middleware\\ValidatePostSize.php(27): Illuminate\\Pipeline\\Pipeline->Illuminate\\Pipeline\\{closure}(Object(Illuminate\\Http\\Request))
#36 F:\\Coding\\Web\\Laravel\\agenda\\agenda\\vendor\\laravel\\framework\\src\\Illuminate\\Pipeline\\Pipeline.php(208): Illuminate\\Http\\Middleware\\ValidatePostSize->handle(Object(Illuminate\\Http\\Request), Object(Closure))
#37 F:\\Coding\\Web\\Laravel\\agenda\\agenda\\vendor\\laravel\\framework\\src\\Illuminate\\Foundation\\Http\\Middleware\\PreventRequestsDuringMaintenance.php(109): Illuminate\\Pipeline\\Pipeline->Illuminate\\Pipeline\\{closure}(Object(Illuminate\\Http\\Request))
#38 F:\\Coding\\Web\\Laravel\\agenda\\agenda\\vendor\\laravel\\framework\\src\\Illuminate\\Pipeline\\Pipeline.php(208): Illuminate\\Foundation\\Http\\Middleware\\PreventRequestsDuringMaintenance->handle(Object(Illuminate\\Http\\Request), Object(Closure))
#39 F:\\Coding\\Web\\Laravel\\agenda\\agenda\\vendor\\laravel\\framework\\src\\Illuminate\\Http\\Middleware\\HandleCors.php(48): Illuminate\\Pipeline\\Pipeline->Illuminate\\Pipeline\\{closure}(Object(Illuminate\\Http\\Request))
#40 F:\\Coding\\Web\\Laravel\\agenda\\agenda\\vendor\\laravel\\framework\\src\\Illuminate\\Pipeline\\Pipeline.php(208): Illuminate\\Http\\Middleware\\HandleCors->handle(Object(Illuminate\\Http\\Request), Object(Closure))
#41 F:\\Coding\\Web\\Laravel\\agenda\\agenda\\vendor\\laravel\\framework\\src\\Illuminate\\Http\\Middleware\\TrustProxies.php(58): Illuminate\\Pipeline\\Pipeline->Illuminate\\Pipeline\\{closure}(Object(Illuminate\\Http\\Request))
#42 F:\\Coding\\Web\\Laravel\\agenda\\agenda\\vendor\\laravel\\framework\\src\\Illuminate\\Pipeline\\Pipeline.php(208): Illuminate\\Http\\Middleware\\TrustProxies->handle(Object(Illuminate\\Http\\Request), Object(Closure))
#43 F:\\Coding\\Web\\Laravel\\agenda\\agenda\\vendor\\laravel\\framework\\src\\Illuminate\\Foundation\\Http\\Middleware\\InvokeDeferredCallbacks.php(22): Illuminate\\Pipeline\\Pipeline->Illuminate\\Pipeline\\{closure}(Object(Illuminate\\Http\\Request))
#44 F:\\Coding\\Web\\Laravel\\agenda\\agenda\\vendor\\laravel\\framework\\src\\Illuminate\\Pipeline\\Pipeline.php(208): Illuminate\\Foundation\\Http\\Middleware\\InvokeDeferredCallbacks->handle(Object(Illuminate\\Http\\Request), Object(Closure))
#45 F:\\Coding\\Web\\Laravel\\agenda\\agenda\\vendor\\laravel\\framework\\src\\Illuminate\\Http\\Middleware\\ValidatePathEncoding.php(26): Illuminate\\Pipeline\\Pipeline->Illuminate\\Pipeline\\{closure}(Object(Illuminate\\Http\\Request))
#46 F:\\Coding\\Web\\Laravel\\agenda\\agenda\\vendor\\laravel\\framework\\src\\Illuminate\\Pipeline\\Pipeline.php(208): Illuminate\\Http\\Middleware\\ValidatePathEncoding->handle(Object(Illuminate\\Http\\Request), Object(Closure))
#47 F:\\Coding\\Web\\Laravel\\agenda\\agenda\\vendor\\laravel\\framework\\src\\Illuminate\\Pipeline\\Pipeline.php(126): Illuminate\\Pipeline\\Pipeline->Illuminate\\Pipeline\\{closure}(Object(Illuminate\\Http\\Request))
#48 F:\\Coding\\Web\\Laravel\\agenda\\agenda\\vendor\\laravel\\framework\\src\\Illuminate\\Foundation\\Http\\Kernel.php(175): Illuminate\\Pipeline\\Pipeline->then(Object(Closure))
#49 F:\\Coding\\Web\\Laravel\\agenda\\agenda\\vendor\\laravel\\framework\\src\\Illuminate\\Foundation\\Http\\Kernel.php(144): Illuminate\\Foundation\\Http\\Kernel->sendRequestThroughRouter(Object(Illuminate\\Http\\Request))
#50 F:\\Coding\\Web\\Laravel\\agenda\\agenda\\vendor\\laravel\\framework\\src\\Illuminate\\Foundation\\Application.php(1219): Illuminate\\Foundation\\Http\\Kernel->handle(Object(Illuminate\\Http\\Request))
#51 F:\\Coding\\Web\\Laravel\\agenda\\agenda\\public\\index.php(20): Illuminate\\Foundation\\Application->handleRequest(Object(Illuminate\\Http\\Request))
#52 F:\\Coding\\Web\\Laravel\\agenda\\agenda\\vendor\\laravel\\framework\\src\\Illuminate\\Foundation\\resources\\server.php(23): require_once('F:\\\\Coding\\\\Web\\\\L...')
#53 {main}
"} 
[2025-09-10 14:25:39] local.ERROR: Unable to call component method. Public method [userboardManager] not found on component {"userId":1,"exception":"[object] (Livewire\\Exceptions\\MethodNotFoundException(code: 0): Unable to call component method. Public method [userboardManager] not found on component at F:\\Coding\\Web\\Laravel\\agenda\\agenda\\vendor\\livewire\\livewire\\src\\Mechanisms\\HandleComponents\\HandleComponents.php:488)
[stacktrace]
#0 F:\\Coding\\Web\\Laravel\\agenda\\agenda\\vendor\\livewire\\livewire\\src\\Mechanisms\\HandleComponents\\HandleComponents.php(101): Livewire\\Mechanisms\\HandleComponents\\HandleComponents->callMethods(Object(App\\Livewire\\Display\\UserBoard), Array, Object(Livewire\\Mechanisms\\HandleComponents\\ComponentContext))
#1 F:\\Coding\\Web\\Laravel\\agenda\\agenda\\vendor\\livewire\\livewire\\src\\LivewireManager.php(102): Livewire\\Mechanisms\\HandleComponents\\HandleComponents->update(Array, Array, Array)
#2 F:\\Coding\\Web\\Laravel\\agenda\\agenda\\vendor\\livewire\\volt\\src\\LivewireManager.php(35): Livewire\\LivewireManager->update(Array, Array, Array)
#3 F:\\Coding\\Web\\Laravel\\agenda\\agenda\\vendor\\livewire\\livewire\\src\\Mechanisms\\HandleRequests\\HandleRequests.php(94): Livewire\\Volt\\LivewireManager->update(Array, Array, Array)
#4 F:\\Coding\\Web\\Laravel\\agenda\\agenda\\vendor\\laravel\\framework\\src\\Illuminate\\Routing\\ControllerDispatcher.php(46): Livewire\\Mechanisms\\HandleRequests\\HandleRequests->handleUpdate()
#5 F:\\Coding\\Web\\Laravel\\agenda\\agenda\\vendor\\laravel\\framework\\src\\Illuminate\\Routing\\Route.php(265): Illuminate\\Routing\\ControllerDispatcher->dispatch(Object(Illuminate\\Routing\\Route), Object(Livewire\\Mechanisms\\HandleRequests\\HandleRequests), 'handleUpdate')
#6 F:\\Coding\\Web\\Laravel\\agenda\\agenda\\vendor\\laravel\\framework\\src\\Illuminate\\Routing\\Route.php(211): Illuminate\\Routing\\Route->runController()
#7 F:\\Coding\\Web\\Laravel\\agenda\\agenda\\vendor\\laravel\\framework\\src\\Illuminate\\Routing\\Router.php(808): Illuminate\\Routing\\Route->run()
#8 F:\\Coding\\Web\\Laravel\\agenda\\agenda\\vendor\\laravel\\framework\\src\\Illuminate\\Pipeline\\Pipeline.php(169): Illuminate\\Routing\\Router->Illuminate\\Routing\\{closure}(Object(Illuminate\\Http\\Request))
#9 F:\\Coding\\Web\\Laravel\\agenda\\agenda\\vendor\\laravel\\framework\\src\\Illuminate\\Routing\\Middleware\\SubstituteBindings.php(50): Illuminate\\Pipeline\\Pipeline->Illuminate\\Pipeline\\{closure}(Object(Illuminate\\Http\\Request))
#10 F:\\Coding\\Web\\Laravel\\agenda\\agenda\\vendor\\laravel\\framework\\src\\Illuminate\\Pipeline\\Pipeline.php(208): Illuminate\\Routing\\Middleware\\SubstituteBindings->handle(Object(Illuminate\\Http\\Request), Object(Closure))
#11 F:\\Coding\\Web\\Laravel\\agenda\\agenda\\vendor\\laravel\\framework\\src\\Illuminate\\Foundation\\Http\\Middleware\\VerifyCsrfToken.php(87): Illuminate\\Pipeline\\Pipeline->Illuminate\\Pipeline\\{closure}(Object(Illuminate\\Http\\Request))
#12 F:\\Coding\\Web\\Laravel\\agenda\\agenda\\vendor\\laravel\\framework\\src\\Illuminate\\Pipeline\\Pipeline.php(208): Illuminate\\Foundation\\Http\\Middleware\\VerifyCsrfToken->handle(Object(Illuminate\\Http\\Request), Object(Closure))
#13 F:\\Coding\\Web\\Laravel\\agenda\\agenda\\vendor\\laravel\\framework\\src\\Illuminate\\View\\Middleware\\ShareErrorsFromSession.php(48): Illuminate\\Pipeline\\Pipeline->Illuminate\\Pipeline\\{closure}(Object(Illuminate\\Http\\Request))
#14 F:\\Coding\\Web\\Laravel\\agenda\\agenda\\vendor\\laravel\\framework\\src\\Illuminate\\Pipeline\\Pipeline.php(208): Illuminate\\View\\Middleware\\ShareErrorsFromSession->handle(Object(Illuminate\\Http\\Request), Object(Closure))
#15 F:\\Coding\\Web\\Laravel\\agenda\\agenda\\vendor\\laravel\\framework\\src\\Illuminate\\Session\\Middleware\\StartSession.php(120): Illuminate\\Pipeline\\Pipeline->Illuminate\\Pipeline\\{closure}(Object(Illuminate\\Http\\Request))
#16 F:\\Coding\\Web\\Laravel\\agenda\\agenda\\vendor\\laravel\\framework\\src\\Illuminate\\Session\\Middleware\\StartSession.php(63): Illuminate\\Session\\Middleware\\StartSession->handleStatefulRequest(Object(Illuminate\\Http\\Request), Object(Illuminate\\Session\\Store), Object(Closure))
#17 F:\\Coding\\Web\\Laravel\\agenda\\agenda\\vendor\\laravel\\framework\\src\\Illuminate\\Pipeline\\Pipeline.php(208): Illuminate\\Session\\Middleware\\StartSession->handle(Object(Illuminate\\Http\\Request), Object(Closure))
#18 F:\\Coding\\Web\\Laravel\\agenda\\agenda\\vendor\\laravel\\framework\\src\\Illuminate\\Cookie\\Middleware\\AddQueuedCookiesToResponse.php(36): Illuminate\\Pipeline\\Pipeline->Illuminate\\Pipeline\\{closure}(Object(Illuminate\\Http\\Request))
#19 F:\\Coding\\Web\\Laravel\\agenda\\agenda\\vendor\\laravel\\framework\\src\\Illuminate\\Pipeline\\Pipeline.php(208): Illuminate\\Cookie\\Middleware\\AddQueuedCookiesToResponse->handle(Object(Illuminate\\Http\\Request), Object(Closure))
#20 F:\\Coding\\Web\\Laravel\\agenda\\agenda\\vendor\\laravel\\framework\\src\\Illuminate\\Cookie\\Middleware\\EncryptCookies.php(74): Illuminate\\Pipeline\\Pipeline->Illuminate\\Pipeline\\{closure}(Object(Illuminate\\Http\\Request))
#21 F:\\Coding\\Web\\Laravel\\agenda\\agenda\\vendor\\laravel\\framework\\src\\Illuminate\\Pipeline\\Pipeline.php(208): Illuminate\\Cookie\\Middleware\\EncryptCookies->handle(Object(Illuminate\\Http\\Request), Object(Closure))
#22 F:\\Coding\\Web\\Laravel\\agenda\\agenda\\vendor\\laravel\\framework\\src\\Illuminate\\Pipeline\\Pipeline.php(126): Illuminate\\Pipeline\\Pipeline->Illuminate\\Pipeline\\{closure}(Object(Illuminate\\Http\\Request))
#23 F:\\Coding\\Web\\Laravel\\agenda\\agenda\\vendor\\laravel\\framework\\src\\Illuminate\\Routing\\Router.php(807): Illuminate\\Pipeline\\Pipeline->then(Object(Closure))
#24 F:\\Coding\\Web\\Laravel\\agenda\\agenda\\vendor\\laravel\\framework\\src\\Illuminate\\Routing\\Router.php(786): Illuminate\\Routing\\Router->runRouteWithinStack(Object(Illuminate\\Routing\\Route), Object(Illuminate\\Http\\Request))
#25 F:\\Coding\\Web\\Laravel\\agenda\\agenda\\vendor\\laravel\\framework\\src\\Illuminate\\Routing\\Router.php(750): Illuminate\\Routing\\Router->runRoute(Object(Illuminate\\Http\\Request), Object(Illuminate\\Routing\\Route))
#26 F:\\Coding\\Web\\Laravel\\agenda\\agenda\\vendor\\laravel\\framework\\src\\Illuminate\\Routing\\Router.php(739): Illuminate\\Routing\\Router->dispatchToRoute(Object(Illuminate\\Http\\Request))
#27 F:\\Coding\\Web\\Laravel\\agenda\\agenda\\vendor\\laravel\\framework\\src\\Illuminate\\Foundation\\Http\\Kernel.php(200): Illuminate\\Routing\\Router->dispatch(Object(Illuminate\\Http\\Request))
#28 F:\\Coding\\Web\\Laravel\\agenda\\agenda\\vendor\\laravel\\framework\\src\\Illuminate\\Pipeline\\Pipeline.php(169): Illuminate\\Foundation\\Http\\Kernel->Illuminate\\Foundation\\Http\\{closure}(Object(Illuminate\\Http\\Request))
#29 F:\\Coding\\Web\\Laravel\\agenda\\agenda\\vendor\\livewire\\livewire\\src\\Features\\SupportDisablingBackButtonCache\\DisableBackButtonCacheMiddleware.php(19): Illuminate\\Pipeline\\Pipeline->Illuminate\\Pipeline\\{closure}(Object(Illuminate\\Http\\Request))
#30 F:\\Coding\\Web\\Laravel\\agenda\\agenda\\vendor\\laravel\\framework\\src\\Illuminate\\Pipeline\\Pipeline.php(208): Livewire\\Features\\SupportDisablingBackButtonCache\\DisableBackButtonCacheMiddleware->handle(Object(Illuminate\\Http\\Request), Object(Closure))
#31 F:\\Coding\\Web\\Laravel\\agenda\\agenda\\vendor\\laravel\\framework\\src\\Illuminate\\Foundation\\Http\\Middleware\\ConvertEmptyStringsToNull.php(27): Illuminate\\Pipeline\\Pipeline->Illuminate\\Pipeline\\{closure}(Object(Illuminate\\Http\\Request))
#32 F:\\Coding\\Web\\Laravel\\agenda\\agenda\\vendor\\laravel\\framework\\src\\Illuminate\\Pipeline\\Pipeline.php(208): Illuminate\\Foundation\\Http\\Middleware\\ConvertEmptyStringsToNull->handle(Object(Illuminate\\Http\\Request), Object(Closure))
#33 F:\\Coding\\Web\\Laravel\\agenda\\agenda\\vendor\\laravel\\framework\\src\\Illuminate\\Foundation\\Http\\Middleware\\TrimStrings.php(47): Illuminate\\Pipeline\\Pipeline->Illuminate\\Pipeline\\{closure}(Object(Illuminate\\Http\\Request))
#34 F:\\Coding\\Web\\Laravel\\agenda\\agenda\\vendor\\laravel\\framework\\src\\Illuminate\\Pipeline\\Pipeline.php(208): Illuminate\\Foundation\\Http\\Middleware\\TrimStrings->handle(Object(Illuminate\\Http\\Request), Object(Closure))
#35 F:\\Coding\\Web\\Laravel\\agenda\\agenda\\vendor\\laravel\\framework\\src\\Illuminate\\Http\\Middleware\\ValidatePostSize.php(27): Illuminate\\Pipeline\\Pipeline->Illuminate\\Pipeline\\{closure}(Object(Illuminate\\Http\\Request))
#36 F:\\Coding\\Web\\Laravel\\agenda\\agenda\\vendor\\laravel\\framework\\src\\Illuminate\\Pipeline\\Pipeline.php(208): Illuminate\\Http\\Middleware\\ValidatePostSize->handle(Object(Illuminate\\Http\\Request), Object(Closure))
#37 F:\\Coding\\Web\\Laravel\\agenda\\agenda\\vendor\\laravel\\framework\\src\\Illuminate\\Foundation\\Http\\Middleware\\PreventRequestsDuringMaintenance.php(109): Illuminate\\Pipeline\\Pipeline->Illuminate\\Pipeline\\{closure}(Object(Illuminate\\Http\\Request))
#38 F:\\Coding\\Web\\Laravel\\agenda\\agenda\\vendor\\laravel\\framework\\src\\Illuminate\\Pipeline\\Pipeline.php(208): Illuminate\\Foundation\\Http\\Middleware\\PreventRequestsDuringMaintenance->handle(Object(Illuminate\\Http\\Request), Object(Closure))
#39 F:\\Coding\\Web\\Laravel\\agenda\\agenda\\vendor\\laravel\\framework\\src\\Illuminate\\Http\\Middleware\\HandleCors.php(48): Illuminate\\Pipeline\\Pipeline->Illuminate\\Pipeline\\{closure}(Object(Illuminate\\Http\\Request))
#40 F:\\Coding\\Web\\Laravel\\agenda\\agenda\\vendor\\laravel\\framework\\src\\Illuminate\\Pipeline\\Pipeline.php(208): Illuminate\\Http\\Middleware\\HandleCors->handle(Object(Illuminate\\Http\\Request), Object(Closure))
#41 F:\\Coding\\Web\\Laravel\\agenda\\agenda\\vendor\\laravel\\framework\\src\\Illuminate\\Http\\Middleware\\TrustProxies.php(58): Illuminate\\Pipeline\\Pipeline->Illuminate\\Pipeline\\{closure}(Object(Illuminate\\Http\\Request))
#42 F:\\Coding\\Web\\Laravel\\agenda\\agenda\\vendor\\laravel\\framework\\src\\Illuminate\\Pipeline\\Pipeline.php(208): Illuminate\\Http\\Middleware\\TrustProxies->handle(Object(Illuminate\\Http\\Request), Object(Closure))
#43 F:\\Coding\\Web\\Laravel\\agenda\\agenda\\vendor\\laravel\\framework\\src\\Illuminate\\Foundation\\Http\\Middleware\\InvokeDeferredCallbacks.php(22): Illuminate\\Pipeline\\Pipeline->Illuminate\\Pipeline\\{closure}(Object(Illuminate\\Http\\Request))
#44 F:\\Coding\\Web\\Laravel\\agenda\\agenda\\vendor\\laravel\\framework\\src\\Illuminate\\Pipeline\\Pipeline.php(208): Illuminate\\Foundation\\Http\\Middleware\\InvokeDeferredCallbacks->handle(Object(Illuminate\\Http\\Request), Object(Closure))
#45 F:\\Coding\\Web\\Laravel\\agenda\\agenda\\vendor\\laravel\\framework\\src\\Illuminate\\Http\\Middleware\\ValidatePathEncoding.php(26): Illuminate\\Pipeline\\Pipeline->Illuminate\\Pipeline\\{closure}(Object(Illuminate\\Http\\Request))
#46 F:\\Coding\\Web\\Laravel\\agenda\\agenda\\vendor\\laravel\\framework\\src\\Illuminate\\Pipeline\\Pipeline.php(208): Illuminate\\Http\\Middleware\\ValidatePathEncoding->handle(Object(Illuminate\\Http\\Request), Object(Closure))
#47 F:\\Coding\\Web\\Laravel\\agenda\\agenda\\vendor\\laravel\\framework\\src\\Illuminate\\Pipeline\\Pipeline.php(126): Illuminate\\Pipeline\\Pipeline->Illuminate\\Pipeline\\{closure}(Object(Illuminate\\Http\\Request))
#48 F:\\Coding\\Web\\Laravel\\agenda\\agenda\\vendor\\laravel\\framework\\src\\Illuminate\\Foundation\\Http\\Kernel.php(175): Illuminate\\Pipeline\\Pipeline->then(Object(Closure))
#49 F:\\Coding\\Web\\Laravel\\agenda\\agenda\\vendor\\laravel\\framework\\src\\Illuminate\\Foundation\\Http\\Kernel.php(144): Illuminate\\Foundation\\Http\\Kernel->sendRequestThroughRouter(Object(Illuminate\\Http\\Request))
#50 F:\\Coding\\Web\\Laravel\\agenda\\agenda\\vendor\\laravel\\framework\\src\\Illuminate\\Foundation\\Application.php(1219): Illuminate\\Foundation\\Http\\Kernel->handle(Object(Illuminate\\Http\\Request))
#51 F:\\Coding\\Web\\Laravel\\agenda\\agenda\\public\\index.php(20): Illuminate\\Foundation\\Application->handleRequest(Object(Illuminate\\Http\\Request))
#52 F:\\Coding\\Web\\Laravel\\agenda\\agenda\\vendor\\laravel\\framework\\src\\Illuminate\\Foundation\\resources\\server.php(23): require_once('F:\\\\Coding\\\\Web\\\\L...')
#53 {main}
"} 
[2025-09-10 14:25:40] local.ERROR: Unable to call component method. Public method [userboardManager] not found on component {"userId":1,"exception":"[object] (Livewire\\Exceptions\\MethodNotFoundException(code: 0): Unable to call component method. Public method [userboardManager] not found on component at F:\\Coding\\Web\\Laravel\\agenda\\agenda\\vendor\\livewire\\livewire\\src\\Mechanisms\\HandleComponents\\HandleComponents.php:488)
[stacktrace]
#0 F:\\Coding\\Web\\Laravel\\agenda\\agenda\\vendor\\livewire\\livewire\\src\\Mechanisms\\HandleComponents\\HandleComponents.php(101): Livewire\\Mechanisms\\HandleComponents\\HandleComponents->callMethods(Object(App\\Livewire\\Display\\UserBoard), Array, Object(Livewire\\Mechanisms\\HandleComponents\\ComponentContext))
#1 F:\\Coding\\Web\\Laravel\\agenda\\agenda\\vendor\\livewire\\livewire\\src\\LivewireManager.php(102): Livewire\\Mechanisms\\HandleComponents\\HandleComponents->update(Array, Array, Array)
#2 F:\\Coding\\Web\\Laravel\\agenda\\agenda\\vendor\\livewire\\volt\\src\\LivewireManager.php(35): Livewire\\LivewireManager->update(Array, Array, Array)
#3 F:\\Coding\\Web\\Laravel\\agenda\\agenda\\vendor\\livewire\\livewire\\src\\Mechanisms\\HandleRequests\\HandleRequests.php(94): Livewire\\Volt\\LivewireManager->update(Array, Array, Array)
#4 F:\\Coding\\Web\\Laravel\\agenda\\agenda\\vendor\\laravel\\framework\\src\\Illuminate\\Routing\\ControllerDispatcher.php(46): Livewire\\Mechanisms\\HandleRequests\\HandleRequests->handleUpdate()
#5 F:\\Coding\\Web\\Laravel\\agenda\\agenda\\vendor\\laravel\\framework\\src\\Illuminate\\Routing\\Route.php(265): Illuminate\\Routing\\ControllerDispatcher->dispatch(Object(Illuminate\\Routing\\Route), Object(Livewire\\Mechanisms\\HandleRequests\\HandleRequests), 'handleUpdate')
#6 F:\\Coding\\Web\\Laravel\\agenda\\agenda\\vendor\\laravel\\framework\\src\\Illuminate\\Routing\\Route.php(211): Illuminate\\Routing\\Route->runController()
#7 F:\\Coding\\Web\\Laravel\\agenda\\agenda\\vendor\\laravel\\framework\\src\\Illuminate\\Routing\\Router.php(808): Illuminate\\Routing\\Route->run()
#8 F:\\Coding\\Web\\Laravel\\agenda\\agenda\\vendor\\laravel\\framework\\src\\Illuminate\\Pipeline\\Pipeline.php(169): Illuminate\\Routing\\Router->Illuminate\\Routing\\{closure}(Object(Illuminate\\Http\\Request))
#9 F:\\Coding\\Web\\Laravel\\agenda\\agenda\\vendor\\laravel\\framework\\src\\Illuminate\\Routing\\Middleware\\SubstituteBindings.php(50): Illuminate\\Pipeline\\Pipeline->Illuminate\\Pipeline\\{closure}(Object(Illuminate\\Http\\Request))
#10 F:\\Coding\\Web\\Laravel\\agenda\\agenda\\vendor\\laravel\\framework\\src\\Illuminate\\Pipeline\\Pipeline.php(208): Illuminate\\Routing\\Middleware\\SubstituteBindings->handle(Object(Illuminate\\Http\\Request), Object(Closure))
#11 F:\\Coding\\Web\\Laravel\\agenda\\agenda\\vendor\\laravel\\framework\\src\\Illuminate\\Foundation\\Http\\Middleware\\VerifyCsrfToken.php(87): Illuminate\\Pipeline\\Pipeline->Illuminate\\Pipeline\\{closure}(Object(Illuminate\\Http\\Request))
#12 F:\\Coding\\Web\\Laravel\\agenda\\agenda\\vendor\\laravel\\framework\\src\\Illuminate\\Pipeline\\Pipeline.php(208): Illuminate\\Foundation\\Http\\Middleware\\VerifyCsrfToken->handle(Object(Illuminate\\Http\\Request), Object(Closure))
#13 F:\\Coding\\Web\\Laravel\\agenda\\agenda\\vendor\\laravel\\framework\\src\\Illuminate\\View\\Middleware\\ShareErrorsFromSession.php(48): Illuminate\\Pipeline\\Pipeline->Illuminate\\Pipeline\\{closure}(Object(Illuminate\\Http\\Request))
#14 F:\\Coding\\Web\\Laravel\\agenda\\agenda\\vendor\\laravel\\framework\\src\\Illuminate\\Pipeline\\Pipeline.php(208): Illuminate\\View\\Middleware\\ShareErrorsFromSession->handle(Object(Illuminate\\Http\\Request), Object(Closure))
#15 F:\\Coding\\Web\\Laravel\\agenda\\agenda\\vendor\\laravel\\framework\\src\\Illuminate\\Session\\Middleware\\StartSession.php(120): Illuminate\\Pipeline\\Pipeline->Illuminate\\Pipeline\\{closure}(Object(Illuminate\\Http\\Request))
#16 F:\\Coding\\Web\\Laravel\\agenda\\agenda\\vendor\\laravel\\framework\\src\\Illuminate\\Session\\Middleware\\StartSession.php(63): Illuminate\\Session\\Middleware\\StartSession->handleStatefulRequest(Object(Illuminate\\Http\\Request), Object(Illuminate\\Session\\Store), Object(Closure))
#17 F:\\Coding\\Web\\Laravel\\agenda\\agenda\\vendor\\laravel\\framework\\src\\Illuminate\\Pipeline\\Pipeline.php(208): Illuminate\\Session\\Middleware\\StartSession->handle(Object(Illuminate\\Http\\Request), Object(Closure))
#18 F:\\Coding\\Web\\Laravel\\agenda\\agenda\\vendor\\laravel\\framework\\src\\Illuminate\\Cookie\\Middleware\\AddQueuedCookiesToResponse.php(36): Illuminate\\Pipeline\\Pipeline->Illuminate\\Pipeline\\{closure}(Object(Illuminate\\Http\\Request))
#19 F:\\Coding\\Web\\Laravel\\agenda\\agenda\\vendor\\laravel\\framework\\src\\Illuminate\\Pipeline\\Pipeline.php(208): Illuminate\\Cookie\\Middleware\\AddQueuedCookiesToResponse->handle(Object(Illuminate\\Http\\Request), Object(Closure))
#20 F:\\Coding\\Web\\Laravel\\agenda\\agenda\\vendor\\laravel\\framework\\src\\Illuminate\\Cookie\\Middleware\\EncryptCookies.php(74): Illuminate\\Pipeline\\Pipeline->Illuminate\\Pipeline\\{closure}(Object(Illuminate\\Http\\Request))
#21 F:\\Coding\\Web\\Laravel\\agenda\\agenda\\vendor\\laravel\\framework\\src\\Illuminate\\Pipeline\\Pipeline.php(208): Illuminate\\Cookie\\Middleware\\EncryptCookies->handle(Object(Illuminate\\Http\\Request), Object(Closure))
#22 F:\\Coding\\Web\\Laravel\\agenda\\agenda\\vendor\\laravel\\framework\\src\\Illuminate\\Pipeline\\Pipeline.php(126): Illuminate\\Pipeline\\Pipeline->Illuminate\\Pipeline\\{closure}(Object(Illuminate\\Http\\Request))
#23 F:\\Coding\\Web\\Laravel\\agenda\\agenda\\vendor\\laravel\\framework\\src\\Illuminate\\Routing\\Router.php(807): Illuminate\\Pipeline\\Pipeline->then(Object(Closure))
#24 F:\\Coding\\Web\\Laravel\\agenda\\agenda\\vendor\\laravel\\framework\\src\\Illuminate\\Routing\\Router.php(786): Illuminate\\Routing\\Router->runRouteWithinStack(Object(Illuminate\\Routing\\Route), Object(Illuminate\\Http\\Request))
#25 F:\\Coding\\Web\\Laravel\\agenda\\agenda\\vendor\\laravel\\framework\\src\\Illuminate\\Routing\\Router.php(750): Illuminate\\Routing\\Router->runRoute(Object(Illuminate\\Http\\Request), Object(Illuminate\\Routing\\Route))
#26 F:\\Coding\\Web\\Laravel\\agenda\\agenda\\vendor\\laravel\\framework\\src\\Illuminate\\Routing\\Router.php(739): Illuminate\\Routing\\Router->dispatchToRoute(Object(Illuminate\\Http\\Request))
#27 F:\\Coding\\Web\\Laravel\\agenda\\agenda\\vendor\\laravel\\framework\\src\\Illuminate\\Foundation\\Http\\Kernel.php(200): Illuminate\\Routing\\Router->dispatch(Object(Illuminate\\Http\\Request))
#28 F:\\Coding\\Web\\Laravel\\agenda\\agenda\\vendor\\laravel\\framework\\src\\Illuminate\\Pipeline\\Pipeline.php(169): Illuminate\\Foundation\\Http\\Kernel->Illuminate\\Foundation\\Http\\{closure}(Object(Illuminate\\Http\\Request))
#29 F:\\Coding\\Web\\Laravel\\agenda\\agenda\\vendor\\livewire\\livewire\\src\\Features\\SupportDisablingBackButtonCache\\DisableBackButtonCacheMiddleware.php(19): Illuminate\\Pipeline\\Pipeline->Illuminate\\Pipeline\\{closure}(Object(Illuminate\\Http\\Request))
#30 F:\\Coding\\Web\\Laravel\\agenda\\agenda\\vendor\\laravel\\framework\\src\\Illuminate\\Pipeline\\Pipeline.php(208): Livewire\\Features\\SupportDisablingBackButtonCache\\DisableBackButtonCacheMiddleware->handle(Object(Illuminate\\Http\\Request), Object(Closure))
#31 F:\\Coding\\Web\\Laravel\\agenda\\agenda\\vendor\\laravel\\framework\\src\\Illuminate\\Foundation\\Http\\Middleware\\ConvertEmptyStringsToNull.php(27): Illuminate\\Pipeline\\Pipeline->Illuminate\\Pipeline\\{closure}(Object(Illuminate\\Http\\Request))
#32 F:\\Coding\\Web\\Laravel\\agenda\\agenda\\vendor\\laravel\\framework\\src\\Illuminate\\Pipeline\\Pipeline.php(208): Illuminate\\Foundation\\Http\\Middleware\\ConvertEmptyStringsToNull->handle(Object(Illuminate\\Http\\Request), Object(Closure))
#33 F:\\Coding\\Web\\Laravel\\agenda\\agenda\\vendor\\laravel\\framework\\src\\Illuminate\\Foundation\\Http\\Middleware\\TrimStrings.php(47): Illuminate\\Pipeline\\Pipeline->Illuminate\\Pipeline\\{closure}(Object(Illuminate\\Http\\Request))
#34 F:\\Coding\\Web\\Laravel\\agenda\\agenda\\vendor\\laravel\\framework\\src\\Illuminate\\Pipeline\\Pipeline.php(208): Illuminate\\Foundation\\Http\\Middleware\\TrimStrings->handle(Object(Illuminate\\Http\\Request), Object(Closure))
#35 F:\\Coding\\Web\\Laravel\\agenda\\agenda\\vendor\\laravel\\framework\\src\\Illuminate\\Http\\Middleware\\ValidatePostSize.php(27): Illuminate\\Pipeline\\Pipeline->Illuminate\\Pipeline\\{closure}(Object(Illuminate\\Http\\Request))
#36 F:\\Coding\\Web\\Laravel\\agenda\\agenda\\vendor\\laravel\\framework\\src\\Illuminate\\Pipeline\\Pipeline.php(208): Illuminate\\Http\\Middleware\\ValidatePostSize->handle(Object(Illuminate\\Http\\Request), Object(Closure))
#37 F:\\Coding\\Web\\Laravel\\agenda\\agenda\\vendor\\laravel\\framework\\src\\Illuminate\\Foundation\\Http\\Middleware\\PreventRequestsDuringMaintenance.php(109): Illuminate\\Pipeline\\Pipeline->Illuminate\\Pipeline\\{closure}(Object(Illuminate\\Http\\Request))
#38 F:\\Coding\\Web\\Laravel\\agenda\\agenda\\vendor\\laravel\\framework\\src\\Illuminate\\Pipeline\\Pipeline.php(208): Illuminate\\Foundation\\Http\\Middleware\\PreventRequestsDuringMaintenance->handle(Object(Illuminate\\Http\\Request), Object(Closure))
#39 F:\\Coding\\Web\\Laravel\\agenda\\agenda\\vendor\\laravel\\framework\\src\\Illuminate\\Http\\Middleware\\HandleCors.php(48): Illuminate\\Pipeline\\Pipeline->Illuminate\\Pipeline\\{closure}(Object(Illuminate\\Http\\Request))
#40 F:\\Coding\\Web\\Laravel\\agenda\\agenda\\vendor\\laravel\\framework\\src\\Illuminate\\Pipeline\\Pipeline.php(208): Illuminate\\Http\\Middleware\\HandleCors->handle(Object(Illuminate\\Http\\Request), Object(Closure))
#41 F:\\Coding\\Web\\Laravel\\agenda\\agenda\\vendor\\laravel\\framework\\src\\Illuminate\\Http\\Middleware\\TrustProxies.php(58): Illuminate\\Pipeline\\Pipeline->Illuminate\\Pipeline\\{closure}(Object(Illuminate\\Http\\Request))
#42 F:\\Coding\\Web\\Laravel\\agenda\\agenda\\vendor\\laravel\\framework\\src\\Illuminate\\Pipeline\\Pipeline.php(208): Illuminate\\Http\\Middleware\\TrustProxies->handle(Object(Illuminate\\Http\\Request), Object(Closure))
#43 F:\\Coding\\Web\\Laravel\\agenda\\agenda\\vendor\\laravel\\framework\\src\\Illuminate\\Foundation\\Http\\Middleware\\InvokeDeferredCallbacks.php(22): Illuminate\\Pipeline\\Pipeline->Illuminate\\Pipeline\\{closure}(Object(Illuminate\\Http\\Request))
#44 F:\\Coding\\Web\\Laravel\\agenda\\agenda\\vendor\\laravel\\framework\\src\\Illuminate\\Pipeline\\Pipeline.php(208): Illuminate\\Foundation\\Http\\Middleware\\InvokeDeferredCallbacks->handle(Object(Illuminate\\Http\\Request), Object(Closure))
#45 F:\\Coding\\Web\\Laravel\\agenda\\agenda\\vendor\\laravel\\framework\\src\\Illuminate\\Http\\Middleware\\ValidatePathEncoding.php(26): Illuminate\\Pipeline\\Pipeline->Illuminate\\Pipeline\\{closure}(Object(Illuminate\\Http\\Request))
#46 F:\\Coding\\Web\\Laravel\\agenda\\agenda\\vendor\\laravel\\framework\\src\\Illuminate\\Pipeline\\Pipeline.php(208): Illuminate\\Http\\Middleware\\ValidatePathEncoding->handle(Object(Illuminate\\Http\\Request), Object(Closure))
#47 F:\\Coding\\Web\\Laravel\\agenda\\agenda\\vendor\\laravel\\framework\\src\\Illuminate\\Pipeline\\Pipeline.php(126): Illuminate\\Pipeline\\Pipeline->Illuminate\\Pipeline\\{closure}(Object(Illuminate\\Http\\Request))
#48 F:\\Coding\\Web\\Laravel\\agenda\\agenda\\vendor\\laravel\\framework\\src\\Illuminate\\Foundation\\Http\\Kernel.php(175): Illuminate\\Pipeline\\Pipeline->then(Object(Closure))
#49 F:\\Coding\\Web\\Laravel\\agenda\\agenda\\vendor\\laravel\\framework\\src\\Illuminate\\Foundation\\Http\\Kernel.php(144): Illuminate\\Foundation\\Http\\Kernel->sendRequestThroughRouter(Object(Illuminate\\Http\\Request))
#50 F:\\Coding\\Web\\Laravel\\agenda\\agenda\\vendor\\laravel\\framework\\src\\Illuminate\\Foundation\\Application.php(1219): Illuminate\\Foundation\\Http\\Kernel->handle(Object(Illuminate\\Http\\Request))
#51 F:\\Coding\\Web\\Laravel\\agenda\\agenda\\public\\index.php(20): Illuminate\\Foundation\\Application->handleRequest(Object(Illuminate\\Http\\Request))
#52 F:\\Coding\\Web\\Laravel\\agenda\\agenda\\vendor\\laravel\\framework\\src\\Illuminate\\Foundation\\resources\\server.php(23): require_once('F:\\\\Coding\\\\Web\\\\L...')
#53 {main}
"} 
[2025-09-10 14:26:05] local.ERROR: Unable to call component method. Public method [userboardManager] not found on component {"userId":1,"exception":"[object] (Livewire\\Exceptions\\MethodNotFoundException(code: 0): Unable to call component method. Public method [userboardManager] not found on component at F:\\Coding\\Web\\Laravel\\agenda\\agenda\\vendor\\livewire\\livewire\\src\\Mechanisms\\HandleComponents\\HandleComponents.php:488)
[stacktrace]
#0 F:\\Coding\\Web\\Laravel\\agenda\\agenda\\vendor\\livewire\\livewire\\src\\Mechanisms\\HandleComponents\\HandleComponents.php(101): Livewire\\Mechanisms\\HandleComponents\\HandleComponents->callMethods(Object(App\\Livewire\\Display\\UserBoard), Array, Object(Livewire\\Mechanisms\\HandleComponents\\ComponentContext))
#1 F:\\Coding\\Web\\Laravel\\agenda\\agenda\\vendor\\livewire\\livewire\\src\\LivewireManager.php(102): Livewire\\Mechanisms\\HandleComponents\\HandleComponents->update(Array, Array, Array)
#2 F:\\Coding\\Web\\Laravel\\agenda\\agenda\\vendor\\livewire\\volt\\src\\LivewireManager.php(35): Livewire\\LivewireManager->update(Array, Array, Array)
#3 F:\\Coding\\Web\\Laravel\\agenda\\agenda\\vendor\\livewire\\livewire\\src\\Mechanisms\\HandleRequests\\HandleRequests.php(94): Livewire\\Volt\\LivewireManager->update(Array, Array, Array)
#4 F:\\Coding\\Web\\Laravel\\agenda\\agenda\\vendor\\laravel\\framework\\src\\Illuminate\\Routing\\ControllerDispatcher.php(46): Livewire\\Mechanisms\\HandleRequests\\HandleRequests->handleUpdate()
#5 F:\\Coding\\Web\\Laravel\\agenda\\agenda\\vendor\\laravel\\framework\\src\\Illuminate\\Routing\\Route.php(265): Illuminate\\Routing\\ControllerDispatcher->dispatch(Object(Illuminate\\Routing\\Route), Object(Livewire\\Mechanisms\\HandleRequests\\HandleRequests), 'handleUpdate')
#6 F:\\Coding\\Web\\Laravel\\agenda\\agenda\\vendor\\laravel\\framework\\src\\Illuminate\\Routing\\Route.php(211): Illuminate\\Routing\\Route->runController()
#7 F:\\Coding\\Web\\Laravel\\agenda\\agenda\\vendor\\laravel\\framework\\src\\Illuminate\\Routing\\Router.php(808): Illuminate\\Routing\\Route->run()
#8 F:\\Coding\\Web\\Laravel\\agenda\\agenda\\vendor\\laravel\\framework\\src\\Illuminate\\Pipeline\\Pipeline.php(169): Illuminate\\Routing\\Router->Illuminate\\Routing\\{closure}(Object(Illuminate\\Http\\Request))
#9 F:\\Coding\\Web\\Laravel\\agenda\\agenda\\vendor\\laravel\\framework\\src\\Illuminate\\Routing\\Middleware\\SubstituteBindings.php(50): Illuminate\\Pipeline\\Pipeline->Illuminate\\Pipeline\\{closure}(Object(Illuminate\\Http\\Request))
#10 F:\\Coding\\Web\\Laravel\\agenda\\agenda\\vendor\\laravel\\framework\\src\\Illuminate\\Pipeline\\Pipeline.php(208): Illuminate\\Routing\\Middleware\\SubstituteBindings->handle(Object(Illuminate\\Http\\Request), Object(Closure))
#11 F:\\Coding\\Web\\Laravel\\agenda\\agenda\\vendor\\laravel\\framework\\src\\Illuminate\\Foundation\\Http\\Middleware\\VerifyCsrfToken.php(87): Illuminate\\Pipeline\\Pipeline->Illuminate\\Pipeline\\{closure}(Object(Illuminate\\Http\\Request))
#12 F:\\Coding\\Web\\Laravel\\agenda\\agenda\\vendor\\laravel\\framework\\src\\Illuminate\\Pipeline\\Pipeline.php(208): Illuminate\\Foundation\\Http\\Middleware\\VerifyCsrfToken->handle(Object(Illuminate\\Http\\Request), Object(Closure))
#13 F:\\Coding\\Web\\Laravel\\agenda\\agenda\\vendor\\laravel\\framework\\src\\Illuminate\\View\\Middleware\\ShareErrorsFromSession.php(48): Illuminate\\Pipeline\\Pipeline->Illuminate\\Pipeline\\{closure}(Object(Illuminate\\Http\\Request))
#14 F:\\Coding\\Web\\Laravel\\agenda\\agenda\\vendor\\laravel\\framework\\src\\Illuminate\\Pipeline\\Pipeline.php(208): Illuminate\\View\\Middleware\\ShareErrorsFromSession->handle(Object(Illuminate\\Http\\Request), Object(Closure))
#15 F:\\Coding\\Web\\Laravel\\agenda\\agenda\\vendor\\laravel\\framework\\src\\Illuminate\\Session\\Middleware\\StartSession.php(120): Illuminate\\Pipeline\\Pipeline->Illuminate\\Pipeline\\{closure}(Object(Illuminate\\Http\\Request))
#16 F:\\Coding\\Web\\Laravel\\agenda\\agenda\\vendor\\laravel\\framework\\src\\Illuminate\\Session\\Middleware\\StartSession.php(63): Illuminate\\Session\\Middleware\\StartSession->handleStatefulRequest(Object(Illuminate\\Http\\Request), Object(Illuminate\\Session\\Store), Object(Closure))
#17 F:\\Coding\\Web\\Laravel\\agenda\\agenda\\vendor\\laravel\\framework\\src\\Illuminate\\Pipeline\\Pipeline.php(208): Illuminate\\Session\\Middleware\\StartSession->handle(Object(Illuminate\\Http\\Request), Object(Closure))
#18 F:\\Coding\\Web\\Laravel\\agenda\\agenda\\vendor\\laravel\\framework\\src\\Illuminate\\Cookie\\Middleware\\AddQueuedCookiesToResponse.php(36): Illuminate\\Pipeline\\Pipeline->Illuminate\\Pipeline\\{closure}(Object(Illuminate\\Http\\Request))
#19 F:\\Coding\\Web\\Laravel\\agenda\\agenda\\vendor\\laravel\\framework\\src\\Illuminate\\Pipeline\\Pipeline.php(208): Illuminate\\Cookie\\Middleware\\AddQueuedCookiesToResponse->handle(Object(Illuminate\\Http\\Request), Object(Closure))
#20 F:\\Coding\\Web\\Laravel\\agenda\\agenda\\vendor\\laravel\\framework\\src\\Illuminate\\Cookie\\Middleware\\EncryptCookies.php(74): Illuminate\\Pipeline\\Pipeline->Illuminate\\Pipeline\\{closure}(Object(Illuminate\\Http\\Request))
#21 F:\\Coding\\Web\\Laravel\\agenda\\agenda\\vendor\\laravel\\framework\\src\\Illuminate\\Pipeline\\Pipeline.php(208): Illuminate\\Cookie\\Middleware\\EncryptCookies->handle(Object(Illuminate\\Http\\Request), Object(Closure))
#22 F:\\Coding\\Web\\Laravel\\agenda\\agenda\\vendor\\laravel\\framework\\src\\Illuminate\\Pipeline\\Pipeline.php(126): Illuminate\\Pipeline\\Pipeline->Illuminate\\Pipeline\\{closure}(Object(Illuminate\\Http\\Request))
#23 F:\\Coding\\Web\\Laravel\\agenda\\agenda\\vendor\\laravel\\framework\\src\\Illuminate\\Routing\\Router.php(807): Illuminate\\Pipeline\\Pipeline->then(Object(Closure))
#24 F:\\Coding\\Web\\Laravel\\agenda\\agenda\\vendor\\laravel\\framework\\src\\Illuminate\\Routing\\Router.php(786): Illuminate\\Routing\\Router->runRouteWithinStack(Object(Illuminate\\Routing\\Route), Object(Illuminate\\Http\\Request))
#25 F:\\Coding\\Web\\Laravel\\agenda\\agenda\\vendor\\laravel\\framework\\src\\Illuminate\\Routing\\Router.php(750): Illuminate\\Routing\\Router->runRoute(Object(Illuminate\\Http\\Request), Object(Illuminate\\Routing\\Route))
#26 F:\\Coding\\Web\\Laravel\\agenda\\agenda\\vendor\\laravel\\framework\\src\\Illuminate\\Routing\\Router.php(739): Illuminate\\Routing\\Router->dispatchToRoute(Object(Illuminate\\Http\\Request))
#27 F:\\Coding\\Web\\Laravel\\agenda\\agenda\\vendor\\laravel\\framework\\src\\Illuminate\\Foundation\\Http\\Kernel.php(200): Illuminate\\Routing\\Router->dispatch(Object(Illuminate\\Http\\Request))
#28 F:\\Coding\\Web\\Laravel\\agenda\\agenda\\vendor\\laravel\\framework\\src\\Illuminate\\Pipeline\\Pipeline.php(169): Illuminate\\Foundation\\Http\\Kernel->Illuminate\\Foundation\\Http\\{closure}(Object(Illuminate\\Http\\Request))
#29 F:\\Coding\\Web\\Laravel\\agenda\\agenda\\vendor\\livewire\\livewire\\src\\Features\\SupportDisablingBackButtonCache\\DisableBackButtonCacheMiddleware.php(19): Illuminate\\Pipeline\\Pipeline->Illuminate\\Pipeline\\{closure}(Object(Illuminate\\Http\\Request))
#30 F:\\Coding\\Web\\Laravel\\agenda\\agenda\\vendor\\laravel\\framework\\src\\Illuminate\\Pipeline\\Pipeline.php(208): Livewire\\Features\\SupportDisablingBackButtonCache\\DisableBackButtonCacheMiddleware->handle(Object(Illuminate\\Http\\Request), Object(Closure))
#31 F:\\Coding\\Web\\Laravel\\agenda\\agenda\\vendor\\laravel\\framework\\src\\Illuminate\\Foundation\\Http\\Middleware\\ConvertEmptyStringsToNull.php(27): Illuminate\\Pipeline\\Pipeline->Illuminate\\Pipeline\\{closure}(Object(Illuminate\\Http\\Request))
#32 F:\\Coding\\Web\\Laravel\\agenda\\agenda\\vendor\\laravel\\framework\\src\\Illuminate\\Pipeline\\Pipeline.php(208): Illuminate\\Foundation\\Http\\Middleware\\ConvertEmptyStringsToNull->handle(Object(Illuminate\\Http\\Request), Object(Closure))
#33 F:\\Coding\\Web\\Laravel\\agenda\\agenda\\vendor\\laravel\\framework\\src\\Illuminate\\Foundation\\Http\\Middleware\\TrimStrings.php(47): Illuminate\\Pipeline\\Pipeline->Illuminate\\Pipeline\\{closure}(Object(Illuminate\\Http\\Request))
#34 F:\\Coding\\Web\\Laravel\\agenda\\agenda\\vendor\\laravel\\framework\\src\\Illuminate\\Pipeline\\Pipeline.php(208): Illuminate\\Foundation\\Http\\Middleware\\TrimStrings->handle(Object(Illuminate\\Http\\Request), Object(Closure))
#35 F:\\Coding\\Web\\Laravel\\agenda\\agenda\\vendor\\laravel\\framework\\src\\Illuminate\\Http\\Middleware\\ValidatePostSize.php(27): Illuminate\\Pipeline\\Pipeline->Illuminate\\Pipeline\\{closure}(Object(Illuminate\\Http\\Request))
#36 F:\\Coding\\Web\\Laravel\\agenda\\agenda\\vendor\\laravel\\framework\\src\\Illuminate\\Pipeline\\Pipeline.php(208): Illuminate\\Http\\Middleware\\ValidatePostSize->handle(Object(Illuminate\\Http\\Request), Object(Closure))
#37 F:\\Coding\\Web\\Laravel\\agenda\\agenda\\vendor\\laravel\\framework\\src\\Illuminate\\Foundation\\Http\\Middleware\\PreventRequestsDuringMaintenance.php(109): Illuminate\\Pipeline\\Pipeline->Illuminate\\Pipeline\\{closure}(Object(Illuminate\\Http\\Request))
#38 F:\\Coding\\Web\\Laravel\\agenda\\agenda\\vendor\\laravel\\framework\\src\\Illuminate\\Pipeline\\Pipeline.php(208): Illuminate\\Foundation\\Http\\Middleware\\PreventRequestsDuringMaintenance->handle(Object(Illuminate\\Http\\Request), Object(Closure))
#39 F:\\Coding\\Web\\Laravel\\agenda\\agenda\\vendor\\laravel\\framework\\src\\Illuminate\\Http\\Middleware\\HandleCors.php(48): Illuminate\\Pipeline\\Pipeline->Illuminate\\Pipeline\\{closure}(Object(Illuminate\\Http\\Request))
#40 F:\\Coding\\Web\\Laravel\\agenda\\agenda\\vendor\\laravel\\framework\\src\\Illuminate\\Pipeline\\Pipeline.php(208): Illuminate\\Http\\Middleware\\HandleCors->handle(Object(Illuminate\\Http\\Request), Object(Closure))
#41 F:\\Coding\\Web\\Laravel\\agenda\\agenda\\vendor\\laravel\\framework\\src\\Illuminate\\Http\\Middleware\\TrustProxies.php(58): Illuminate\\Pipeline\\Pipeline->Illuminate\\Pipeline\\{closure}(Object(Illuminate\\Http\\Request))
#42 F:\\Coding\\Web\\Laravel\\agenda\\agenda\\vendor\\laravel\\framework\\src\\Illuminate\\Pipeline\\Pipeline.php(208): Illuminate\\Http\\Middleware\\TrustProxies->handle(Object(Illuminate\\Http\\Request), Object(Closure))
#43 F:\\Coding\\Web\\Laravel\\agenda\\agenda\\vendor\\laravel\\framework\\src\\Illuminate\\Foundation\\Http\\Middleware\\InvokeDeferredCallbacks.php(22): Illuminate\\Pipeline\\Pipeline->Illuminate\\Pipeline\\{closure}(Object(Illuminate\\Http\\Request))
#44 F:\\Coding\\Web\\Laravel\\agenda\\agenda\\vendor\\laravel\\framework\\src\\Illuminate\\Pipeline\\Pipeline.php(208): Illuminate\\Foundation\\Http\\Middleware\\InvokeDeferredCallbacks->handle(Object(Illuminate\\Http\\Request), Object(Closure))
#45 F:\\Coding\\Web\\Laravel\\agenda\\agenda\\vendor\\laravel\\framework\\src\\Illuminate\\Http\\Middleware\\ValidatePathEncoding.php(26): Illuminate\\Pipeline\\Pipeline->Illuminate\\Pipeline\\{closure}(Object(Illuminate\\Http\\Request))
#46 F:\\Coding\\Web\\Laravel\\agenda\\agenda\\vendor\\laravel\\framework\\src\\Illuminate\\Pipeline\\Pipeline.php(208): Illuminate\\Http\\Middleware\\ValidatePathEncoding->handle(Object(Illuminate\\Http\\Request), Object(Closure))
#47 F:\\Coding\\Web\\Laravel\\agenda\\agenda\\vendor\\laravel\\framework\\src\\Illuminate\\Pipeline\\Pipeline.php(126): Illuminate\\Pipeline\\Pipeline->Illuminate\\Pipeline\\{closure}(Object(Illuminate\\Http\\Request))
#48 F:\\Coding\\Web\\Laravel\\agenda\\agenda\\vendor\\laravel\\framework\\src\\Illuminate\\Foundation\\Http\\Kernel.php(175): Illuminate\\Pipeline\\Pipeline->then(Object(Closure))
#49 F:\\Coding\\Web\\Laravel\\agenda\\agenda\\vendor\\laravel\\framework\\src\\Illuminate\\Foundation\\Http\\Kernel.php(144): Illuminate\\Foundation\\Http\\Kernel->sendRequestThroughRouter(Object(Illuminate\\Http\\Request))
#50 F:\\Coding\\Web\\Laravel\\agenda\\agenda\\vendor\\laravel\\framework\\src\\Illuminate\\Foundation\\Application.php(1219): Illuminate\\Foundation\\Http\\Kernel->handle(Object(Illuminate\\Http\\Request))
#51 F:\\Coding\\Web\\Laravel\\agenda\\agenda\\public\\index.php(20): Illuminate\\Foundation\\Application->handleRequest(Object(Illuminate\\Http\\Request))
#52 F:\\Coding\\Web\\Laravel\\agenda\\agenda\\vendor\\laravel\\framework\\src\\Illuminate\\Foundation\\resources\\server.php(23): require_once('F:\\\\Coding\\\\Web\\\\L...')
#53 {main}
"} 
[2025-09-10 14:26:35] local.ERROR: Unable to call component method. Public method [userboardManager] not found on component {"userId":1,"exception":"[object] (Livewire\\Exceptions\\MethodNotFoundException(code: 0): Unable to call component method. Public method [userboardManager] not found on component at F:\\Coding\\Web\\Laravel\\agenda\\agenda\\vendor\\livewire\\livewire\\src\\Mechanisms\\HandleComponents\\HandleComponents.php:488)
[stacktrace]
#0 F:\\Coding\\Web\\Laravel\\agenda\\agenda\\vendor\\livewire\\livewire\\src\\Mechanisms\\HandleComponents\\HandleComponents.php(101): Livewire\\Mechanisms\\HandleComponents\\HandleComponents->callMethods(Object(App\\Livewire\\Display\\UserBoard), Array, Object(Livewire\\Mechanisms\\HandleComponents\\ComponentContext))
#1 F:\\Coding\\Web\\Laravel\\agenda\\agenda\\vendor\\livewire\\livewire\\src\\LivewireManager.php(102): Livewire\\Mechanisms\\HandleComponents\\HandleComponents->update(Array, Array, Array)
#2 F:\\Coding\\Web\\Laravel\\agenda\\agenda\\vendor\\livewire\\volt\\src\\LivewireManager.php(35): Livewire\\LivewireManager->update(Array, Array, Array)
#3 F:\\Coding\\Web\\Laravel\\agenda\\agenda\\vendor\\livewire\\livewire\\src\\Mechanisms\\HandleRequests\\HandleRequests.php(94): Livewire\\Volt\\LivewireManager->update(Array, Array, Array)
#4 F:\\Coding\\Web\\Laravel\\agenda\\agenda\\vendor\\laravel\\framework\\src\\Illuminate\\Routing\\ControllerDispatcher.php(46): Livewire\\Mechanisms\\HandleRequests\\HandleRequests->handleUpdate()
#5 F:\\Coding\\Web\\Laravel\\agenda\\agenda\\vendor\\laravel\\framework\\src\\Illuminate\\Routing\\Route.php(265): Illuminate\\Routing\\ControllerDispatcher->dispatch(Object(Illuminate\\Routing\\Route), Object(Livewire\\Mechanisms\\HandleRequests\\HandleRequests), 'handleUpdate')
#6 F:\\Coding\\Web\\Laravel\\agenda\\agenda\\vendor\\laravel\\framework\\src\\Illuminate\\Routing\\Route.php(211): Illuminate\\Routing\\Route->runController()
#7 F:\\Coding\\Web\\Laravel\\agenda\\agenda\\vendor\\laravel\\framework\\src\\Illuminate\\Routing\\Router.php(808): Illuminate\\Routing\\Route->run()
#8 F:\\Coding\\Web\\Laravel\\agenda\\agenda\\vendor\\laravel\\framework\\src\\Illuminate\\Pipeline\\Pipeline.php(169): Illuminate\\Routing\\Router->Illuminate\\Routing\\{closure}(Object(Illuminate\\Http\\Request))
#9 F:\\Coding\\Web\\Laravel\\agenda\\agenda\\vendor\\laravel\\framework\\src\\Illuminate\\Routing\\Middleware\\SubstituteBindings.php(50): Illuminate\\Pipeline\\Pipeline->Illuminate\\Pipeline\\{closure}(Object(Illuminate\\Http\\Request))
#10 F:\\Coding\\Web\\Laravel\\agenda\\agenda\\vendor\\laravel\\framework\\src\\Illuminate\\Pipeline\\Pipeline.php(208): Illuminate\\Routing\\Middleware\\SubstituteBindings->handle(Object(Illuminate\\Http\\Request), Object(Closure))
#11 F:\\Coding\\Web\\Laravel\\agenda\\agenda\\vendor\\laravel\\framework\\src\\Illuminate\\Foundation\\Http\\Middleware\\VerifyCsrfToken.php(87): Illuminate\\Pipeline\\Pipeline->Illuminate\\Pipeline\\{closure}(Object(Illuminate\\Http\\Request))
#12 F:\\Coding\\Web\\Laravel\\agenda\\agenda\\vendor\\laravel\\framework\\src\\Illuminate\\Pipeline\\Pipeline.php(208): Illuminate\\Foundation\\Http\\Middleware\\VerifyCsrfToken->handle(Object(Illuminate\\Http\\Request), Object(Closure))
#13 F:\\Coding\\Web\\Laravel\\agenda\\agenda\\vendor\\laravel\\framework\\src\\Illuminate\\View\\Middleware\\ShareErrorsFromSession.php(48): Illuminate\\Pipeline\\Pipeline->Illuminate\\Pipeline\\{closure}(Object(Illuminate\\Http\\Request))
#14 F:\\Coding\\Web\\Laravel\\agenda\\agenda\\vendor\\laravel\\framework\\src\\Illuminate\\Pipeline\\Pipeline.php(208): Illuminate\\View\\Middleware\\ShareErrorsFromSession->handle(Object(Illuminate\\Http\\Request), Object(Closure))
#15 F:\\Coding\\Web\\Laravel\\agenda\\agenda\\vendor\\laravel\\framework\\src\\Illuminate\\Session\\Middleware\\StartSession.php(120): Illuminate\\Pipeline\\Pipeline->Illuminate\\Pipeline\\{closure}(Object(Illuminate\\Http\\Request))
#16 F:\\Coding\\Web\\Laravel\\agenda\\agenda\\vendor\\laravel\\framework\\src\\Illuminate\\Session\\Middleware\\StartSession.php(63): Illuminate\\Session\\Middleware\\StartSession->handleStatefulRequest(Object(Illuminate\\Http\\Request), Object(Illuminate\\Session\\Store), Object(Closure))
#17 F:\\Coding\\Web\\Laravel\\agenda\\agenda\\vendor\\laravel\\framework\\src\\Illuminate\\Pipeline\\Pipeline.php(208): Illuminate\\Session\\Middleware\\StartSession->handle(Object(Illuminate\\Http\\Request), Object(Closure))
#18 F:\\Coding\\Web\\Laravel\\agenda\\agenda\\vendor\\laravel\\framework\\src\\Illuminate\\Cookie\\Middleware\\AddQueuedCookiesToResponse.php(36): Illuminate\\Pipeline\\Pipeline->Illuminate\\Pipeline\\{closure}(Object(Illuminate\\Http\\Request))
#19 F:\\Coding\\Web\\Laravel\\agenda\\agenda\\vendor\\laravel\\framework\\src\\Illuminate\\Pipeline\\Pipeline.php(208): Illuminate\\Cookie\\Middleware\\AddQueuedCookiesToResponse->handle(Object(Illuminate\\Http\\Request), Object(Closure))
#20 F:\\Coding\\Web\\Laravel\\agenda\\agenda\\vendor\\laravel\\framework\\src\\Illuminate\\Cookie\\Middleware\\EncryptCookies.php(74): Illuminate\\Pipeline\\Pipeline->Illuminate\\Pipeline\\{closure}(Object(Illuminate\\Http\\Request))
#21 F:\\Coding\\Web\\Laravel\\agenda\\agenda\\vendor\\laravel\\framework\\src\\Illuminate\\Pipeline\\Pipeline.php(208): Illuminate\\Cookie\\Middleware\\EncryptCookies->handle(Object(Illuminate\\Http\\Request), Object(Closure))
#22 F:\\Coding\\Web\\Laravel\\agenda\\agenda\\vendor\\laravel\\framework\\src\\Illuminate\\Pipeline\\Pipeline.php(126): Illuminate\\Pipeline\\Pipeline->Illuminate\\Pipeline\\{closure}(Object(Illuminate\\Http\\Request))
#23 F:\\Coding\\Web\\Laravel\\agenda\\agenda\\vendor\\laravel\\framework\\src\\Illuminate\\Routing\\Router.php(807): Illuminate\\Pipeline\\Pipeline->then(Object(Closure))
#24 F:\\Coding\\Web\\Laravel\\agenda\\agenda\\vendor\\laravel\\framework\\src\\Illuminate\\Routing\\Router.php(786): Illuminate\\Routing\\Router->runRouteWithinStack(Object(Illuminate\\Routing\\Route), Object(Illuminate\\Http\\Request))
#25 F:\\Coding\\Web\\Laravel\\agenda\\agenda\\vendor\\laravel\\framework\\src\\Illuminate\\Routing\\Router.php(750): Illuminate\\Routing\\Router->runRoute(Object(Illuminate\\Http\\Request), Object(Illuminate\\Routing\\Route))
#26 F:\\Coding\\Web\\Laravel\\agenda\\agenda\\vendor\\laravel\\framework\\src\\Illuminate\\Routing\\Router.php(739): Illuminate\\Routing\\Router->dispatchToRoute(Object(Illuminate\\Http\\Request))
#27 F:\\Coding\\Web\\Laravel\\agenda\\agenda\\vendor\\laravel\\framework\\src\\Illuminate\\Foundation\\Http\\Kernel.php(200): Illuminate\\Routing\\Router->dispatch(Object(Illuminate\\Http\\Request))
#28 F:\\Coding\\Web\\Laravel\\agenda\\agenda\\vendor\\laravel\\framework\\src\\Illuminate\\Pipeline\\Pipeline.php(169): Illuminate\\Foundation\\Http\\Kernel->Illuminate\\Foundation\\Http\\{closure}(Object(Illuminate\\Http\\Request))
#29 F:\\Coding\\Web\\Laravel\\agenda\\agenda\\vendor\\livewire\\livewire\\src\\Features\\SupportDisablingBackButtonCache\\DisableBackButtonCacheMiddleware.php(19): Illuminate\\Pipeline\\Pipeline->Illuminate\\Pipeline\\{closure}(Object(Illuminate\\Http\\Request))
#30 F:\\Coding\\Web\\Laravel\\agenda\\agenda\\vendor\\laravel\\framework\\src\\Illuminate\\Pipeline\\Pipeline.php(208): Livewire\\Features\\SupportDisablingBackButtonCache\\DisableBackButtonCacheMiddleware->handle(Object(Illuminate\\Http\\Request), Object(Closure))
#31 F:\\Coding\\Web\\Laravel\\agenda\\agenda\\vendor\\laravel\\framework\\src\\Illuminate\\Foundation\\Http\\Middleware\\ConvertEmptyStringsToNull.php(27): Illuminate\\Pipeline\\Pipeline->Illuminate\\Pipeline\\{closure}(Object(Illuminate\\Http\\Request))
#32 F:\\Coding\\Web\\Laravel\\agenda\\agenda\\vendor\\laravel\\framework\\src\\Illuminate\\Pipeline\\Pipeline.php(208): Illuminate\\Foundation\\Http\\Middleware\\ConvertEmptyStringsToNull->handle(Object(Illuminate\\Http\\Request), Object(Closure))
#33 F:\\Coding\\Web\\Laravel\\agenda\\agenda\\vendor\\laravel\\framework\\src\\Illuminate\\Foundation\\Http\\Middleware\\TrimStrings.php(47): Illuminate\\Pipeline\\Pipeline->Illuminate\\Pipeline\\{closure}(Object(Illuminate\\Http\\Request))
#34 F:\\Coding\\Web\\Laravel\\agenda\\agenda\\vendor\\laravel\\framework\\src\\Illuminate\\Pipeline\\Pipeline.php(208): Illuminate\\Foundation\\Http\\Middleware\\TrimStrings->handle(Object(Illuminate\\Http\\Request), Object(Closure))
#35 F:\\Coding\\Web\\Laravel\\agenda\\agenda\\vendor\\laravel\\framework\\src\\Illuminate\\Http\\Middleware\\ValidatePostSize.php(27): Illuminate\\Pipeline\\Pipeline->Illuminate\\Pipeline\\{closure}(Object(Illuminate\\Http\\Request))
#36 F:\\Coding\\Web\\Laravel\\agenda\\agenda\\vendor\\laravel\\framework\\src\\Illuminate\\Pipeline\\Pipeline.php(208): Illuminate\\Http\\Middleware\\ValidatePostSize->handle(Object(Illuminate\\Http\\Request), Object(Closure))
#37 F:\\Coding\\Web\\Laravel\\agenda\\agenda\\vendor\\laravel\\framework\\src\\Illuminate\\Foundation\\Http\\Middleware\\PreventRequestsDuringMaintenance.php(109): Illuminate\\Pipeline\\Pipeline->Illuminate\\Pipeline\\{closure}(Object(Illuminate\\Http\\Request))
#38 F:\\Coding\\Web\\Laravel\\agenda\\agenda\\vendor\\laravel\\framework\\src\\Illuminate\\Pipeline\\Pipeline.php(208): Illuminate\\Foundation\\Http\\Middleware\\PreventRequestsDuringMaintenance->handle(Object(Illuminate\\Http\\Request), Object(Closure))
#39 F:\\Coding\\Web\\Laravel\\agenda\\agenda\\vendor\\laravel\\framework\\src\\Illuminate\\Http\\Middleware\\HandleCors.php(48): Illuminate\\Pipeline\\Pipeline->Illuminate\\Pipeline\\{closure}(Object(Illuminate\\Http\\Request))
#40 F:\\Coding\\Web\\Laravel\\agenda\\agenda\\vendor\\laravel\\framework\\src\\Illuminate\\Pipeline\\Pipeline.php(208): Illuminate\\Http\\Middleware\\HandleCors->handle(Object(Illuminate\\Http\\Request), Object(Closure))
#41 F:\\Coding\\Web\\Laravel\\agenda\\agenda\\vendor\\laravel\\framework\\src\\Illuminate\\Http\\Middleware\\TrustProxies.php(58): Illuminate\\Pipeline\\Pipeline->Illuminate\\Pipeline\\{closure}(Object(Illuminate\\Http\\Request))
#42 F:\\Coding\\Web\\Laravel\\agenda\\agenda\\vendor\\laravel\\framework\\src\\Illuminate\\Pipeline\\Pipeline.php(208): Illuminate\\Http\\Middleware\\TrustProxies->handle(Object(Illuminate\\Http\\Request), Object(Closure))
#43 F:\\Coding\\Web\\Laravel\\agenda\\agenda\\vendor\\laravel\\framework\\src\\Illuminate\\Foundation\\Http\\Middleware\\InvokeDeferredCallbacks.php(22): Illuminate\\Pipeline\\Pipeline->Illuminate\\Pipeline\\{closure}(Object(Illuminate\\Http\\Request))
#44 F:\\Coding\\Web\\Laravel\\agenda\\agenda\\vendor\\laravel\\framework\\src\\Illuminate\\Pipeline\\Pipeline.php(208): Illuminate\\Foundation\\Http\\Middleware\\InvokeDeferredCallbacks->handle(Object(Illuminate\\Http\\Request), Object(Closure))
#45 F:\\Coding\\Web\\Laravel\\agenda\\agenda\\vendor\\laravel\\framework\\src\\Illuminate\\Http\\Middleware\\ValidatePathEncoding.php(26): Illuminate\\Pipeline\\Pipeline->Illuminate\\Pipeline\\{closure}(Object(Illuminate\\Http\\Request))
#46 F:\\Coding\\Web\\Laravel\\agenda\\agenda\\vendor\\laravel\\framework\\src\\Illuminate\\Pipeline\\Pipeline.php(208): Illuminate\\Http\\Middleware\\ValidatePathEncoding->handle(Object(Illuminate\\Http\\Request), Object(Closure))
#47 F:\\Coding\\Web\\Laravel\\agenda\\agenda\\vendor\\laravel\\framework\\src\\Illuminate\\Pipeline\\Pipeline.php(126): Illuminate\\Pipeline\\Pipeline->Illuminate\\Pipeline\\{closure}(Object(Illuminate\\Http\\Request))
#48 F:\\Coding\\Web\\Laravel\\agenda\\agenda\\vendor\\laravel\\framework\\src\\Illuminate\\Foundation\\Http\\Kernel.php(175): Illuminate\\Pipeline\\Pipeline->then(Object(Closure))
#49 F:\\Coding\\Web\\Laravel\\agenda\\agenda\\vendor\\laravel\\framework\\src\\Illuminate\\Foundation\\Http\\Kernel.php(144): Illuminate\\Foundation\\Http\\Kernel->sendRequestThroughRouter(Object(Illuminate\\Http\\Request))
#50 F:\\Coding\\Web\\Laravel\\agenda\\agenda\\vendor\\laravel\\framework\\src\\Illuminate\\Foundation\\Application.php(1219): Illuminate\\Foundation\\Http\\Kernel->handle(Object(Illuminate\\Http\\Request))
#51 F:\\Coding\\Web\\Laravel\\agenda\\agenda\\public\\index.php(20): Illuminate\\Foundation\\Application->handleRequest(Object(Illuminate\\Http\\Request))
#52 F:\\Coding\\Web\\Laravel\\agenda\\agenda\\vendor\\laravel\\framework\\src\\Illuminate\\Foundation\\resources\\server.php(23): require_once('F:\\\\Coding\\\\Web\\\\L...')
#53 {main}
"} 
[2025-09-10 14:26:39] local.ERROR: Unable to call component method. Public method [userboardManager] not found on component {"userId":1,"exception":"[object] (Livewire\\Exceptions\\MethodNotFoundException(code: 0): Unable to call component method. Public method [userboardManager] not found on component at F:\\Coding\\Web\\Laravel\\agenda\\agenda\\vendor\\livewire\\livewire\\src\\Mechanisms\\HandleComponents\\HandleComponents.php:488)
[stacktrace]
#0 F:\\Coding\\Web\\Laravel\\agenda\\agenda\\vendor\\livewire\\livewire\\src\\Mechanisms\\HandleComponents\\HandleComponents.php(101): Livewire\\Mechanisms\\HandleComponents\\HandleComponents->callMethods(Object(App\\Livewire\\Display\\UserBoard), Array, Object(Livewire\\Mechanisms\\HandleComponents\\ComponentContext))
#1 F:\\Coding\\Web\\Laravel\\agenda\\agenda\\vendor\\livewire\\livewire\\src\\LivewireManager.php(102): Livewire\\Mechanisms\\HandleComponents\\HandleComponents->update(Array, Array, Array)
#2 F:\\Coding\\Web\\Laravel\\agenda\\agenda\\vendor\\livewire\\volt\\src\\LivewireManager.php(35): Livewire\\LivewireManager->update(Array, Array, Array)
#3 F:\\Coding\\Web\\Laravel\\agenda\\agenda\\vendor\\livewire\\livewire\\src\\Mechanisms\\HandleRequests\\HandleRequests.php(94): Livewire\\Volt\\LivewireManager->update(Array, Array, Array)
#4 F:\\Coding\\Web\\Laravel\\agenda\\agenda\\vendor\\laravel\\framework\\src\\Illuminate\\Routing\\ControllerDispatcher.php(46): Livewire\\Mechanisms\\HandleRequests\\HandleRequests->handleUpdate()
#5 F:\\Coding\\Web\\Laravel\\agenda\\agenda\\vendor\\laravel\\framework\\src\\Illuminate\\Routing\\Route.php(265): Illuminate\\Routing\\ControllerDispatcher->dispatch(Object(Illuminate\\Routing\\Route), Object(Livewire\\Mechanisms\\HandleRequests\\HandleRequests), 'handleUpdate')
#6 F:\\Coding\\Web\\Laravel\\agenda\\agenda\\vendor\\laravel\\framework\\src\\Illuminate\\Routing\\Route.php(211): Illuminate\\Routing\\Route->runController()
#7 F:\\Coding\\Web\\Laravel\\agenda\\agenda\\vendor\\laravel\\framework\\src\\Illuminate\\Routing\\Router.php(808): Illuminate\\Routing\\Route->run()
#8 F:\\Coding\\Web\\Laravel\\agenda\\agenda\\vendor\\laravel\\framework\\src\\Illuminate\\Pipeline\\Pipeline.php(169): Illuminate\\Routing\\Router->Illuminate\\Routing\\{closure}(Object(Illuminate\\Http\\Request))
#9 F:\\Coding\\Web\\Laravel\\agenda\\agenda\\vendor\\laravel\\framework\\src\\Illuminate\\Routing\\Middleware\\SubstituteBindings.php(50): Illuminate\\Pipeline\\Pipeline->Illuminate\\Pipeline\\{closure}(Object(Illuminate\\Http\\Request))
#10 F:\\Coding\\Web\\Laravel\\agenda\\agenda\\vendor\\laravel\\framework\\src\\Illuminate\\Pipeline\\Pipeline.php(208): Illuminate\\Routing\\Middleware\\SubstituteBindings->handle(Object(Illuminate\\Http\\Request), Object(Closure))
#11 F:\\Coding\\Web\\Laravel\\agenda\\agenda\\vendor\\laravel\\framework\\src\\Illuminate\\Foundation\\Http\\Middleware\\VerifyCsrfToken.php(87): Illuminate\\Pipeline\\Pipeline->Illuminate\\Pipeline\\{closure}(Object(Illuminate\\Http\\Request))
#12 F:\\Coding\\Web\\Laravel\\agenda\\agenda\\vendor\\laravel\\framework\\src\\Illuminate\\Pipeline\\Pipeline.php(208): Illuminate\\Foundation\\Http\\Middleware\\VerifyCsrfToken->handle(Object(Illuminate\\Http\\Request), Object(Closure))
#13 F:\\Coding\\Web\\Laravel\\agenda\\agenda\\vendor\\laravel\\framework\\src\\Illuminate\\View\\Middleware\\ShareErrorsFromSession.php(48): Illuminate\\Pipeline\\Pipeline->Illuminate\\Pipeline\\{closure}(Object(Illuminate\\Http\\Request))
#14 F:\\Coding\\Web\\Laravel\\agenda\\agenda\\vendor\\laravel\\framework\\src\\Illuminate\\Pipeline\\Pipeline.php(208): Illuminate\\View\\Middleware\\ShareErrorsFromSession->handle(Object(Illuminate\\Http\\Request), Object(Closure))
#15 F:\\Coding\\Web\\Laravel\\agenda\\agenda\\vendor\\laravel\\framework\\src\\Illuminate\\Session\\Middleware\\StartSession.php(120): Illuminate\\Pipeline\\Pipeline->Illuminate\\Pipeline\\{closure}(Object(Illuminate\\Http\\Request))
#16 F:\\Coding\\Web\\Laravel\\agenda\\agenda\\vendor\\laravel\\framework\\src\\Illuminate\\Session\\Middleware\\StartSession.php(63): Illuminate\\Session\\Middleware\\StartSession->handleStatefulRequest(Object(Illuminate\\Http\\Request), Object(Illuminate\\Session\\Store), Object(Closure))
#17 F:\\Coding\\Web\\Laravel\\agenda\\agenda\\vendor\\laravel\\framework\\src\\Illuminate\\Pipeline\\Pipeline.php(208): Illuminate\\Session\\Middleware\\StartSession->handle(Object(Illuminate\\Http\\Request), Object(Closure))
#18 F:\\Coding\\Web\\Laravel\\agenda\\agenda\\vendor\\laravel\\framework\\src\\Illuminate\\Cookie\\Middleware\\AddQueuedCookiesToResponse.php(36): Illuminate\\Pipeline\\Pipeline->Illuminate\\Pipeline\\{closure}(Object(Illuminate\\Http\\Request))
#19 F:\\Coding\\Web\\Laravel\\agenda\\agenda\\vendor\\laravel\\framework\\src\\Illuminate\\Pipeline\\Pipeline.php(208): Illuminate\\Cookie\\Middleware\\AddQueuedCookiesToResponse->handle(Object(Illuminate\\Http\\Request), Object(Closure))
#20 F:\\Coding\\Web\\Laravel\\agenda\\agenda\\vendor\\laravel\\framework\\src\\Illuminate\\Cookie\\Middleware\\EncryptCookies.php(74): Illuminate\\Pipeline\\Pipeline->Illuminate\\Pipeline\\{closure}(Object(Illuminate\\Http\\Request))
#21 F:\\Coding\\Web\\Laravel\\agenda\\agenda\\vendor\\laravel\\framework\\src\\Illuminate\\Pipeline\\Pipeline.php(208): Illuminate\\Cookie\\Middleware\\EncryptCookies->handle(Object(Illuminate\\Http\\Request), Object(Closure))
#22 F:\\Coding\\Web\\Laravel\\agenda\\agenda\\vendor\\laravel\\framework\\src\\Illuminate\\Pipeline\\Pipeline.php(126): Illuminate\\Pipeline\\Pipeline->Illuminate\\Pipeline\\{closure}(Object(Illuminate\\Http\\Request))
#23 F:\\Coding\\Web\\Laravel\\agenda\\agenda\\vendor\\laravel\\framework\\src\\Illuminate\\Routing\\Router.php(807): Illuminate\\Pipeline\\Pipeline->then(Object(Closure))
#24 F:\\Coding\\Web\\Laravel\\agenda\\agenda\\vendor\\laravel\\framework\\src\\Illuminate\\Routing\\Router.php(786): Illuminate\\Routing\\Router->runRouteWithinStack(Object(Illuminate\\Routing\\Route), Object(Illuminate\\Http\\Request))
#25 F:\\Coding\\Web\\Laravel\\agenda\\agenda\\vendor\\laravel\\framework\\src\\Illuminate\\Routing\\Router.php(750): Illuminate\\Routing\\Router->runRoute(Object(Illuminate\\Http\\Request), Object(Illuminate\\Routing\\Route))
#26 F:\\Coding\\Web\\Laravel\\agenda\\agenda\\vendor\\laravel\\framework\\src\\Illuminate\\Routing\\Router.php(739): Illuminate\\Routing\\Router->dispatchToRoute(Object(Illuminate\\Http\\Request))
#27 F:\\Coding\\Web\\Laravel\\agenda\\agenda\\vendor\\laravel\\framework\\src\\Illuminate\\Foundation\\Http\\Kernel.php(200): Illuminate\\Routing\\Router->dispatch(Object(Illuminate\\Http\\Request))
#28 F:\\Coding\\Web\\Laravel\\agenda\\agenda\\vendor\\laravel\\framework\\src\\Illuminate\\Pipeline\\Pipeline.php(169): Illuminate\\Foundation\\Http\\Kernel->Illuminate\\Foundation\\Http\\{closure}(Object(Illuminate\\Http\\Request))
#29 F:\\Coding\\Web\\Laravel\\agenda\\agenda\\vendor\\livewire\\livewire\\src\\Features\\SupportDisablingBackButtonCache\\DisableBackButtonCacheMiddleware.php(19): Illuminate\\Pipeline\\Pipeline->Illuminate\\Pipeline\\{closure}(Object(Illuminate\\Http\\Request))
#30 F:\\Coding\\Web\\Laravel\\agenda\\agenda\\vendor\\laravel\\framework\\src\\Illuminate\\Pipeline\\Pipeline.php(208): Livewire\\Features\\SupportDisablingBackButtonCache\\DisableBackButtonCacheMiddleware->handle(Object(Illuminate\\Http\\Request), Object(Closure))
#31 F:\\Coding\\Web\\Laravel\\agenda\\agenda\\vendor\\laravel\\framework\\src\\Illuminate\\Foundation\\Http\\Middleware\\ConvertEmptyStringsToNull.php(27): Illuminate\\Pipeline\\Pipeline->Illuminate\\Pipeline\\{closure}(Object(Illuminate\\Http\\Request))
#32 F:\\Coding\\Web\\Laravel\\agenda\\agenda\\vendor\\laravel\\framework\\src\\Illuminate\\Pipeline\\Pipeline.php(208): Illuminate\\Foundation\\Http\\Middleware\\ConvertEmptyStringsToNull->handle(Object(Illuminate\\Http\\Request), Object(Closure))
#33 F:\\Coding\\Web\\Laravel\\agenda\\agenda\\vendor\\laravel\\framework\\src\\Illuminate\\Foundation\\Http\\Middleware\\TrimStrings.php(47): Illuminate\\Pipeline\\Pipeline->Illuminate\\Pipeline\\{closure}(Object(Illuminate\\Http\\Request))
#34 F:\\Coding\\Web\\Laravel\\agenda\\agenda\\vendor\\laravel\\framework\\src\\Illuminate\\Pipeline\\Pipeline.php(208): Illuminate\\Foundation\\Http\\Middleware\\TrimStrings->handle(Object(Illuminate\\Http\\Request), Object(Closure))
#35 F:\\Coding\\Web\\Laravel\\agenda\\agenda\\vendor\\laravel\\framework\\src\\Illuminate\\Http\\Middleware\\ValidatePostSize.php(27): Illuminate\\Pipeline\\Pipeline->Illuminate\\Pipeline\\{closure}(Object(Illuminate\\Http\\Request))
#36 F:\\Coding\\Web\\Laravel\\agenda\\agenda\\vendor\\laravel\\framework\\src\\Illuminate\\Pipeline\\Pipeline.php(208): Illuminate\\Http\\Middleware\\ValidatePostSize->handle(Object(Illuminate\\Http\\Request), Object(Closure))
#37 F:\\Coding\\Web\\Laravel\\agenda\\agenda\\vendor\\laravel\\framework\\src\\Illuminate\\Foundation\\Http\\Middleware\\PreventRequestsDuringMaintenance.php(109): Illuminate\\Pipeline\\Pipeline->Illuminate\\Pipeline\\{closure}(Object(Illuminate\\Http\\Request))
#38 F:\\Coding\\Web\\Laravel\\agenda\\agenda\\vendor\\laravel\\framework\\src\\Illuminate\\Pipeline\\Pipeline.php(208): Illuminate\\Foundation\\Http\\Middleware\\PreventRequestsDuringMaintenance->handle(Object(Illuminate\\Http\\Request), Object(Closure))
#39 F:\\Coding\\Web\\Laravel\\agenda\\agenda\\vendor\\laravel\\framework\\src\\Illuminate\\Http\\Middleware\\HandleCors.php(48): Illuminate\\Pipeline\\Pipeline->Illuminate\\Pipeline\\{closure}(Object(Illuminate\\Http\\Request))
#40 F:\\Coding\\Web\\Laravel\\agenda\\agenda\\vendor\\laravel\\framework\\src\\Illuminate\\Pipeline\\Pipeline.php(208): Illuminate\\Http\\Middleware\\HandleCors->handle(Object(Illuminate\\Http\\Request), Object(Closure))
#41 F:\\Coding\\Web\\Laravel\\agenda\\agenda\\vendor\\laravel\\framework\\src\\Illuminate\\Http\\Middleware\\TrustProxies.php(58): Illuminate\\Pipeline\\Pipeline->Illuminate\\Pipeline\\{closure}(Object(Illuminate\\Http\\Request))
#42 F:\\Coding\\Web\\Laravel\\agenda\\agenda\\vendor\\laravel\\framework\\src\\Illuminate\\Pipeline\\Pipeline.php(208): Illuminate\\Http\\Middleware\\TrustProxies->handle(Object(Illuminate\\Http\\Request), Object(Closure))
#43 F:\\Coding\\Web\\Laravel\\agenda\\agenda\\vendor\\laravel\\framework\\src\\Illuminate\\Foundation\\Http\\Middleware\\InvokeDeferredCallbacks.php(22): Illuminate\\Pipeline\\Pipeline->Illuminate\\Pipeline\\{closure}(Object(Illuminate\\Http\\Request))
#44 F:\\Coding\\Web\\Laravel\\agenda\\agenda\\vendor\\laravel\\framework\\src\\Illuminate\\Pipeline\\Pipeline.php(208): Illuminate\\Foundation\\Http\\Middleware\\InvokeDeferredCallbacks->handle(Object(Illuminate\\Http\\Request), Object(Closure))
#45 F:\\Coding\\Web\\Laravel\\agenda\\agenda\\vendor\\laravel\\framework\\src\\Illuminate\\Http\\Middleware\\ValidatePathEncoding.php(26): Illuminate\\Pipeline\\Pipeline->Illuminate\\Pipeline\\{closure}(Object(Illuminate\\Http\\Request))
#46 F:\\Coding\\Web\\Laravel\\agenda\\agenda\\vendor\\laravel\\framework\\src\\Illuminate\\Pipeline\\Pipeline.php(208): Illuminate\\Http\\Middleware\\ValidatePathEncoding->handle(Object(Illuminate\\Http\\Request), Object(Closure))
#47 F:\\Coding\\Web\\Laravel\\agenda\\agenda\\vendor\\laravel\\framework\\src\\Illuminate\\Pipeline\\Pipeline.php(126): Illuminate\\Pipeline\\Pipeline->Illuminate\\Pipeline\\{closure}(Object(Illuminate\\Http\\Request))
#48 F:\\Coding\\Web\\Laravel\\agenda\\agenda\\vendor\\laravel\\framework\\src\\Illuminate\\Foundation\\Http\\Kernel.php(175): Illuminate\\Pipeline\\Pipeline->then(Object(Closure))
#49 F:\\Coding\\Web\\Laravel\\agenda\\agenda\\vendor\\laravel\\framework\\src\\Illuminate\\Foundation\\Http\\Kernel.php(144): Illuminate\\Foundation\\Http\\Kernel->sendRequestThroughRouter(Object(Illuminate\\Http\\Request))
#50 F:\\Coding\\Web\\Laravel\\agenda\\agenda\\vendor\\laravel\\framework\\src\\Illuminate\\Foundation\\Application.php(1219): Illuminate\\Foundation\\Http\\Kernel->handle(Object(Illuminate\\Http\\Request))
#51 F:\\Coding\\Web\\Laravel\\agenda\\agenda\\public\\index.php(20): Illuminate\\Foundation\\Application->handleRequest(Object(Illuminate\\Http\\Request))
#52 F:\\Coding\\Web\\Laravel\\agenda\\agenda\\vendor\\laravel\\framework\\src\\Illuminate\\Foundation\\resources\\server.php(23): require_once('F:\\\\Coding\\\\Web\\\\L...')
#53 {main}
"} 
[2025-09-10 14:26:42] local.ERROR: Unable to call component method. Public method [userboardManager] not found on component {"userId":1,"exception":"[object] (Livewire\\Exceptions\\MethodNotFoundException(code: 0): Unable to call component method. Public method [userboardManager] not found on component at F:\\Coding\\Web\\Laravel\\agenda\\agenda\\vendor\\livewire\\livewire\\src\\Mechanisms\\HandleComponents\\HandleComponents.php:488)
[stacktrace]
#0 F:\\Coding\\Web\\Laravel\\agenda\\agenda\\vendor\\livewire\\livewire\\src\\Mechanisms\\HandleComponents\\HandleComponents.php(101): Livewire\\Mechanisms\\HandleComponents\\HandleComponents->callMethods(Object(App\\Livewire\\Display\\UserBoard), Array, Object(Livewire\\Mechanisms\\HandleComponents\\ComponentContext))
#1 F:\\Coding\\Web\\Laravel\\agenda\\agenda\\vendor\\livewire\\livewire\\src\\LivewireManager.php(102): Livewire\\Mechanisms\\HandleComponents\\HandleComponents->update(Array, Array, Array)
#2 F:\\Coding\\Web\\Laravel\\agenda\\agenda\\vendor\\livewire\\volt\\src\\LivewireManager.php(35): Livewire\\LivewireManager->update(Array, Array, Array)
#3 F:\\Coding\\Web\\Laravel\\agenda\\agenda\\vendor\\livewire\\livewire\\src\\Mechanisms\\HandleRequests\\HandleRequests.php(94): Livewire\\Volt\\LivewireManager->update(Array, Array, Array)
#4 F:\\Coding\\Web\\Laravel\\agenda\\agenda\\vendor\\laravel\\framework\\src\\Illuminate\\Routing\\ControllerDispatcher.php(46): Livewire\\Mechanisms\\HandleRequests\\HandleRequests->handleUpdate()
#5 F:\\Coding\\Web\\Laravel\\agenda\\agenda\\vendor\\laravel\\framework\\src\\Illuminate\\Routing\\Route.php(265): Illuminate\\Routing\\ControllerDispatcher->dispatch(Object(Illuminate\\Routing\\Route), Object(Livewire\\Mechanisms\\HandleRequests\\HandleRequests), 'handleUpdate')
#6 F:\\Coding\\Web\\Laravel\\agenda\\agenda\\vendor\\laravel\\framework\\src\\Illuminate\\Routing\\Route.php(211): Illuminate\\Routing\\Route->runController()
#7 F:\\Coding\\Web\\Laravel\\agenda\\agenda\\vendor\\laravel\\framework\\src\\Illuminate\\Routing\\Router.php(808): Illuminate\\Routing\\Route->run()
#8 F:\\Coding\\Web\\Laravel\\agenda\\agenda\\vendor\\laravel\\framework\\src\\Illuminate\\Pipeline\\Pipeline.php(169): Illuminate\\Routing\\Router->Illuminate\\Routing\\{closure}(Object(Illuminate\\Http\\Request))
#9 F:\\Coding\\Web\\Laravel\\agenda\\agenda\\vendor\\laravel\\framework\\src\\Illuminate\\Routing\\Middleware\\SubstituteBindings.php(50): Illuminate\\Pipeline\\Pipeline->Illuminate\\Pipeline\\{closure}(Object(Illuminate\\Http\\Request))
#10 F:\\Coding\\Web\\Laravel\\agenda\\agenda\\vendor\\laravel\\framework\\src\\Illuminate\\Pipeline\\Pipeline.php(208): Illuminate\\Routing\\Middleware\\SubstituteBindings->handle(Object(Illuminate\\Http\\Request), Object(Closure))
#11 F:\\Coding\\Web\\Laravel\\agenda\\agenda\\vendor\\laravel\\framework\\src\\Illuminate\\Foundation\\Http\\Middleware\\VerifyCsrfToken.php(87): Illuminate\\Pipeline\\Pipeline->Illuminate\\Pipeline\\{closure}(Object(Illuminate\\Http\\Request))
#12 F:\\Coding\\Web\\Laravel\\agenda\\agenda\\vendor\\laravel\\framework\\src\\Illuminate\\Pipeline\\Pipeline.php(208): Illuminate\\Foundation\\Http\\Middleware\\VerifyCsrfToken->handle(Object(Illuminate\\Http\\Request), Object(Closure))
#13 F:\\Coding\\Web\\Laravel\\agenda\\agenda\\vendor\\laravel\\framework\\src\\Illuminate\\View\\Middleware\\ShareErrorsFromSession.php(48): Illuminate\\Pipeline\\Pipeline->Illuminate\\Pipeline\\{closure}(Object(Illuminate\\Http\\Request))
#14 F:\\Coding\\Web\\Laravel\\agenda\\agenda\\vendor\\laravel\\framework\\src\\Illuminate\\Pipeline\\Pipeline.php(208): Illuminate\\View\\Middleware\\ShareErrorsFromSession->handle(Object(Illuminate\\Http\\Request), Object(Closure))
#15 F:\\Coding\\Web\\Laravel\\agenda\\agenda\\vendor\\laravel\\framework\\src\\Illuminate\\Session\\Middleware\\StartSession.php(120): Illuminate\\Pipeline\\Pipeline->Illuminate\\Pipeline\\{closure}(Object(Illuminate\\Http\\Request))
#16 F:\\Coding\\Web\\Laravel\\agenda\\agenda\\vendor\\laravel\\framework\\src\\Illuminate\\Session\\Middleware\\StartSession.php(63): Illuminate\\Session\\Middleware\\StartSession->handleStatefulRequest(Object(Illuminate\\Http\\Request), Object(Illuminate\\Session\\Store), Object(Closure))
#17 F:\\Coding\\Web\\Laravel\\agenda\\agenda\\vendor\\laravel\\framework\\src\\Illuminate\\Pipeline\\Pipeline.php(208): Illuminate\\Session\\Middleware\\StartSession->handle(Object(Illuminate\\Http\\Request), Object(Closure))
#18 F:\\Coding\\Web\\Laravel\\agenda\\agenda\\vendor\\laravel\\framework\\src\\Illuminate\\Cookie\\Middleware\\AddQueuedCookiesToResponse.php(36): Illuminate\\Pipeline\\Pipeline->Illuminate\\Pipeline\\{closure}(Object(Illuminate\\Http\\Request))
#19 F:\\Coding\\Web\\Laravel\\agenda\\agenda\\vendor\\laravel\\framework\\src\\Illuminate\\Pipeline\\Pipeline.php(208): Illuminate\\Cookie\\Middleware\\AddQueuedCookiesToResponse->handle(Object(Illuminate\\Http\\Request), Object(Closure))
#20 F:\\Coding\\Web\\Laravel\\agenda\\agenda\\vendor\\laravel\\framework\\src\\Illuminate\\Cookie\\Middleware\\EncryptCookies.php(74): Illuminate\\Pipeline\\Pipeline->Illuminate\\Pipeline\\{closure}(Object(Illuminate\\Http\\Request))
#21 F:\\Coding\\Web\\Laravel\\agenda\\agenda\\vendor\\laravel\\framework\\src\\Illuminate\\Pipeline\\Pipeline.php(208): Illuminate\\Cookie\\Middleware\\EncryptCookies->handle(Object(Illuminate\\Http\\Request), Object(Closure))
#22 F:\\Coding\\Web\\Laravel\\agenda\\agenda\\vendor\\laravel\\framework\\src\\Illuminate\\Pipeline\\Pipeline.php(126): Illuminate\\Pipeline\\Pipeline->Illuminate\\Pipeline\\{closure}(Object(Illuminate\\Http\\Request))
#23 F:\\Coding\\Web\\Laravel\\agenda\\agenda\\vendor\\laravel\\framework\\src\\Illuminate\\Routing\\Router.php(807): Illuminate\\Pipeline\\Pipeline->then(Object(Closure))
#24 F:\\Coding\\Web\\Laravel\\agenda\\agenda\\vendor\\laravel\\framework\\src\\Illuminate\\Routing\\Router.php(786): Illuminate\\Routing\\Router->runRouteWithinStack(Object(Illuminate\\Routing\\Route), Object(Illuminate\\Http\\Request))
#25 F:\\Coding\\Web\\Laravel\\agenda\\agenda\\vendor\\laravel\\framework\\src\\Illuminate\\Routing\\Router.php(750): Illuminate\\Routing\\Router->runRoute(Object(Illuminate\\Http\\Request), Object(Illuminate\\Routing\\Route))
#26 F:\\Coding\\Web\\Laravel\\agenda\\agenda\\vendor\\laravel\\framework\\src\\Illuminate\\Routing\\Router.php(739): Illuminate\\Routing\\Router->dispatchToRoute(Object(Illuminate\\Http\\Request))
#27 F:\\Coding\\Web\\Laravel\\agenda\\agenda\\vendor\\laravel\\framework\\src\\Illuminate\\Foundation\\Http\\Kernel.php(200): Illuminate\\Routing\\Router->dispatch(Object(Illuminate\\Http\\Request))
#28 F:\\Coding\\Web\\Laravel\\agenda\\agenda\\vendor\\laravel\\framework\\src\\Illuminate\\Pipeline\\Pipeline.php(169): Illuminate\\Foundation\\Http\\Kernel->Illuminate\\Foundation\\Http\\{closure}(Object(Illuminate\\Http\\Request))
#29 F:\\Coding\\Web\\Laravel\\agenda\\agenda\\vendor\\livewire\\livewire\\src\\Features\\SupportDisablingBackButtonCache\\DisableBackButtonCacheMiddleware.php(19): Illuminate\\Pipeline\\Pipeline->Illuminate\\Pipeline\\{closure}(Object(Illuminate\\Http\\Request))
#30 F:\\Coding\\Web\\Laravel\\agenda\\agenda\\vendor\\laravel\\framework\\src\\Illuminate\\Pipeline\\Pipeline.php(208): Livewire\\Features\\SupportDisablingBackButtonCache\\DisableBackButtonCacheMiddleware->handle(Object(Illuminate\\Http\\Request), Object(Closure))
#31 F:\\Coding\\Web\\Laravel\\agenda\\agenda\\vendor\\laravel\\framework\\src\\Illuminate\\Foundation\\Http\\Middleware\\ConvertEmptyStringsToNull.php(27): Illuminate\\Pipeline\\Pipeline->Illuminate\\Pipeline\\{closure}(Object(Illuminate\\Http\\Request))
#32 F:\\Coding\\Web\\Laravel\\agenda\\agenda\\vendor\\laravel\\framework\\src\\Illuminate\\Pipeline\\Pipeline.php(208): Illuminate\\Foundation\\Http\\Middleware\\ConvertEmptyStringsToNull->handle(Object(Illuminate\\Http\\Request), Object(Closure))
#33 F:\\Coding\\Web\\Laravel\\agenda\\agenda\\vendor\\laravel\\framework\\src\\Illuminate\\Foundation\\Http\\Middleware\\TrimStrings.php(47): Illuminate\\Pipeline\\Pipeline->Illuminate\\Pipeline\\{closure}(Object(Illuminate\\Http\\Request))
#34 F:\\Coding\\Web\\Laravel\\agenda\\agenda\\vendor\\laravel\\framework\\src\\Illuminate\\Pipeline\\Pipeline.php(208): Illuminate\\Foundation\\Http\\Middleware\\TrimStrings->handle(Object(Illuminate\\Http\\Request), Object(Closure))
#35 F:\\Coding\\Web\\Laravel\\agenda\\agenda\\vendor\\laravel\\framework\\src\\Illuminate\\Http\\Middleware\\ValidatePostSize.php(27): Illuminate\\Pipeline\\Pipeline->Illuminate\\Pipeline\\{closure}(Object(Illuminate\\Http\\Request))
#36 F:\\Coding\\Web\\Laravel\\agenda\\agenda\\vendor\\laravel\\framework\\src\\Illuminate\\Pipeline\\Pipeline.php(208): Illuminate\\Http\\Middleware\\ValidatePostSize->handle(Object(Illuminate\\Http\\Request), Object(Closure))
#37 F:\\Coding\\Web\\Laravel\\agenda\\agenda\\vendor\\laravel\\framework\\src\\Illuminate\\Foundation\\Http\\Middleware\\PreventRequestsDuringMaintenance.php(109): Illuminate\\Pipeline\\Pipeline->Illuminate\\Pipeline\\{closure}(Object(Illuminate\\Http\\Request))
#38 F:\\Coding\\Web\\Laravel\\agenda\\agenda\\vendor\\laravel\\framework\\src\\Illuminate\\Pipeline\\Pipeline.php(208): Illuminate\\Foundation\\Http\\Middleware\\PreventRequestsDuringMaintenance->handle(Object(Illuminate\\Http\\Request), Object(Closure))
#39 F:\\Coding\\Web\\Laravel\\agenda\\agenda\\vendor\\laravel\\framework\\src\\Illuminate\\Http\\Middleware\\HandleCors.php(48): Illuminate\\Pipeline\\Pipeline->Illuminate\\Pipeline\\{closure}(Object(Illuminate\\Http\\Request))
#40 F:\\Coding\\Web\\Laravel\\agenda\\agenda\\vendor\\laravel\\framework\\src\\Illuminate\\Pipeline\\Pipeline.php(208): Illuminate\\Http\\Middleware\\HandleCors->handle(Object(Illuminate\\Http\\Request), Object(Closure))
#41 F:\\Coding\\Web\\Laravel\\agenda\\agenda\\vendor\\laravel\\framework\\src\\Illuminate\\Http\\Middleware\\TrustProxies.php(58): Illuminate\\Pipeline\\Pipeline->Illuminate\\Pipeline\\{closure}(Object(Illuminate\\Http\\Request))
#42 F:\\Coding\\Web\\Laravel\\agenda\\agenda\\vendor\\laravel\\framework\\src\\Illuminate\\Pipeline\\Pipeline.php(208): Illuminate\\Http\\Middleware\\TrustProxies->handle(Object(Illuminate\\Http\\Request), Object(Closure))
#43 F:\\Coding\\Web\\Laravel\\agenda\\agenda\\vendor\\laravel\\framework\\src\\Illuminate\\Foundation\\Http\\Middleware\\InvokeDeferredCallbacks.php(22): Illuminate\\Pipeline\\Pipeline->Illuminate\\Pipeline\\{closure}(Object(Illuminate\\Http\\Request))
#44 F:\\Coding\\Web\\Laravel\\agenda\\agenda\\vendor\\laravel\\framework\\src\\Illuminate\\Pipeline\\Pipeline.php(208): Illuminate\\Foundation\\Http\\Middleware\\InvokeDeferredCallbacks->handle(Object(Illuminate\\Http\\Request), Object(Closure))
#45 F:\\Coding\\Web\\Laravel\\agenda\\agenda\\vendor\\laravel\\framework\\src\\Illuminate\\Http\\Middleware\\ValidatePathEncoding.php(26): Illuminate\\Pipeline\\Pipeline->Illuminate\\Pipeline\\{closure}(Object(Illuminate\\Http\\Request))
#46 F:\\Coding\\Web\\Laravel\\agenda\\agenda\\vendor\\laravel\\framework\\src\\Illuminate\\Pipeline\\Pipeline.php(208): Illuminate\\Http\\Middleware\\ValidatePathEncoding->handle(Object(Illuminate\\Http\\Request), Object(Closure))
#47 F:\\Coding\\Web\\Laravel\\agenda\\agenda\\vendor\\laravel\\framework\\src\\Illuminate\\Pipeline\\Pipeline.php(126): Illuminate\\Pipeline\\Pipeline->Illuminate\\Pipeline\\{closure}(Object(Illuminate\\Http\\Request))
#48 F:\\Coding\\Web\\Laravel\\agenda\\agenda\\vendor\\laravel\\framework\\src\\Illuminate\\Foundation\\Http\\Kernel.php(175): Illuminate\\Pipeline\\Pipeline->then(Object(Closure))
#49 F:\\Coding\\Web\\Laravel\\agenda\\agenda\\vendor\\laravel\\framework\\src\\Illuminate\\Foundation\\Http\\Kernel.php(144): Illuminate\\Foundation\\Http\\Kernel->sendRequestThroughRouter(Object(Illuminate\\Http\\Request))
#50 F:\\Coding\\Web\\Laravel\\agenda\\agenda\\vendor\\laravel\\framework\\src\\Illuminate\\Foundation\\Application.php(1219): Illuminate\\Foundation\\Http\\Kernel->handle(Object(Illuminate\\Http\\Request))
#51 F:\\Coding\\Web\\Laravel\\agenda\\agenda\\public\\index.php(20): Illuminate\\Foundation\\Application->handleRequest(Object(Illuminate\\Http\\Request))
#52 F:\\Coding\\Web\\Laravel\\agenda\\agenda\\vendor\\laravel\\framework\\src\\Illuminate\\Foundation\\resources\\server.php(23): require_once('F:\\\\Coding\\\\Web\\\\L...')
#53 {main}
"} 
[2025-09-10 14:34:12] local.ERROR: Unable to call component method. Public method [userboardManager] not found on component {"userId":1,"exception":"[object] (Livewire\\Exceptions\\MethodNotFoundException(code: 0): Unable to call component method. Public method [userboardManager] not found on component at F:\\Coding\\Web\\Laravel\\agenda\\agenda\\vendor\\livewire\\livewire\\src\\Mechanisms\\HandleComponents\\HandleComponents.php:488)
[stacktrace]
#0 F:\\Coding\\Web\\Laravel\\agenda\\agenda\\vendor\\livewire\\livewire\\src\\Mechanisms\\HandleComponents\\HandleComponents.php(101): Livewire\\Mechanisms\\HandleComponents\\HandleComponents->callMethods(Object(App\\Livewire\\Display\\UserBoard), Array, Object(Livewire\\Mechanisms\\HandleComponents\\ComponentContext))
#1 F:\\Coding\\Web\\Laravel\\agenda\\agenda\\vendor\\livewire\\livewire\\src\\LivewireManager.php(102): Livewire\\Mechanisms\\HandleComponents\\HandleComponents->update(Array, Array, Array)
#2 F:\\Coding\\Web\\Laravel\\agenda\\agenda\\vendor\\livewire\\volt\\src\\LivewireManager.php(35): Livewire\\LivewireManager->update(Array, Array, Array)
#3 F:\\Coding\\Web\\Laravel\\agenda\\agenda\\vendor\\livewire\\livewire\\src\\Mechanisms\\HandleRequests\\HandleRequests.php(94): Livewire\\Volt\\LivewireManager->update(Array, Array, Array)
#4 F:\\Coding\\Web\\Laravel\\agenda\\agenda\\vendor\\laravel\\framework\\src\\Illuminate\\Routing\\ControllerDispatcher.php(46): Livewire\\Mechanisms\\HandleRequests\\HandleRequests->handleUpdate()
#5 F:\\Coding\\Web\\Laravel\\agenda\\agenda\\vendor\\laravel\\framework\\src\\Illuminate\\Routing\\Route.php(265): Illuminate\\Routing\\ControllerDispatcher->dispatch(Object(Illuminate\\Routing\\Route), Object(Livewire\\Mechanisms\\HandleRequests\\HandleRequests), 'handleUpdate')
#6 F:\\Coding\\Web\\Laravel\\agenda\\agenda\\vendor\\laravel\\framework\\src\\Illuminate\\Routing\\Route.php(211): Illuminate\\Routing\\Route->runController()
#7 F:\\Coding\\Web\\Laravel\\agenda\\agenda\\vendor\\laravel\\framework\\src\\Illuminate\\Routing\\Router.php(808): Illuminate\\Routing\\Route->run()
#8 F:\\Coding\\Web\\Laravel\\agenda\\agenda\\vendor\\laravel\\framework\\src\\Illuminate\\Pipeline\\Pipeline.php(169): Illuminate\\Routing\\Router->Illuminate\\Routing\\{closure}(Object(Illuminate\\Http\\Request))
#9 F:\\Coding\\Web\\Laravel\\agenda\\agenda\\vendor\\laravel\\framework\\src\\Illuminate\\Routing\\Middleware\\SubstituteBindings.php(50): Illuminate\\Pipeline\\Pipeline->Illuminate\\Pipeline\\{closure}(Object(Illuminate\\Http\\Request))
#10 F:\\Coding\\Web\\Laravel\\agenda\\agenda\\vendor\\laravel\\framework\\src\\Illuminate\\Pipeline\\Pipeline.php(208): Illuminate\\Routing\\Middleware\\SubstituteBindings->handle(Object(Illuminate\\Http\\Request), Object(Closure))
#11 F:\\Coding\\Web\\Laravel\\agenda\\agenda\\vendor\\laravel\\framework\\src\\Illuminate\\Foundation\\Http\\Middleware\\VerifyCsrfToken.php(87): Illuminate\\Pipeline\\Pipeline->Illuminate\\Pipeline\\{closure}(Object(Illuminate\\Http\\Request))
#12 F:\\Coding\\Web\\Laravel\\agenda\\agenda\\vendor\\laravel\\framework\\src\\Illuminate\\Pipeline\\Pipeline.php(208): Illuminate\\Foundation\\Http\\Middleware\\VerifyCsrfToken->handle(Object(Illuminate\\Http\\Request), Object(Closure))
#13 F:\\Coding\\Web\\Laravel\\agenda\\agenda\\vendor\\laravel\\framework\\src\\Illuminate\\View\\Middleware\\ShareErrorsFromSession.php(48): Illuminate\\Pipeline\\Pipeline->Illuminate\\Pipeline\\{closure}(Object(Illuminate\\Http\\Request))
#14 F:\\Coding\\Web\\Laravel\\agenda\\agenda\\vendor\\laravel\\framework\\src\\Illuminate\\Pipeline\\Pipeline.php(208): Illuminate\\View\\Middleware\\ShareErrorsFromSession->handle(Object(Illuminate\\Http\\Request), Object(Closure))
#15 F:\\Coding\\Web\\Laravel\\agenda\\agenda\\vendor\\laravel\\framework\\src\\Illuminate\\Session\\Middleware\\StartSession.php(120): Illuminate\\Pipeline\\Pipeline->Illuminate\\Pipeline\\{closure}(Object(Illuminate\\Http\\Request))
#16 F:\\Coding\\Web\\Laravel\\agenda\\agenda\\vendor\\laravel\\framework\\src\\Illuminate\\Session\\Middleware\\StartSession.php(63): Illuminate\\Session\\Middleware\\StartSession->handleStatefulRequest(Object(Illuminate\\Http\\Request), Object(Illuminate\\Session\\Store), Object(Closure))
#17 F:\\Coding\\Web\\Laravel\\agenda\\agenda\\vendor\\laravel\\framework\\src\\Illuminate\\Pipeline\\Pipeline.php(208): Illuminate\\Session\\Middleware\\StartSession->handle(Object(Illuminate\\Http\\Request), Object(Closure))
#18 F:\\Coding\\Web\\Laravel\\agenda\\agenda\\vendor\\laravel\\framework\\src\\Illuminate\\Cookie\\Middleware\\AddQueuedCookiesToResponse.php(36): Illuminate\\Pipeline\\Pipeline->Illuminate\\Pipeline\\{closure}(Object(Illuminate\\Http\\Request))
#19 F:\\Coding\\Web\\Laravel\\agenda\\agenda\\vendor\\laravel\\framework\\src\\Illuminate\\Pipeline\\Pipeline.php(208): Illuminate\\Cookie\\Middleware\\AddQueuedCookiesToResponse->handle(Object(Illuminate\\Http\\Request), Object(Closure))
#20 F:\\Coding\\Web\\Laravel\\agenda\\agenda\\vendor\\laravel\\framework\\src\\Illuminate\\Cookie\\Middleware\\EncryptCookies.php(74): Illuminate\\Pipeline\\Pipeline->Illuminate\\Pipeline\\{closure}(Object(Illuminate\\Http\\Request))
#21 F:\\Coding\\Web\\Laravel\\agenda\\agenda\\vendor\\laravel\\framework\\src\\Illuminate\\Pipeline\\Pipeline.php(208): Illuminate\\Cookie\\Middleware\\EncryptCookies->handle(Object(Illuminate\\Http\\Request), Object(Closure))
#22 F:\\Coding\\Web\\Laravel\\agenda\\agenda\\vendor\\laravel\\framework\\src\\Illuminate\\Pipeline\\Pipeline.php(126): Illuminate\\Pipeline\\Pipeline->Illuminate\\Pipeline\\{closure}(Object(Illuminate\\Http\\Request))
#23 F:\\Coding\\Web\\Laravel\\agenda\\agenda\\vendor\\laravel\\framework\\src\\Illuminate\\Routing\\Router.php(807): Illuminate\\Pipeline\\Pipeline->then(Object(Closure))
#24 F:\\Coding\\Web\\Laravel\\agenda\\agenda\\vendor\\laravel\\framework\\src\\Illuminate\\Routing\\Router.php(786): Illuminate\\Routing\\Router->runRouteWithinStack(Object(Illuminate\\Routing\\Route), Object(Illuminate\\Http\\Request))
#25 F:\\Coding\\Web\\Laravel\\agenda\\agenda\\vendor\\laravel\\framework\\src\\Illuminate\\Routing\\Router.php(750): Illuminate\\Routing\\Router->runRoute(Object(Illuminate\\Http\\Request), Object(Illuminate\\Routing\\Route))
#26 F:\\Coding\\Web\\Laravel\\agenda\\agenda\\vendor\\laravel\\framework\\src\\Illuminate\\Routing\\Router.php(739): Illuminate\\Routing\\Router->dispatchToRoute(Object(Illuminate\\Http\\Request))
#27 F:\\Coding\\Web\\Laravel\\agenda\\agenda\\vendor\\laravel\\framework\\src\\Illuminate\\Foundation\\Http\\Kernel.php(200): Illuminate\\Routing\\Router->dispatch(Object(Illuminate\\Http\\Request))
#28 F:\\Coding\\Web\\Laravel\\agenda\\agenda\\vendor\\laravel\\framework\\src\\Illuminate\\Pipeline\\Pipeline.php(169): Illuminate\\Foundation\\Http\\Kernel->Illuminate\\Foundation\\Http\\{closure}(Object(Illuminate\\Http\\Request))
#29 F:\\Coding\\Web\\Laravel\\agenda\\agenda\\vendor\\livewire\\livewire\\src\\Features\\SupportDisablingBackButtonCache\\DisableBackButtonCacheMiddleware.php(19): Illuminate\\Pipeline\\Pipeline->Illuminate\\Pipeline\\{closure}(Object(Illuminate\\Http\\Request))
#30 F:\\Coding\\Web\\Laravel\\agenda\\agenda\\vendor\\laravel\\framework\\src\\Illuminate\\Pipeline\\Pipeline.php(208): Livewire\\Features\\SupportDisablingBackButtonCache\\DisableBackButtonCacheMiddleware->handle(Object(Illuminate\\Http\\Request), Object(Closure))
#31 F:\\Coding\\Web\\Laravel\\agenda\\agenda\\vendor\\laravel\\framework\\src\\Illuminate\\Foundation\\Http\\Middleware\\ConvertEmptyStringsToNull.php(27): Illuminate\\Pipeline\\Pipeline->Illuminate\\Pipeline\\{closure}(Object(Illuminate\\Http\\Request))
#32 F:\\Coding\\Web\\Laravel\\agenda\\agenda\\vendor\\laravel\\framework\\src\\Illuminate\\Pipeline\\Pipeline.php(208): Illuminate\\Foundation\\Http\\Middleware\\ConvertEmptyStringsToNull->handle(Object(Illuminate\\Http\\Request), Object(Closure))
#33 F:\\Coding\\Web\\Laravel\\agenda\\agenda\\vendor\\laravel\\framework\\src\\Illuminate\\Foundation\\Http\\Middleware\\TrimStrings.php(47): Illuminate\\Pipeline\\Pipeline->Illuminate\\Pipeline\\{closure}(Object(Illuminate\\Http\\Request))
#34 F:\\Coding\\Web\\Laravel\\agenda\\agenda\\vendor\\laravel\\framework\\src\\Illuminate\\Pipeline\\Pipeline.php(208): Illuminate\\Foundation\\Http\\Middleware\\TrimStrings->handle(Object(Illuminate\\Http\\Request), Object(Closure))
#35 F:\\Coding\\Web\\Laravel\\agenda\\agenda\\vendor\\laravel\\framework\\src\\Illuminate\\Http\\Middleware\\ValidatePostSize.php(27): Illuminate\\Pipeline\\Pipeline->Illuminate\\Pipeline\\{closure}(Object(Illuminate\\Http\\Request))
#36 F:\\Coding\\Web\\Laravel\\agenda\\agenda\\vendor\\laravel\\framework\\src\\Illuminate\\Pipeline\\Pipeline.php(208): Illuminate\\Http\\Middleware\\ValidatePostSize->handle(Object(Illuminate\\Http\\Request), Object(Closure))
#37 F:\\Coding\\Web\\Laravel\\agenda\\agenda\\vendor\\laravel\\framework\\src\\Illuminate\\Foundation\\Http\\Middleware\\PreventRequestsDuringMaintenance.php(109): Illuminate\\Pipeline\\Pipeline->Illuminate\\Pipeline\\{closure}(Object(Illuminate\\Http\\Request))
#38 F:\\Coding\\Web\\Laravel\\agenda\\agenda\\vendor\\laravel\\framework\\src\\Illuminate\\Pipeline\\Pipeline.php(208): Illuminate\\Foundation\\Http\\Middleware\\PreventRequestsDuringMaintenance->handle(Object(Illuminate\\Http\\Request), Object(Closure))
#39 F:\\Coding\\Web\\Laravel\\agenda\\agenda\\vendor\\laravel\\framework\\src\\Illuminate\\Http\\Middleware\\HandleCors.php(48): Illuminate\\Pipeline\\Pipeline->Illuminate\\Pipeline\\{closure}(Object(Illuminate\\Http\\Request))
#40 F:\\Coding\\Web\\Laravel\\agenda\\agenda\\vendor\\laravel\\framework\\src\\Illuminate\\Pipeline\\Pipeline.php(208): Illuminate\\Http\\Middleware\\HandleCors->handle(Object(Illuminate\\Http\\Request), Object(Closure))
#41 F:\\Coding\\Web\\Laravel\\agenda\\agenda\\vendor\\laravel\\framework\\src\\Illuminate\\Http\\Middleware\\TrustProxies.php(58): Illuminate\\Pipeline\\Pipeline->Illuminate\\Pipeline\\{closure}(Object(Illuminate\\Http\\Request))
#42 F:\\Coding\\Web\\Laravel\\agenda\\agenda\\vendor\\laravel\\framework\\src\\Illuminate\\Pipeline\\Pipeline.php(208): Illuminate\\Http\\Middleware\\TrustProxies->handle(Object(Illuminate\\Http\\Request), Object(Closure))
#43 F:\\Coding\\Web\\Laravel\\agenda\\agenda\\vendor\\laravel\\framework\\src\\Illuminate\\Foundation\\Http\\Middleware\\InvokeDeferredCallbacks.php(22): Illuminate\\Pipeline\\Pipeline->Illuminate\\Pipeline\\{closure}(Object(Illuminate\\Http\\Request))
#44 F:\\Coding\\Web\\Laravel\\agenda\\agenda\\vendor\\laravel\\framework\\src\\Illuminate\\Pipeline\\Pipeline.php(208): Illuminate\\Foundation\\Http\\Middleware\\InvokeDeferredCallbacks->handle(Object(Illuminate\\Http\\Request), Object(Closure))
#45 F:\\Coding\\Web\\Laravel\\agenda\\agenda\\vendor\\laravel\\framework\\src\\Illuminate\\Http\\Middleware\\ValidatePathEncoding.php(26): Illuminate\\Pipeline\\Pipeline->Illuminate\\Pipeline\\{closure}(Object(Illuminate\\Http\\Request))
#46 F:\\Coding\\Web\\Laravel\\agenda\\agenda\\vendor\\laravel\\framework\\src\\Illuminate\\Pipeline\\Pipeline.php(208): Illuminate\\Http\\Middleware\\ValidatePathEncoding->handle(Object(Illuminate\\Http\\Request), Object(Closure))
#47 F:\\Coding\\Web\\Laravel\\agenda\\agenda\\vendor\\laravel\\framework\\src\\Illuminate\\Pipeline\\Pipeline.php(126): Illuminate\\Pipeline\\Pipeline->Illuminate\\Pipeline\\{closure}(Object(Illuminate\\Http\\Request))
#48 F:\\Coding\\Web\\Laravel\\agenda\\agenda\\vendor\\laravel\\framework\\src\\Illuminate\\Foundation\\Http\\Kernel.php(175): Illuminate\\Pipeline\\Pipeline->then(Object(Closure))
#49 F:\\Coding\\Web\\Laravel\\agenda\\agenda\\vendor\\laravel\\framework\\src\\Illuminate\\Foundation\\Http\\Kernel.php(144): Illuminate\\Foundation\\Http\\Kernel->sendRequestThroughRouter(Object(Illuminate\\Http\\Request))
#50 F:\\Coding\\Web\\Laravel\\agenda\\agenda\\vendor\\laravel\\framework\\src\\Illuminate\\Foundation\\Application.php(1219): Illuminate\\Foundation\\Http\\Kernel->handle(Object(Illuminate\\Http\\Request))
#51 F:\\Coding\\Web\\Laravel\\agenda\\agenda\\public\\index.php(20): Illuminate\\Foundation\\Application->handleRequest(Object(Illuminate\\Http\\Request))
#52 F:\\Coding\\Web\\Laravel\\agenda\\agenda\\vendor\\laravel\\framework\\src\\Illuminate\\Foundation\\resources\\server.php(23): require_once('F:\\\\Coding\\\\Web\\\\L...')
#53 {main}
"} 
[2025-09-10 14:35:25] local.ERROR: Unable to call component method. Public method [userboardManager] not found on component {"userId":1,"exception":"[object] (Livewire\\Exceptions\\MethodNotFoundException(code: 0): Unable to call component method. Public method [userboardManager] not found on component at F:\\Coding\\Web\\Laravel\\agenda\\agenda\\vendor\\livewire\\livewire\\src\\Mechanisms\\HandleComponents\\HandleComponents.php:488)
[stacktrace]
#0 F:\\Coding\\Web\\Laravel\\agenda\\agenda\\vendor\\livewire\\livewire\\src\\Mechanisms\\HandleComponents\\HandleComponents.php(101): Livewire\\Mechanisms\\HandleComponents\\HandleComponents->callMethods(Object(App\\Livewire\\Display\\UserBoard), Array, Object(Livewire\\Mechanisms\\HandleComponents\\ComponentContext))
#1 F:\\Coding\\Web\\Laravel\\agenda\\agenda\\vendor\\livewire\\livewire\\src\\LivewireManager.php(102): Livewire\\Mechanisms\\HandleComponents\\HandleComponents->update(Array, Array, Array)
#2 F:\\Coding\\Web\\Laravel\\agenda\\agenda\\vendor\\livewire\\volt\\src\\LivewireManager.php(35): Livewire\\LivewireManager->update(Array, Array, Array)
#3 F:\\Coding\\Web\\Laravel\\agenda\\agenda\\vendor\\livewire\\livewire\\src\\Mechanisms\\HandleRequests\\HandleRequests.php(94): Livewire\\Volt\\LivewireManager->update(Array, Array, Array)
#4 F:\\Coding\\Web\\Laravel\\agenda\\agenda\\vendor\\laravel\\framework\\src\\Illuminate\\Routing\\ControllerDispatcher.php(46): Livewire\\Mechanisms\\HandleRequests\\HandleRequests->handleUpdate()
#5 F:\\Coding\\Web\\Laravel\\agenda\\agenda\\vendor\\laravel\\framework\\src\\Illuminate\\Routing\\Route.php(265): Illuminate\\Routing\\ControllerDispatcher->dispatch(Object(Illuminate\\Routing\\Route), Object(Livewire\\Mechanisms\\HandleRequests\\HandleRequests), 'handleUpdate')
#6 F:\\Coding\\Web\\Laravel\\agenda\\agenda\\vendor\\laravel\\framework\\src\\Illuminate\\Routing\\Route.php(211): Illuminate\\Routing\\Route->runController()
#7 F:\\Coding\\Web\\Laravel\\agenda\\agenda\\vendor\\laravel\\framework\\src\\Illuminate\\Routing\\Router.php(808): Illuminate\\Routing\\Route->run()
#8 F:\\Coding\\Web\\Laravel\\agenda\\agenda\\vendor\\laravel\\framework\\src\\Illuminate\\Pipeline\\Pipeline.php(169): Illuminate\\Routing\\Router->Illuminate\\Routing\\{closure}(Object(Illuminate\\Http\\Request))
#9 F:\\Coding\\Web\\Laravel\\agenda\\agenda\\vendor\\laravel\\framework\\src\\Illuminate\\Routing\\Middleware\\SubstituteBindings.php(50): Illuminate\\Pipeline\\Pipeline->Illuminate\\Pipeline\\{closure}(Object(Illuminate\\Http\\Request))
#10 F:\\Coding\\Web\\Laravel\\agenda\\agenda\\vendor\\laravel\\framework\\src\\Illuminate\\Pipeline\\Pipeline.php(208): Illuminate\\Routing\\Middleware\\SubstituteBindings->handle(Object(Illuminate\\Http\\Request), Object(Closure))
#11 F:\\Coding\\Web\\Laravel\\agenda\\agenda\\vendor\\laravel\\framework\\src\\Illuminate\\Foundation\\Http\\Middleware\\VerifyCsrfToken.php(87): Illuminate\\Pipeline\\Pipeline->Illuminate\\Pipeline\\{closure}(Object(Illuminate\\Http\\Request))
#12 F:\\Coding\\Web\\Laravel\\agenda\\agenda\\vendor\\laravel\\framework\\src\\Illuminate\\Pipeline\\Pipeline.php(208): Illuminate\\Foundation\\Http\\Middleware\\VerifyCsrfToken->handle(Object(Illuminate\\Http\\Request), Object(Closure))
#13 F:\\Coding\\Web\\Laravel\\agenda\\agenda\\vendor\\laravel\\framework\\src\\Illuminate\\View\\Middleware\\ShareErrorsFromSession.php(48): Illuminate\\Pipeline\\Pipeline->Illuminate\\Pipeline\\{closure}(Object(Illuminate\\Http\\Request))
#14 F:\\Coding\\Web\\Laravel\\agenda\\agenda\\vendor\\laravel\\framework\\src\\Illuminate\\Pipeline\\Pipeline.php(208): Illuminate\\View\\Middleware\\ShareErrorsFromSession->handle(Object(Illuminate\\Http\\Request), Object(Closure))
#15 F:\\Coding\\Web\\Laravel\\agenda\\agenda\\vendor\\laravel\\framework\\src\\Illuminate\\Session\\Middleware\\StartSession.php(120): Illuminate\\Pipeline\\Pipeline->Illuminate\\Pipeline\\{closure}(Object(Illuminate\\Http\\Request))
#16 F:\\Coding\\Web\\Laravel\\agenda\\agenda\\vendor\\laravel\\framework\\src\\Illuminate\\Session\\Middleware\\StartSession.php(63): Illuminate\\Session\\Middleware\\StartSession->handleStatefulRequest(Object(Illuminate\\Http\\Request), Object(Illuminate\\Session\\Store), Object(Closure))
#17 F:\\Coding\\Web\\Laravel\\agenda\\agenda\\vendor\\laravel\\framework\\src\\Illuminate\\Pipeline\\Pipeline.php(208): Illuminate\\Session\\Middleware\\StartSession->handle(Object(Illuminate\\Http\\Request), Object(Closure))
#18 F:\\Coding\\Web\\Laravel\\agenda\\agenda\\vendor\\laravel\\framework\\src\\Illuminate\\Cookie\\Middleware\\AddQueuedCookiesToResponse.php(36): Illuminate\\Pipeline\\Pipeline->Illuminate\\Pipeline\\{closure}(Object(Illuminate\\Http\\Request))
#19 F:\\Coding\\Web\\Laravel\\agenda\\agenda\\vendor\\laravel\\framework\\src\\Illuminate\\Pipeline\\Pipeline.php(208): Illuminate\\Cookie\\Middleware\\AddQueuedCookiesToResponse->handle(Object(Illuminate\\Http\\Request), Object(Closure))
#20 F:\\Coding\\Web\\Laravel\\agenda\\agenda\\vendor\\laravel\\framework\\src\\Illuminate\\Cookie\\Middleware\\EncryptCookies.php(74): Illuminate\\Pipeline\\Pipeline->Illuminate\\Pipeline\\{closure}(Object(Illuminate\\Http\\Request))
#21 F:\\Coding\\Web\\Laravel\\agenda\\agenda\\vendor\\laravel\\framework\\src\\Illuminate\\Pipeline\\Pipeline.php(208): Illuminate\\Cookie\\Middleware\\EncryptCookies->handle(Object(Illuminate\\Http\\Request), Object(Closure))
#22 F:\\Coding\\Web\\Laravel\\agenda\\agenda\\vendor\\laravel\\framework\\src\\Illuminate\\Pipeline\\Pipeline.php(126): Illuminate\\Pipeline\\Pipeline->Illuminate\\Pipeline\\{closure}(Object(Illuminate\\Http\\Request))
#23 F:\\Coding\\Web\\Laravel\\agenda\\agenda\\vendor\\laravel\\framework\\src\\Illuminate\\Routing\\Router.php(807): Illuminate\\Pipeline\\Pipeline->then(Object(Closure))
#24 F:\\Coding\\Web\\Laravel\\agenda\\agenda\\vendor\\laravel\\framework\\src\\Illuminate\\Routing\\Router.php(786): Illuminate\\Routing\\Router->runRouteWithinStack(Object(Illuminate\\Routing\\Route), Object(Illuminate\\Http\\Request))
#25 F:\\Coding\\Web\\Laravel\\agenda\\agenda\\vendor\\laravel\\framework\\src\\Illuminate\\Routing\\Router.php(750): Illuminate\\Routing\\Router->runRoute(Object(Illuminate\\Http\\Request), Object(Illuminate\\Routing\\Route))
#26 F:\\Coding\\Web\\Laravel\\agenda\\agenda\\vendor\\laravel\\framework\\src\\Illuminate\\Routing\\Router.php(739): Illuminate\\Routing\\Router->dispatchToRoute(Object(Illuminate\\Http\\Request))
#27 F:\\Coding\\Web\\Laravel\\agenda\\agenda\\vendor\\laravel\\framework\\src\\Illuminate\\Foundation\\Http\\Kernel.php(200): Illuminate\\Routing\\Router->dispatch(Object(Illuminate\\Http\\Request))
#28 F:\\Coding\\Web\\Laravel\\agenda\\agenda\\vendor\\laravel\\framework\\src\\Illuminate\\Pipeline\\Pipeline.php(169): Illuminate\\Foundation\\Http\\Kernel->Illuminate\\Foundation\\Http\\{closure}(Object(Illuminate\\Http\\Request))
#29 F:\\Coding\\Web\\Laravel\\agenda\\agenda\\vendor\\livewire\\livewire\\src\\Features\\SupportDisablingBackButtonCache\\DisableBackButtonCacheMiddleware.php(19): Illuminate\\Pipeline\\Pipeline->Illuminate\\Pipeline\\{closure}(Object(Illuminate\\Http\\Request))
#30 F:\\Coding\\Web\\Laravel\\agenda\\agenda\\vendor\\laravel\\framework\\src\\Illuminate\\Pipeline\\Pipeline.php(208): Livewire\\Features\\SupportDisablingBackButtonCache\\DisableBackButtonCacheMiddleware->handle(Object(Illuminate\\Http\\Request), Object(Closure))
#31 F:\\Coding\\Web\\Laravel\\agenda\\agenda\\vendor\\laravel\\framework\\src\\Illuminate\\Foundation\\Http\\Middleware\\ConvertEmptyStringsToNull.php(27): Illuminate\\Pipeline\\Pipeline->Illuminate\\Pipeline\\{closure}(Object(Illuminate\\Http\\Request))
#32 F:\\Coding\\Web\\Laravel\\agenda\\agenda\\vendor\\laravel\\framework\\src\\Illuminate\\Pipeline\\Pipeline.php(208): Illuminate\\Foundation\\Http\\Middleware\\ConvertEmptyStringsToNull->handle(Object(Illuminate\\Http\\Request), Object(Closure))
#33 F:\\Coding\\Web\\Laravel\\agenda\\agenda\\vendor\\laravel\\framework\\src\\Illuminate\\Foundation\\Http\\Middleware\\TrimStrings.php(47): Illuminate\\Pipeline\\Pipeline->Illuminate\\Pipeline\\{closure}(Object(Illuminate\\Http\\Request))
#34 F:\\Coding\\Web\\Laravel\\agenda\\agenda\\vendor\\laravel\\framework\\src\\Illuminate\\Pipeline\\Pipeline.php(208): Illuminate\\Foundation\\Http\\Middleware\\TrimStrings->handle(Object(Illuminate\\Http\\Request), Object(Closure))
#35 F:\\Coding\\Web\\Laravel\\agenda\\agenda\\vendor\\laravel\\framework\\src\\Illuminate\\Http\\Middleware\\ValidatePostSize.php(27): Illuminate\\Pipeline\\Pipeline->Illuminate\\Pipeline\\{closure}(Object(Illuminate\\Http\\Request))
#36 F:\\Coding\\Web\\Laravel\\agenda\\agenda\\vendor\\laravel\\framework\\src\\Illuminate\\Pipeline\\Pipeline.php(208): Illuminate\\Http\\Middleware\\ValidatePostSize->handle(Object(Illuminate\\Http\\Request), Object(Closure))
#37 F:\\Coding\\Web\\Laravel\\agenda\\agenda\\vendor\\laravel\\framework\\src\\Illuminate\\Foundation\\Http\\Middleware\\PreventRequestsDuringMaintenance.php(109): Illuminate\\Pipeline\\Pipeline->Illuminate\\Pipeline\\{closure}(Object(Illuminate\\Http\\Request))
#38 F:\\Coding\\Web\\Laravel\\agenda\\agenda\\vendor\\laravel\\framework\\src\\Illuminate\\Pipeline\\Pipeline.php(208): Illuminate\\Foundation\\Http\\Middleware\\PreventRequestsDuringMaintenance->handle(Object(Illuminate\\Http\\Request), Object(Closure))
#39 F:\\Coding\\Web\\Laravel\\agenda\\agenda\\vendor\\laravel\\framework\\src\\Illuminate\\Http\\Middleware\\HandleCors.php(48): Illuminate\\Pipeline\\Pipeline->Illuminate\\Pipeline\\{closure}(Object(Illuminate\\Http\\Request))
#40 F:\\Coding\\Web\\Laravel\\agenda\\agenda\\vendor\\laravel\\framework\\src\\Illuminate\\Pipeline\\Pipeline.php(208): Illuminate\\Http\\Middleware\\HandleCors->handle(Object(Illuminate\\Http\\Request), Object(Closure))
#41 F:\\Coding\\Web\\Laravel\\agenda\\agenda\\vendor\\laravel\\framework\\src\\Illuminate\\Http\\Middleware\\TrustProxies.php(58): Illuminate\\Pipeline\\Pipeline->Illuminate\\Pipeline\\{closure}(Object(Illuminate\\Http\\Request))
#42 F:\\Coding\\Web\\Laravel\\agenda\\agenda\\vendor\\laravel\\framework\\src\\Illuminate\\Pipeline\\Pipeline.php(208): Illuminate\\Http\\Middleware\\TrustProxies->handle(Object(Illuminate\\Http\\Request), Object(Closure))
#43 F:\\Coding\\Web\\Laravel\\agenda\\agenda\\vendor\\laravel\\framework\\src\\Illuminate\\Foundation\\Http\\Middleware\\InvokeDeferredCallbacks.php(22): Illuminate\\Pipeline\\Pipeline->Illuminate\\Pipeline\\{closure}(Object(Illuminate\\Http\\Request))
#44 F:\\Coding\\Web\\Laravel\\agenda\\agenda\\vendor\\laravel\\framework\\src\\Illuminate\\Pipeline\\Pipeline.php(208): Illuminate\\Foundation\\Http\\Middleware\\InvokeDeferredCallbacks->handle(Object(Illuminate\\Http\\Request), Object(Closure))
#45 F:\\Coding\\Web\\Laravel\\agenda\\agenda\\vendor\\laravel\\framework\\src\\Illuminate\\Http\\Middleware\\ValidatePathEncoding.php(26): Illuminate\\Pipeline\\Pipeline->Illuminate\\Pipeline\\{closure}(Object(Illuminate\\Http\\Request))
#46 F:\\Coding\\Web\\Laravel\\agenda\\agenda\\vendor\\laravel\\framework\\src\\Illuminate\\Pipeline\\Pipeline.php(208): Illuminate\\Http\\Middleware\\ValidatePathEncoding->handle(Object(Illuminate\\Http\\Request), Object(Closure))
#47 F:\\Coding\\Web\\Laravel\\agenda\\agenda\\vendor\\laravel\\framework\\src\\Illuminate\\Pipeline\\Pipeline.php(126): Illuminate\\Pipeline\\Pipeline->Illuminate\\Pipeline\\{closure}(Object(Illuminate\\Http\\Request))
#48 F:\\Coding\\Web\\Laravel\\agenda\\agenda\\vendor\\laravel\\framework\\src\\Illuminate\\Foundation\\Http\\Kernel.php(175): Illuminate\\Pipeline\\Pipeline->then(Object(Closure))
#49 F:\\Coding\\Web\\Laravel\\agenda\\agenda\\vendor\\laravel\\framework\\src\\Illuminate\\Foundation\\Http\\Kernel.php(144): Illuminate\\Foundation\\Http\\Kernel->sendRequestThroughRouter(Object(Illuminate\\Http\\Request))
#50 F:\\Coding\\Web\\Laravel\\agenda\\agenda\\vendor\\laravel\\framework\\src\\Illuminate\\Foundation\\Application.php(1219): Illuminate\\Foundation\\Http\\Kernel->handle(Object(Illuminate\\Http\\Request))
#51 F:\\Coding\\Web\\Laravel\\agenda\\agenda\\public\\index.php(20): Illuminate\\Foundation\\Application->handleRequest(Object(Illuminate\\Http\\Request))
#52 F:\\Coding\\Web\\Laravel\\agenda\\agenda\\vendor\\laravel\\framework\\src\\Illuminate\\Foundation\\resources\\server.php(23): require_once('F:\\\\Coding\\\\Web\\\\L...')
#53 {main}
"} 
[2025-09-10 14:37:12] local.ERROR: Unable to set component data. Public property [$currentCount] not found on component: [display.user-board] {"userId":1,"exception":"[object] (Livewire\\Exceptions\\PublicPropertyNotFoundException(code: 0): Unable to set component data. Public property [$currentCount] not found on component: [display.user-board] at F:\\Coding\\Web\\Laravel\\agenda\\agenda\\vendor\\livewire\\livewire\\src\\Mechanisms\\HandleComponents\\HandleComponents.php:336)
[stacktrace]
#0 F:\\Coding\\Web\\Laravel\\agenda\\agenda\\vendor\\livewire\\livewire\\src\\Mechanisms\\HandleComponents\\HandleComponents.php(318): Livewire\\Mechanisms\\HandleComponents\\HandleComponents->updateProperty(Object(App\\Livewire\\Display\\UserBoard), 'currentCount', 2, Object(Livewire\\Mechanisms\\HandleComponents\\ComponentContext))
#1 F:\\Coding\\Web\\Laravel\\agenda\\agenda\\vendor\\livewire\\livewire\\src\\Mechanisms\\HandleComponents\\HandleComponents.php(98): Livewire\\Mechanisms\\HandleComponents\\HandleComponents->updateProperties(Object(App\\Livewire\\Display\\UserBoard), Array, Array, Object(Livewire\\Mechanisms\\HandleComponents\\ComponentContext))
#2 F:\\Coding\\Web\\Laravel\\agenda\\agenda\\vendor\\livewire\\livewire\\src\\LivewireManager.php(102): Livewire\\Mechanisms\\HandleComponents\\HandleComponents->update(Array, Array, Array)
#3 F:\\Coding\\Web\\Laravel\\agenda\\agenda\\vendor\\livewire\\volt\\src\\LivewireManager.php(35): Livewire\\LivewireManager->update(Array, Array, Array)
#4 F:\\Coding\\Web\\Laravel\\agenda\\agenda\\vendor\\livewire\\livewire\\src\\Mechanisms\\HandleRequests\\HandleRequests.php(94): Livewire\\Volt\\LivewireManager->update(Array, Array, Array)
#5 F:\\Coding\\Web\\Laravel\\agenda\\agenda\\vendor\\laravel\\framework\\src\\Illuminate\\Routing\\ControllerDispatcher.php(46): Livewire\\Mechanisms\\HandleRequests\\HandleRequests->handleUpdate()
#6 F:\\Coding\\Web\\Laravel\\agenda\\agenda\\vendor\\laravel\\framework\\src\\Illuminate\\Routing\\Route.php(265): Illuminate\\Routing\\ControllerDispatcher->dispatch(Object(Illuminate\\Routing\\Route), Object(Livewire\\Mechanisms\\HandleRequests\\HandleRequests), 'handleUpdate')
#7 F:\\Coding\\Web\\Laravel\\agenda\\agenda\\vendor\\laravel\\framework\\src\\Illuminate\\Routing\\Route.php(211): Illuminate\\Routing\\Route->runController()
#8 F:\\Coding\\Web\\Laravel\\agenda\\agenda\\vendor\\laravel\\framework\\src\\Illuminate\\Routing\\Router.php(808): Illuminate\\Routing\\Route->run()
#9 F:\\Coding\\Web\\Laravel\\agenda\\agenda\\vendor\\laravel\\framework\\src\\Illuminate\\Pipeline\\Pipeline.php(169): Illuminate\\Routing\\Router->Illuminate\\Routing\\{closure}(Object(Illuminate\\Http\\Request))
#10 F:\\Coding\\Web\\Laravel\\agenda\\agenda\\vendor\\laravel\\framework\\src\\Illuminate\\Routing\\Middleware\\SubstituteBindings.php(50): Illuminate\\Pipeline\\Pipeline->Illuminate\\Pipeline\\{closure}(Object(Illuminate\\Http\\Request))
#11 F:\\Coding\\Web\\Laravel\\agenda\\agenda\\vendor\\laravel\\framework\\src\\Illuminate\\Pipeline\\Pipeline.php(208): Illuminate\\Routing\\Middleware\\SubstituteBindings->handle(Object(Illuminate\\Http\\Request), Object(Closure))
#12 F:\\Coding\\Web\\Laravel\\agenda\\agenda\\vendor\\laravel\\framework\\src\\Illuminate\\Foundation\\Http\\Middleware\\VerifyCsrfToken.php(87): Illuminate\\Pipeline\\Pipeline->Illuminate\\Pipeline\\{closure}(Object(Illuminate\\Http\\Request))
#13 F:\\Coding\\Web\\Laravel\\agenda\\agenda\\vendor\\laravel\\framework\\src\\Illuminate\\Pipeline\\Pipeline.php(208): Illuminate\\Foundation\\Http\\Middleware\\VerifyCsrfToken->handle(Object(Illuminate\\Http\\Request), Object(Closure))
#14 F:\\Coding\\Web\\Laravel\\agenda\\agenda\\vendor\\laravel\\framework\\src\\Illuminate\\View\\Middleware\\ShareErrorsFromSession.php(48): Illuminate\\Pipeline\\Pipeline->Illuminate\\Pipeline\\{closure}(Object(Illuminate\\Http\\Request))
#15 F:\\Coding\\Web\\Laravel\\agenda\\agenda\\vendor\\laravel\\framework\\src\\Illuminate\\Pipeline\\Pipeline.php(208): Illuminate\\View\\Middleware\\ShareErrorsFromSession->handle(Object(Illuminate\\Http\\Request), Object(Closure))
#16 F:\\Coding\\Web\\Laravel\\agenda\\agenda\\vendor\\laravel\\framework\\src\\Illuminate\\Session\\Middleware\\StartSession.php(120): Illuminate\\Pipeline\\Pipeline->Illuminate\\Pipeline\\{closure}(Object(Illuminate\\Http\\Request))
#17 F:\\Coding\\Web\\Laravel\\agenda\\agenda\\vendor\\laravel\\framework\\src\\Illuminate\\Session\\Middleware\\StartSession.php(63): Illuminate\\Session\\Middleware\\StartSession->handleStatefulRequest(Object(Illuminate\\Http\\Request), Object(Illuminate\\Session\\Store), Object(Closure))
#18 F:\\Coding\\Web\\Laravel\\agenda\\agenda\\vendor\\laravel\\framework\\src\\Illuminate\\Pipeline\\Pipeline.php(208): Illuminate\\Session\\Middleware\\StartSession->handle(Object(Illuminate\\Http\\Request), Object(Closure))
#19 F:\\Coding\\Web\\Laravel\\agenda\\agenda\\vendor\\laravel\\framework\\src\\Illuminate\\Cookie\\Middleware\\AddQueuedCookiesToResponse.php(36): Illuminate\\Pipeline\\Pipeline->Illuminate\\Pipeline\\{closure}(Object(Illuminate\\Http\\Request))
#20 F:\\Coding\\Web\\Laravel\\agenda\\agenda\\vendor\\laravel\\framework\\src\\Illuminate\\Pipeline\\Pipeline.php(208): Illuminate\\Cookie\\Middleware\\AddQueuedCookiesToResponse->handle(Object(Illuminate\\Http\\Request), Object(Closure))
#21 F:\\Coding\\Web\\Laravel\\agenda\\agenda\\vendor\\laravel\\framework\\src\\Illuminate\\Cookie\\Middleware\\EncryptCookies.php(74): Illuminate\\Pipeline\\Pipeline->Illuminate\\Pipeline\\{closure}(Object(Illuminate\\Http\\Request))
#22 F:\\Coding\\Web\\Laravel\\agenda\\agenda\\vendor\\laravel\\framework\\src\\Illuminate\\Pipeline\\Pipeline.php(208): Illuminate\\Cookie\\Middleware\\EncryptCookies->handle(Object(Illuminate\\Http\\Request), Object(Closure))
#23 F:\\Coding\\Web\\Laravel\\agenda\\agenda\\vendor\\laravel\\framework\\src\\Illuminate\\Pipeline\\Pipeline.php(126): Illuminate\\Pipeline\\Pipeline->Illuminate\\Pipeline\\{closure}(Object(Illuminate\\Http\\Request))
#24 F:\\Coding\\Web\\Laravel\\agenda\\agenda\\vendor\\laravel\\framework\\src\\Illuminate\\Routing\\Router.php(807): Illuminate\\Pipeline\\Pipeline->then(Object(Closure))
#25 F:\\Coding\\Web\\Laravel\\agenda\\agenda\\vendor\\laravel\\framework\\src\\Illuminate\\Routing\\Router.php(786): Illuminate\\Routing\\Router->runRouteWithinStack(Object(Illuminate\\Routing\\Route), Object(Illuminate\\Http\\Request))
#26 F:\\Coding\\Web\\Laravel\\agenda\\agenda\\vendor\\laravel\\framework\\src\\Illuminate\\Routing\\Router.php(750): Illuminate\\Routing\\Router->runRoute(Object(Illuminate\\Http\\Request), Object(Illuminate\\Routing\\Route))
#27 F:\\Coding\\Web\\Laravel\\agenda\\agenda\\vendor\\laravel\\framework\\src\\Illuminate\\Routing\\Router.php(739): Illuminate\\Routing\\Router->dispatchToRoute(Object(Illuminate\\Http\\Request))
#28 F:\\Coding\\Web\\Laravel\\agenda\\agenda\\vendor\\laravel\\framework\\src\\Illuminate\\Foundation\\Http\\Kernel.php(200): Illuminate\\Routing\\Router->dispatch(Object(Illuminate\\Http\\Request))
#29 F:\\Coding\\Web\\Laravel\\agenda\\agenda\\vendor\\laravel\\framework\\src\\Illuminate\\Pipeline\\Pipeline.php(169): Illuminate\\Foundation\\Http\\Kernel->Illuminate\\Foundation\\Http\\{closure}(Object(Illuminate\\Http\\Request))
#30 F:\\Coding\\Web\\Laravel\\agenda\\agenda\\vendor\\livewire\\livewire\\src\\Features\\SupportDisablingBackButtonCache\\DisableBackButtonCacheMiddleware.php(19): Illuminate\\Pipeline\\Pipeline->Illuminate\\Pipeline\\{closure}(Object(Illuminate\\Http\\Request))
#31 F:\\Coding\\Web\\Laravel\\agenda\\agenda\\vendor\\laravel\\framework\\src\\Illuminate\\Pipeline\\Pipeline.php(208): Livewire\\Features\\SupportDisablingBackButtonCache\\DisableBackButtonCacheMiddleware->handle(Object(Illuminate\\Http\\Request), Object(Closure))
#32 F:\\Coding\\Web\\Laravel\\agenda\\agenda\\vendor\\laravel\\framework\\src\\Illuminate\\Foundation\\Http\\Middleware\\ConvertEmptyStringsToNull.php(27): Illuminate\\Pipeline\\Pipeline->Illuminate\\Pipeline\\{closure}(Object(Illuminate\\Http\\Request))
#33 F:\\Coding\\Web\\Laravel\\agenda\\agenda\\vendor\\laravel\\framework\\src\\Illuminate\\Pipeline\\Pipeline.php(208): Illuminate\\Foundation\\Http\\Middleware\\ConvertEmptyStringsToNull->handle(Object(Illuminate\\Http\\Request), Object(Closure))
#34 F:\\Coding\\Web\\Laravel\\agenda\\agenda\\vendor\\laravel\\framework\\src\\Illuminate\\Foundation\\Http\\Middleware\\TrimStrings.php(47): Illuminate\\Pipeline\\Pipeline->Illuminate\\Pipeline\\{closure}(Object(Illuminate\\Http\\Request))
#35 F:\\Coding\\Web\\Laravel\\agenda\\agenda\\vendor\\laravel\\framework\\src\\Illuminate\\Pipeline\\Pipeline.php(208): Illuminate\\Foundation\\Http\\Middleware\\TrimStrings->handle(Object(Illuminate\\Http\\Request), Object(Closure))
#36 F:\\Coding\\Web\\Laravel\\agenda\\agenda\\vendor\\laravel\\framework\\src\\Illuminate\\Http\\Middleware\\ValidatePostSize.php(27): Illuminate\\Pipeline\\Pipeline->Illuminate\\Pipeline\\{closure}(Object(Illuminate\\Http\\Request))
#37 F:\\Coding\\Web\\Laravel\\agenda\\agenda\\vendor\\laravel\\framework\\src\\Illuminate\\Pipeline\\Pipeline.php(208): Illuminate\\Http\\Middleware\\ValidatePostSize->handle(Object(Illuminate\\Http\\Request), Object(Closure))
#38 F:\\Coding\\Web\\Laravel\\agenda\\agenda\\vendor\\laravel\\framework\\src\\Illuminate\\Foundation\\Http\\Middleware\\PreventRequestsDuringMaintenance.php(109): Illuminate\\Pipeline\\Pipeline->Illuminate\\Pipeline\\{closure}(Object(Illuminate\\Http\\Request))
#39 F:\\Coding\\Web\\Laravel\\agenda\\agenda\\vendor\\laravel\\framework\\src\\Illuminate\\Pipeline\\Pipeline.php(208): Illuminate\\Foundation\\Http\\Middleware\\PreventRequestsDuringMaintenance->handle(Object(Illuminate\\Http\\Request), Object(Closure))
#40 F:\\Coding\\Web\\Laravel\\agenda\\agenda\\vendor\\laravel\\framework\\src\\Illuminate\\Http\\Middleware\\HandleCors.php(48): Illuminate\\Pipeline\\Pipeline->Illuminate\\Pipeline\\{closure}(Object(Illuminate\\Http\\Request))
#41 F:\\Coding\\Web\\Laravel\\agenda\\agenda\\vendor\\laravel\\framework\\src\\Illuminate\\Pipeline\\Pipeline.php(208): Illuminate\\Http\\Middleware\\HandleCors->handle(Object(Illuminate\\Http\\Request), Object(Closure))
#42 F:\\Coding\\Web\\Laravel\\agenda\\agenda\\vendor\\laravel\\framework\\src\\Illuminate\\Http\\Middleware\\TrustProxies.php(58): Illuminate\\Pipeline\\Pipeline->Illuminate\\Pipeline\\{closure}(Object(Illuminate\\Http\\Request))
#43 F:\\Coding\\Web\\Laravel\\agenda\\agenda\\vendor\\laravel\\framework\\src\\Illuminate\\Pipeline\\Pipeline.php(208): Illuminate\\Http\\Middleware\\TrustProxies->handle(Object(Illuminate\\Http\\Request), Object(Closure))
#44 F:\\Coding\\Web\\Laravel\\agenda\\agenda\\vendor\\laravel\\framework\\src\\Illuminate\\Foundation\\Http\\Middleware\\InvokeDeferredCallbacks.php(22): Illuminate\\Pipeline\\Pipeline->Illuminate\\Pipeline\\{closure}(Object(Illuminate\\Http\\Request))
#45 F:\\Coding\\Web\\Laravel\\agenda\\agenda\\vendor\\laravel\\framework\\src\\Illuminate\\Pipeline\\Pipeline.php(208): Illuminate\\Foundation\\Http\\Middleware\\InvokeDeferredCallbacks->handle(Object(Illuminate\\Http\\Request), Object(Closure))
#46 F:\\Coding\\Web\\Laravel\\agenda\\agenda\\vendor\\laravel\\framework\\src\\Illuminate\\Http\\Middleware\\ValidatePathEncoding.php(26): Illuminate\\Pipeline\\Pipeline->Illuminate\\Pipeline\\{closure}(Object(Illuminate\\Http\\Request))
#47 F:\\Coding\\Web\\Laravel\\agenda\\agenda\\vendor\\laravel\\framework\\src\\Illuminate\\Pipeline\\Pipeline.php(208): Illuminate\\Http\\Middleware\\ValidatePathEncoding->handle(Object(Illuminate\\Http\\Request), Object(Closure))
#48 F:\\Coding\\Web\\Laravel\\agenda\\agenda\\vendor\\laravel\\framework\\src\\Illuminate\\Pipeline\\Pipeline.php(126): Illuminate\\Pipeline\\Pipeline->Illuminate\\Pipeline\\{closure}(Object(Illuminate\\Http\\Request))
#49 F:\\Coding\\Web\\Laravel\\agenda\\agenda\\vendor\\laravel\\framework\\src\\Illuminate\\Foundation\\Http\\Kernel.php(175): Illuminate\\Pipeline\\Pipeline->then(Object(Closure))
#50 F:\\Coding\\Web\\Laravel\\agenda\\agenda\\vendor\\laravel\\framework\\src\\Illuminate\\Foundation\\Http\\Kernel.php(144): Illuminate\\Foundation\\Http\\Kernel->sendRequestThroughRouter(Object(Illuminate\\Http\\Request))
#51 F:\\Coding\\Web\\Laravel\\agenda\\agenda\\vendor\\laravel\\framework\\src\\Illuminate\\Foundation\\Application.php(1219): Illuminate\\Foundation\\Http\\Kernel->handle(Object(Illuminate\\Http\\Request))
#52 F:\\Coding\\Web\\Laravel\\agenda\\agenda\\public\\index.php(20): Illuminate\\Foundation\\Application->handleRequest(Object(Illuminate\\Http\\Request))
#53 F:\\Coding\\Web\\Laravel\\agenda\\agenda\\vendor\\laravel\\framework\\src\\Illuminate\\Foundation\\resources\\server.php(23): require_once('F:\\\\Coding\\\\Web\\\\L...')
#54 {main}
"} 
[2025-09-10 14:37:15] local.ERROR: Unable to set component data. Public property [$currentCount] not found on component: [display.user-board] {"userId":1,"exception":"[object] (Livewire\\Exceptions\\PublicPropertyNotFoundException(code: 0): Unable to set component data. Public property [$currentCount] not found on component: [display.user-board] at F:\\Coding\\Web\\Laravel\\agenda\\agenda\\vendor\\livewire\\livewire\\src\\Mechanisms\\HandleComponents\\HandleComponents.php:336)
[stacktrace]
#0 F:\\Coding\\Web\\Laravel\\agenda\\agenda\\vendor\\livewire\\livewire\\src\\Mechanisms\\HandleComponents\\HandleComponents.php(318): Livewire\\Mechanisms\\HandleComponents\\HandleComponents->updateProperty(Object(App\\Livewire\\Display\\UserBoard), 'currentCount', 2, Object(Livewire\\Mechanisms\\HandleComponents\\ComponentContext))
#1 F:\\Coding\\Web\\Laravel\\agenda\\agenda\\vendor\\livewire\\livewire\\src\\Mechanisms\\HandleComponents\\HandleComponents.php(98): Livewire\\Mechanisms\\HandleComponents\\HandleComponents->updateProperties(Object(App\\Livewire\\Display\\UserBoard), Array, Array, Object(Livewire\\Mechanisms\\HandleComponents\\ComponentContext))
#2 F:\\Coding\\Web\\Laravel\\agenda\\agenda\\vendor\\livewire\\livewire\\src\\LivewireManager.php(102): Livewire\\Mechanisms\\HandleComponents\\HandleComponents->update(Array, Array, Array)
#3 F:\\Coding\\Web\\Laravel\\agenda\\agenda\\vendor\\livewire\\volt\\src\\LivewireManager.php(35): Livewire\\LivewireManager->update(Array, Array, Array)
#4 F:\\Coding\\Web\\Laravel\\agenda\\agenda\\vendor\\livewire\\livewire\\src\\Mechanisms\\HandleRequests\\HandleRequests.php(94): Livewire\\Volt\\LivewireManager->update(Array, Array, Array)
#5 F:\\Coding\\Web\\Laravel\\agenda\\agenda\\vendor\\laravel\\framework\\src\\Illuminate\\Routing\\ControllerDispatcher.php(46): Livewire\\Mechanisms\\HandleRequests\\HandleRequests->handleUpdate()
#6 F:\\Coding\\Web\\Laravel\\agenda\\agenda\\vendor\\laravel\\framework\\src\\Illuminate\\Routing\\Route.php(265): Illuminate\\Routing\\ControllerDispatcher->dispatch(Object(Illuminate\\Routing\\Route), Object(Livewire\\Mechanisms\\HandleRequests\\HandleRequests), 'handleUpdate')
#7 F:\\Coding\\Web\\Laravel\\agenda\\agenda\\vendor\\laravel\\framework\\src\\Illuminate\\Routing\\Route.php(211): Illuminate\\Routing\\Route->runController()
#8 F:\\Coding\\Web\\Laravel\\agenda\\agenda\\vendor\\laravel\\framework\\src\\Illuminate\\Routing\\Router.php(808): Illuminate\\Routing\\Route->run()
#9 F:\\Coding\\Web\\Laravel\\agenda\\agenda\\vendor\\laravel\\framework\\src\\Illuminate\\Pipeline\\Pipeline.php(169): Illuminate\\Routing\\Router->Illuminate\\Routing\\{closure}(Object(Illuminate\\Http\\Request))
#10 F:\\Coding\\Web\\Laravel\\agenda\\agenda\\vendor\\laravel\\framework\\src\\Illuminate\\Routing\\Middleware\\SubstituteBindings.php(50): Illuminate\\Pipeline\\Pipeline->Illuminate\\Pipeline\\{closure}(Object(Illuminate\\Http\\Request))
#11 F:\\Coding\\Web\\Laravel\\agenda\\agenda\\vendor\\laravel\\framework\\src\\Illuminate\\Pipeline\\Pipeline.php(208): Illuminate\\Routing\\Middleware\\SubstituteBindings->handle(Object(Illuminate\\Http\\Request), Object(Closure))
#12 F:\\Coding\\Web\\Laravel\\agenda\\agenda\\vendor\\laravel\\framework\\src\\Illuminate\\Foundation\\Http\\Middleware\\VerifyCsrfToken.php(87): Illuminate\\Pipeline\\Pipeline->Illuminate\\Pipeline\\{closure}(Object(Illuminate\\Http\\Request))
#13 F:\\Coding\\Web\\Laravel\\agenda\\agenda\\vendor\\laravel\\framework\\src\\Illuminate\\Pipeline\\Pipeline.php(208): Illuminate\\Foundation\\Http\\Middleware\\VerifyCsrfToken->handle(Object(Illuminate\\Http\\Request), Object(Closure))
#14 F:\\Coding\\Web\\Laravel\\agenda\\agenda\\vendor\\laravel\\framework\\src\\Illuminate\\View\\Middleware\\ShareErrorsFromSession.php(48): Illuminate\\Pipeline\\Pipeline->Illuminate\\Pipeline\\{closure}(Object(Illuminate\\Http\\Request))
#15 F:\\Coding\\Web\\Laravel\\agenda\\agenda\\vendor\\laravel\\framework\\src\\Illuminate\\Pipeline\\Pipeline.php(208): Illuminate\\View\\Middleware\\ShareErrorsFromSession->handle(Object(Illuminate\\Http\\Request), Object(Closure))
#16 F:\\Coding\\Web\\Laravel\\agenda\\agenda\\vendor\\laravel\\framework\\src\\Illuminate\\Session\\Middleware\\StartSession.php(120): Illuminate\\Pipeline\\Pipeline->Illuminate\\Pipeline\\{closure}(Object(Illuminate\\Http\\Request))
#17 F:\\Coding\\Web\\Laravel\\agenda\\agenda\\vendor\\laravel\\framework\\src\\Illuminate\\Session\\Middleware\\StartSession.php(63): Illuminate\\Session\\Middleware\\StartSession->handleStatefulRequest(Object(Illuminate\\Http\\Request), Object(Illuminate\\Session\\Store), Object(Closure))
#18 F:\\Coding\\Web\\Laravel\\agenda\\agenda\\vendor\\laravel\\framework\\src\\Illuminate\\Pipeline\\Pipeline.php(208): Illuminate\\Session\\Middleware\\StartSession->handle(Object(Illuminate\\Http\\Request), Object(Closure))
#19 F:\\Coding\\Web\\Laravel\\agenda\\agenda\\vendor\\laravel\\framework\\src\\Illuminate\\Cookie\\Middleware\\AddQueuedCookiesToResponse.php(36): Illuminate\\Pipeline\\Pipeline->Illuminate\\Pipeline\\{closure}(Object(Illuminate\\Http\\Request))
#20 F:\\Coding\\Web\\Laravel\\agenda\\agenda\\vendor\\laravel\\framework\\src\\Illuminate\\Pipeline\\Pipeline.php(208): Illuminate\\Cookie\\Middleware\\AddQueuedCookiesToResponse->handle(Object(Illuminate\\Http\\Request), Object(Closure))
#21 F:\\Coding\\Web\\Laravel\\agenda\\agenda\\vendor\\laravel\\framework\\src\\Illuminate\\Cookie\\Middleware\\EncryptCookies.php(74): Illuminate\\Pipeline\\Pipeline->Illuminate\\Pipeline\\{closure}(Object(Illuminate\\Http\\Request))
#22 F:\\Coding\\Web\\Laravel\\agenda\\agenda\\vendor\\laravel\\framework\\src\\Illuminate\\Pipeline\\Pipeline.php(208): Illuminate\\Cookie\\Middleware\\EncryptCookies->handle(Object(Illuminate\\Http\\Request), Object(Closure))
#23 F:\\Coding\\Web\\Laravel\\agenda\\agenda\\vendor\\laravel\\framework\\src\\Illuminate\\Pipeline\\Pipeline.php(126): Illuminate\\Pipeline\\Pipeline->Illuminate\\Pipeline\\{closure}(Object(Illuminate\\Http\\Request))
#24 F:\\Coding\\Web\\Laravel\\agenda\\agenda\\vendor\\laravel\\framework\\src\\Illuminate\\Routing\\Router.php(807): Illuminate\\Pipeline\\Pipeline->then(Object(Closure))
#25 F:\\Coding\\Web\\Laravel\\agenda\\agenda\\vendor\\laravel\\framework\\src\\Illuminate\\Routing\\Router.php(786): Illuminate\\Routing\\Router->runRouteWithinStack(Object(Illuminate\\Routing\\Route), Object(Illuminate\\Http\\Request))
#26 F:\\Coding\\Web\\Laravel\\agenda\\agenda\\vendor\\laravel\\framework\\src\\Illuminate\\Routing\\Router.php(750): Illuminate\\Routing\\Router->runRoute(Object(Illuminate\\Http\\Request), Object(Illuminate\\Routing\\Route))
#27 F:\\Coding\\Web\\Laravel\\agenda\\agenda\\vendor\\laravel\\framework\\src\\Illuminate\\Routing\\Router.php(739): Illuminate\\Routing\\Router->dispatchToRoute(Object(Illuminate\\Http\\Request))
#28 F:\\Coding\\Web\\Laravel\\agenda\\agenda\\vendor\\laravel\\framework\\src\\Illuminate\\Foundation\\Http\\Kernel.php(200): Illuminate\\Routing\\Router->dispatch(Object(Illuminate\\Http\\Request))
#29 F:\\Coding\\Web\\Laravel\\agenda\\agenda\\vendor\\laravel\\framework\\src\\Illuminate\\Pipeline\\Pipeline.php(169): Illuminate\\Foundation\\Http\\Kernel->Illuminate\\Foundation\\Http\\{closure}(Object(Illuminate\\Http\\Request))
#30 F:\\Coding\\Web\\Laravel\\agenda\\agenda\\vendor\\livewire\\livewire\\src\\Features\\SupportDisablingBackButtonCache\\DisableBackButtonCacheMiddleware.php(19): Illuminate\\Pipeline\\Pipeline->Illuminate\\Pipeline\\{closure}(Object(Illuminate\\Http\\Request))
#31 F:\\Coding\\Web\\Laravel\\agenda\\agenda\\vendor\\laravel\\framework\\src\\Illuminate\\Pipeline\\Pipeline.php(208): Livewire\\Features\\SupportDisablingBackButtonCache\\DisableBackButtonCacheMiddleware->handle(Object(Illuminate\\Http\\Request), Object(Closure))
#32 F:\\Coding\\Web\\Laravel\\agenda\\agenda\\vendor\\laravel\\framework\\src\\Illuminate\\Foundation\\Http\\Middleware\\ConvertEmptyStringsToNull.php(27): Illuminate\\Pipeline\\Pipeline->Illuminate\\Pipeline\\{closure}(Object(Illuminate\\Http\\Request))
#33 F:\\Coding\\Web\\Laravel\\agenda\\agenda\\vendor\\laravel\\framework\\src\\Illuminate\\Pipeline\\Pipeline.php(208): Illuminate\\Foundation\\Http\\Middleware\\ConvertEmptyStringsToNull->handle(Object(Illuminate\\Http\\Request), Object(Closure))
#34 F:\\Coding\\Web\\Laravel\\agenda\\agenda\\vendor\\laravel\\framework\\src\\Illuminate\\Foundation\\Http\\Middleware\\TrimStrings.php(47): Illuminate\\Pipeline\\Pipeline->Illuminate\\Pipeline\\{closure}(Object(Illuminate\\Http\\Request))
#35 F:\\Coding\\Web\\Laravel\\agenda\\agenda\\vendor\\laravel\\framework\\src\\Illuminate\\Pipeline\\Pipeline.php(208): Illuminate\\Foundation\\Http\\Middleware\\TrimStrings->handle(Object(Illuminate\\Http\\Request), Object(Closure))
#36 F:\\Coding\\Web\\Laravel\\agenda\\agenda\\vendor\\laravel\\framework\\src\\Illuminate\\Http\\Middleware\\ValidatePostSize.php(27): Illuminate\\Pipeline\\Pipeline->Illuminate\\Pipeline\\{closure}(Object(Illuminate\\Http\\Request))
#37 F:\\Coding\\Web\\Laravel\\agenda\\agenda\\vendor\\laravel\\framework\\src\\Illuminate\\Pipeline\\Pipeline.php(208): Illuminate\\Http\\Middleware\\ValidatePostSize->handle(Object(Illuminate\\Http\\Request), Object(Closure))
#38 F:\\Coding\\Web\\Laravel\\agenda\\agenda\\vendor\\laravel\\framework\\src\\Illuminate\\Foundation\\Http\\Middleware\\PreventRequestsDuringMaintenance.php(109): Illuminate\\Pipeline\\Pipeline->Illuminate\\Pipeline\\{closure}(Object(Illuminate\\Http\\Request))
#39 F:\\Coding\\Web\\Laravel\\agenda\\agenda\\vendor\\laravel\\framework\\src\\Illuminate\\Pipeline\\Pipeline.php(208): Illuminate\\Foundation\\Http\\Middleware\\PreventRequestsDuringMaintenance->handle(Object(Illuminate\\Http\\Request), Object(Closure))
#40 F:\\Coding\\Web\\Laravel\\agenda\\agenda\\vendor\\laravel\\framework\\src\\Illuminate\\Http\\Middleware\\HandleCors.php(48): Illuminate\\Pipeline\\Pipeline->Illuminate\\Pipeline\\{closure}(Object(Illuminate\\Http\\Request))
#41 F:\\Coding\\Web\\Laravel\\agenda\\agenda\\vendor\\laravel\\framework\\src\\Illuminate\\Pipeline\\Pipeline.php(208): Illuminate\\Http\\Middleware\\HandleCors->handle(Object(Illuminate\\Http\\Request), Object(Closure))
#42 F:\\Coding\\Web\\Laravel\\agenda\\agenda\\vendor\\laravel\\framework\\src\\Illuminate\\Http\\Middleware\\TrustProxies.php(58): Illuminate\\Pipeline\\Pipeline->Illuminate\\Pipeline\\{closure}(Object(Illuminate\\Http\\Request))
#43 F:\\Coding\\Web\\Laravel\\agenda\\agenda\\vendor\\laravel\\framework\\src\\Illuminate\\Pipeline\\Pipeline.php(208): Illuminate\\Http\\Middleware\\TrustProxies->handle(Object(Illuminate\\Http\\Request), Object(Closure))
#44 F:\\Coding\\Web\\Laravel\\agenda\\agenda\\vendor\\laravel\\framework\\src\\Illuminate\\Foundation\\Http\\Middleware\\InvokeDeferredCallbacks.php(22): Illuminate\\Pipeline\\Pipeline->Illuminate\\Pipeline\\{closure}(Object(Illuminate\\Http\\Request))
#45 F:\\Coding\\Web\\Laravel\\agenda\\agenda\\vendor\\laravel\\framework\\src\\Illuminate\\Pipeline\\Pipeline.php(208): Illuminate\\Foundation\\Http\\Middleware\\InvokeDeferredCallbacks->handle(Object(Illuminate\\Http\\Request), Object(Closure))
#46 F:\\Coding\\Web\\Laravel\\agenda\\agenda\\vendor\\laravel\\framework\\src\\Illuminate\\Http\\Middleware\\ValidatePathEncoding.php(26): Illuminate\\Pipeline\\Pipeline->Illuminate\\Pipeline\\{closure}(Object(Illuminate\\Http\\Request))
#47 F:\\Coding\\Web\\Laravel\\agenda\\agenda\\vendor\\laravel\\framework\\src\\Illuminate\\Pipeline\\Pipeline.php(208): Illuminate\\Http\\Middleware\\ValidatePathEncoding->handle(Object(Illuminate\\Http\\Request), Object(Closure))
#48 F:\\Coding\\Web\\Laravel\\agenda\\agenda\\vendor\\laravel\\framework\\src\\Illuminate\\Pipeline\\Pipeline.php(126): Illuminate\\Pipeline\\Pipeline->Illuminate\\Pipeline\\{closure}(Object(Illuminate\\Http\\Request))
#49 F:\\Coding\\Web\\Laravel\\agenda\\agenda\\vendor\\laravel\\framework\\src\\Illuminate\\Foundation\\Http\\Kernel.php(175): Illuminate\\Pipeline\\Pipeline->then(Object(Closure))
#50 F:\\Coding\\Web\\Laravel\\agenda\\agenda\\vendor\\laravel\\framework\\src\\Illuminate\\Foundation\\Http\\Kernel.php(144): Illuminate\\Foundation\\Http\\Kernel->sendRequestThroughRouter(Object(Illuminate\\Http\\Request))
#51 F:\\Coding\\Web\\Laravel\\agenda\\agenda\\vendor\\laravel\\framework\\src\\Illuminate\\Foundation\\Application.php(1219): Illuminate\\Foundation\\Http\\Kernel->handle(Object(Illuminate\\Http\\Request))
#52 F:\\Coding\\Web\\Laravel\\agenda\\agenda\\public\\index.php(20): Illuminate\\Foundation\\Application->handleRequest(Object(Illuminate\\Http\\Request))
#53 F:\\Coding\\Web\\Laravel\\agenda\\agenda\\vendor\\laravel\\framework\\src\\Illuminate\\Foundation\\resources\\server.php(23): require_once('F:\\\\Coding\\\\Web\\\\L...')
#54 {main}
"} 
[2025-09-10 15:08:49] local.ERROR: There are no commands defined in the "migration" namespace.

Did you mean this?
    migrate {"exception":"[object] (Symfony\\Component\\Console\\Exception\\NamespaceNotFoundException(code: 0): There are no commands defined in the \"migration\" namespace.

Did you mean this?
    migrate at F:\\Coding\\Web\\Laravel\\agenda\\agenda\\vendor\\symfony\\console\\Application.php:659)
[stacktrace]
#0 F:\\Coding\\Web\\Laravel\\agenda\\agenda\\vendor\\symfony\\console\\Application.php(708): Symfony\\Component\\Console\\Application->findNamespace('migration')
#1 F:\\Coding\\Web\\Laravel\\agenda\\agenda\\vendor\\symfony\\console\\Application.php(283): Symfony\\Component\\Console\\Application->find('migration:clear')
#2 F:\\Coding\\Web\\Laravel\\agenda\\agenda\\vendor\\symfony\\console\\Application.php(192): Symfony\\Component\\Console\\Application->doRun(Object(Symfony\\Component\\Console\\Input\\ArgvInput), Object(Symfony\\Component\\Console\\Output\\ConsoleOutput))
#3 F:\\Coding\\Web\\Laravel\\agenda\\agenda\\vendor\\laravel\\framework\\src\\Illuminate\\Foundation\\Console\\Kernel.php(197): Symfony\\Component\\Console\\Application->run(Object(Symfony\\Component\\Console\\Input\\ArgvInput), Object(Symfony\\Component\\Console\\Output\\ConsoleOutput))
#4 F:\\Coding\\Web\\Laravel\\agenda\\agenda\\vendor\\laravel\\framework\\src\\Illuminate\\Foundation\\Application.php(1234): Illuminate\\Foundation\\Console\\Kernel->handle(Object(Symfony\\Component\\Console\\Input\\ArgvInput), Object(Symfony\\Component\\Console\\Output\\ConsoleOutput))
#5 F:\\Coding\\Web\\Laravel\\agenda\\agenda\\artisan(16): Illuminate\\Foundation\\Application->handleCommand(Object(Symfony\\Component\\Console\\Input\\ArgvInput))
#6 {main}
"} 
[2025-09-11 12:37:15] local.ERROR: Command "servegit" is not defined. {"exception":"[object] (Symfony\\Component\\Console\\Exception\\CommandNotFoundException(code: 0): Command \"servegit\" is not defined. at F:\\Coding\\Web\\Laravel\\agenda\\agenda\\vendor\\symfony\\console\\Application.php:725)
[stacktrace]
#0 F:\\Coding\\Web\\Laravel\\agenda\\agenda\\vendor\\symfony\\console\\Application.php(283): Symfony\\Component\\Console\\Application->find('servegit')
#1 F:\\Coding\\Web\\Laravel\\agenda\\agenda\\vendor\\symfony\\console\\Application.php(192): Symfony\\Component\\Console\\Application->doRun(Object(Symfony\\Component\\Console\\Input\\ArgvInput), Object(Symfony\\Component\\Console\\Output\\ConsoleOutput))
#2 F:\\Coding\\Web\\Laravel\\agenda\\agenda\\vendor\\laravel\\framework\\src\\Illuminate\\Foundation\\Console\\Kernel.php(197): Symfony\\Component\\Console\\Application->run(Object(Symfony\\Component\\Console\\Input\\ArgvInput), Object(Symfony\\Component\\Console\\Output\\ConsoleOutput))
#3 F:\\Coding\\Web\\Laravel\\agenda\\agenda\\vendor\\laravel\\framework\\src\\Illuminate\\Foundation\\Application.php(1234): Illuminate\\Foundation\\Console\\Kernel->handle(Object(Symfony\\Component\\Console\\Input\\ArgvInput), Object(Symfony\\Component\\Console\\Output\\ConsoleOutput))
#4 F:\\Coding\\Web\\Laravel\\agenda\\agenda\\artisan(16): Illuminate\\Foundation\\Application->handleCommand(Object(Symfony\\Component\\Console\\Input\\ArgvInput))
#5 {main}
"} 
